{"event":"start","level":"INFO","message":"バックアップ開始","mode":"archive","target":"/samba/share/CD","ts":"2026-09-19T12:32:50Z"}
{"event":"archive_start","level":"INFO","message":"圧縮開始","output":"/tmp/CD_20260919_123250.tar.gz","target":"/samba/share/CD","ts":"2026-09-19T12:32:50Z"}
{"event":"archive_complete","level":"INFO","message":"圧縮完了: 736.2 MB","path":"/tmp/CD_20260919_123250.tar.gz","sha256":"d0f80e6401122c471e1e99aa031bd06ac96160a04ae926a126bd98754ae011ac","size":772004836,"ts":"2026-09-19T12:33:05Z"}
{"count":1,"dir":"/tmp","event":"rotation_not_needed","keep":5,"level":"INFO","message":"世代管理不要 (保持数以内)","pattern":"CD_*.tar.gz","ts":"2026-09-19T12:33:05Z"}
{"deleted_count":0,"dir":"/tmp","event":"rotation_complete","keep":5,"level":"INFO","message":"世代管理完了: 保持数 5 / 削除件数 0","pattern":"CD_*.tar.gz","ts":"2026-09-19T12:33:05Z"}
{"event":"keep_local","level":"INFO","message":"転送未実装のためローカル保持: 有効","ts":"2026-09-19T12:33:05Z"}
{"duration_sec":15.115428111,"event":"success","level":"INFO","message":"バックアップ成功 (所要時間 15s)","size":772004836,"ts":"2026-09-19T12:33:05Z"}
{"event":"start","level":"INFO","message":"バックアップ開始","mode":"archive","target":"/samba/share/CD","ts":"2026-09-19T12:33:05Z"}
{"event":"archive_start","level":"INFO","message":"圧縮開始","output":"/tmp/CD_20260919_123305.tar.gz","target":"/samba/share/CD","ts":"2026-09-19T12:33:05Z"}
{"event":"archive_complete","level":"INFO","message":"圧縮完了: 736.2 MB","path":"/tmp/CD_20260919_123305.tar.gz","sha256":"d0f80e6401122c471e1e99aa031bd06ac96160a04ae926a126bd98754ae011ac","size":772004836,"ts":"2026-09-19T12:33:15Z"}
{"count":2,"dir":"/tmp","event":"rotation_not_needed","keep":5,"level":"INFO","message":"世代管理不要 (保持数以内)","pattern":"CD_*.tar.gz","ts":"2026-09-19T12:33:15Z"}
{"deleted_count":0,"dir":"/tmp","event":"rotation_complete","keep":5,"level":"INFO","message":"世代管理完了: 保持数 5 / 削除件数 0","pattern":"CD_*.tar.gz","ts":"2026-09-19T12:33:15Z"}
{"event":"keep_local","level":"INFO","message":"転送未実装のためローカル保持: 有効","ts":"2026-09-19T12:33:15Z"}
{"duration_sec":10.647097226,"event":"success","level":"INFO","message":"バックアップ成功 (所要時間 11s)","size":772004836,"ts":"2026-09-19T12:33:15Z"}
{"event":"start","level":"INFO","message":"バックアップ開始","mode":"archive","target":"/samba/share/CD","ts":"2026-09-19T12:33:15Z"}
{"event":"archive_start","level":"INFO","message":"圧縮開始","output":"/tmp/CD_20260919_123315.tar.gz","target":"/samba/share/CD","ts":"2026-09-19T12:33:15Z"}
{"event":"failed","level":"ERROR","message":"バックアップ失敗: アーカイブ作成失敗: write /tmp/CD_20260919_123315.tar.gz: disk quota exceeded","ts":"2026-09-19T12:33:16Z"}
{"event":"start","level":"INFO","message":"バックアップ開始","mode":"archive","target":"/samba/share/CD","ts":"2026-09-19T12:33:20Z"}
{"event":"archive_start","level":"INFO","message":"圧縮開始","output":"/tmp/CD_20260919_123320.tar.gz","target":"/samba/share/CD","ts":"2026-09-19T12:33:20Z"}
{"event":"failed","level":"ERROR","message":"バックアップ失敗: アーカイブ作成失敗: write /tmp/CD_20260919_123320.tar.gz: disk quota exceeded","ts":"2026-09-19T12:33:20Z"}
{"event":"start","level":"INFO","message":"バックアップ開始","mode":"archive","target":"/samba/share/CD","ts":"2026-09-19T12:33:30Z"}
{"event":"archive_start","level":"INFO","message":"圧縮開始","output":"/tmp/CD_20260919_123330.tar.gz","target":"/samba/share/CD","ts":"2026-09-19T12:33:30Z"}
{"event":"failed","level":"ERROR","message":"バックアップ失敗: アーカイブ作成失敗: write /tmp/CD_20260919_123330.tar.gz: disk quota exceeded","ts":"2026-09-19T12:33:30Z"}
{"event":"start","level":"INFO","message":"バックアップ開始","mode":"archive","target":"/samba/share/CD","ts":"2026-09-19T12:33:40Z"}
{"event":"archive_start","level":"INFO","message":"圧縮開始","output":"/tmp/CD_20260919_123340.tar.gz","target":"/samba/share/CD","ts":"2026-09-19T12:33:40Z"}
{"event":"failed","level":"ERROR","message":"バックアップ失敗: アーカイブ作成失敗: write /tmp/CD_20260919_123340.tar.gz: disk quota exceeded","ts":"2026-09-19T12:33:40Z"}
{"event":"start","level":"INFO","message":"バックアップ開始","mode":"archive","target":"/samba/share/CD","ts":"2026-09-19T12:33:53Z"}
{"event":"archive_start","level":"INFO","message":"圧縮開始","output":"/tmp/CD_20260919_123353.tar.gz","target":"/samba/share/CD","ts":"2026-09-19T12:33:53Z"}
{"event":"failed","level":"ERROR","message":"バックアップ失敗: アーカイブ作成失敗: write /tmp/CD_20260919_123353.tar.gz: disk quota exceeded","ts":"2026-09-19T12:33:53Z"}
{"event":"start","level":"INFO","message":"バックアップ開始","mode":"archive","target":"/samba/share/CD","ts":"2026-09-19T12:34:03Z"}
{"event":"archive_start","level":"INFO","message":"圧縮開始","output":"/tmp/CD_20260919_123403.tar.gz","target":"/samba/share/CD","ts":"2026-09-19T12:34:03Z"}
{"event":"failed","level":"ERROR","message":"バックアップ失敗: アーカイブ作成失敗: write /tmp/CD_20260919_123403.tar.gz: disk quota exceeded","ts":"2026-09-19T12:34:04Z"}
{"event":"start","level":"INFO","message":"バックアップ開始","mode":"archive","target":"/samba/share/CD","ts":"2026-09-19T12:34:13Z"}
{"event":"archive_start","level":"INFO","message":"圧縮開始","output":"/tmp/CD_20260919_123413.tar.gz","target":"/samba/share/CD","ts":"2026-09-19T12:34:13Z"}
{"event":"failed","level":"ERROR","message":"バックアップ失敗: アーカイブ作成失敗: write /tmp/CD_20260919_123413.tar.gz: disk quota exceeded","ts":"2026-09-19T12:34:13Z"}
{"event":"start","level":"INFO","message":"バックアップ開始","mode":"archive","target":"/samba/share/CD","ts":"2026-09-19T12:34:23Z"}
{"event":"archive_start","level":"INFO","message":"圧縮開始","output":"/tmp/CD_20260919_123423.tar.gz","target":"/samba/share/CD","ts":"2026-09-19T12:34:23Z"}
{"event":"failed","level":"ERROR","message":"バックアップ失敗: アーカイブ作成失敗: write /tmp/CD_20260919_123423.tar.gz: disk quota exceeded","ts":"2026-09-19T12:34:23Z"}
{"event":"start","level":"INFO","message":"バックアップ開始","mode":"archive","target":"/samba/share/CD","ts":"2026-09-19T12:34:33Z"}
{"event":"archive_start","level":"INFO","message":"圧縮開始","output":"/tmp/CD_20260919_123433.tar.gz","target":"/samba/share/CD","ts":"2026-09-19T12:34:33Z"}
{"event":"failed","level":"ERROR","message":"バックアップ失敗: アーカイブ作成失敗: write /tmp/CD_20260919_123433.tar.gz: disk quota exceeded","ts":"2026-09-19T12:34:33Z"}
{"event":"start","level":"INFO","message":"バックアップ開始","mode":"archive","target":"/samba/share/CD","ts":"2026-09-19T12:34:36Z"}
{"event":"archive_start","level":"INFO","message":"圧縮開始","output":"/tmp/CD_20260919_123436.tar.gz","target":"/samba/share/CD","ts":"2026-09-19T12:34:36Z"}
{"event":"failed","level":"ERROR","message":"バックアップ失敗: アーカイブ作成失敗: write /tmp/CD_20260919_123436.tar.gz: disk quota exceeded","ts":"2026-09-19T12:34:37Z"}
{"event":"start","level":"INFO","message":"バックアップ開始","mode":"archive","target":"/samba/share/CD","ts":"2026-09-19T12:36:50Z"}
{"event":"archive_start","level":"INFO","message":"圧縮開始","output":"/samba/share/Kizuna-Backup/Kizuna-Backup-LITE/tmp/CD_20260919_123650.tar.gz","target":"/samba/share/CD","ts":"2026-09-19T12:36:50Z"}
{"event":"archive_complete","level":"INFO","message":"圧縮完了: 736.2 MB","path":"/samba/share/Kizuna-Backup/Kizuna-Backup-LITE/tmp/CD_20260919_123650.tar.gz","sha256":"d0f80e6401122c471e1e99aa031bd06ac96160a04ae926a126bd98754ae011ac","size":772004836,"ts":"2026-09-19T12:37:01Z"}
{"count":1,"dir":"/samba/share/Kizuna-Backup/Kizuna-Backup-LITE/tmp","event":"rotation_not_needed","keep":5,"level":"INFO","message":"世代管理不要 (保持数以内)","pattern":"CD_*.tar.gz","ts":"2026-09-19T12:37:01Z"}
{"deleted_count":0,"dir":"/samba/share/Kizuna-Backup/Kizuna-Backup-LITE/tmp","event":"rotation_complete","keep":5,"level":"INFO","message":"世代管理完了: 保持数 5 / 削除件数 0","pattern":"CD_*.tar.gz","ts":"2026-09-19T12:37:01Z"}
{"event":"keep_local","level":"INFO","message":"転送未実装のためローカル保持: 有効","ts":"2026-09-19T12:37:01Z"}
{"duration_sec":10.894880473,"event":"success","level":"INFO","message":"バックアップ成功 (所要時間 11s)","size":772004836,"ts":"2026-09-19T12:37:01Z"}
{"event":"start","level":"INFO","message":"バックアップ開始","mode":"archive","target":"/samba/share/CD","ts":"2026-09-19T12:49:16Z"}
{"event":"archive_start","level":"INFO","message":"圧縮開始","output":"/samba/share/Kizuna-Backup/Kizuna-Backup-LITE/tmp/CD_20260919_124916.tar.gz","target":"/samba/share/CD","ts":"2026-09-19T12:49:16Z"}
{"event":"archive_complete","level":"INFO","message":"圧縮完了: 736.2 MB","path":"/samba/share/Kizuna-Backup/Kizuna-Backup-LITE/tmp/CD_20260919_124916.tar.gz","sha256":"d0f80e6401122c471e1e99aa031bd06ac96160a04ae926a126bd98754ae011ac","size":772004836,"ts":"2026-09-19T12:49:27Z"}
{"dest":"user@localhost","dir":"/srv/kizuna-backup-test","event":"transfer_start","level":"INFO","message":"転送開始","ts":"2026-09-19T12:49:27Z"}
{"event":"failed","level":"ERROR","message":"バックアップ失敗: 転送失敗: rsync 失敗: exit status 1 (The --contimeout option may only be used when connecting to an rsync daemon.\nrsync error: syntax or usage error (code 1) at main.c(1570) [sender=3.4.1])","ts":"2026-09-19T12:49:27Z"}
{"event":"start","level":"INFO","message":"バックアップ開始","mode":"archive","target":"/samba/share/CD","ts":"2026-09-19T12:50:16Z"}
{"event":"archive_start","level":"INFO","message":"圧縮開始","output":"/samba/share/Kizuna-Backup/Kizuna-Backup-LITE/tmp/CD_20260919_125016.tar.gz","target":"/samba/share/CD","ts":"2026-09-19T12:50:16Z"}
{"event":"archive_complete","level":"INFO","message":"圧縮完了: 736.2 MB","path":"/samba/share/Kizuna-Backup/Kizuna-Backup-LITE/tmp/CD_20260919_125016.tar.gz","sha256":"d0f80e6401122c471e1e99aa031bd06ac96160a04ae926a126bd98754ae011ac","size":772004836,"ts":"2026-09-19T12:50:33Z"}
{"dest":"user@localhost","dir":"/srv/kizuna-backup-test","event":"transfer_start","level":"INFO","message":"転送開始","ts":"2026-09-19T12:50:33Z"}
{"event":"failed","level":"ERROR","message":"バックアップ失敗: 転送失敗: rsync 失敗: exit status 1 (The --contimeout option may only be used when connecting to an rsync daemon.\nrsync error: syntax or usage error (code 1) at main.c(1570) [sender=3.4.1])","ts":"2026-09-19T12:50:33Z"}
{"event":"start","level":"INFO","message":"バックアップ開始","mode":"archive","target":"/samba/share/CD","ts":"2026-09-19T12:51:16Z"}
{"event":"archive_start","level":"INFO","message":"圧縮開始","output":"/samba/share/Kizuna-Backup/Kizuna-Backup-LITE/tmp/CD_20260919_125116.tar.gz","target":"/samba/share/CD","ts":"2026-09-19T12:51:16Z"}
{"event":"archive_complete","level":"INFO","message":"圧縮完了: 736.2 MB","path":"/samba/share/Kizuna-Backup/Kizuna-Backup-LITE/tmp/CD_20260919_125116.tar.gz","sha256":"d0f80e6401122c471e1e99aa031bd06ac96160a04ae926a126bd98754ae011ac","size":772004836,"ts":"2026-09-19T12:51:35Z"}
{"dest":"user@localhost","dir":"/srv/kizuna-backup-test","event":"transfer_start","level":"INFO","message":"転送開始","ts":"2026-09-19T12:51:35Z"}
{"event":"failed","level":"ERROR","message":"バックアップ失敗: 転送失敗: rsync 失敗: exit status 1 (The --contimeout option may only be used when connecting to an rsync daemon.\nrsync error: syntax or usage error (code 1) at main.c(1570) [sender=3.4.1])","ts":"2026-09-19T12:51:37Z"}
{"event":"start","level":"INFO","message":"バックアップ開始","mode":"archive","target":"/samba/share/CD","ts":"2026-09-19T12:51:48Z"}
{"event":"archive_start","level":"INFO","message":"圧縮開始","output":"/samba/share/Kizuna-Backup/Kizuna-Backup-LITE/tmp/CD_20260919_125148.tar.gz","target":"/samba/share/CD","ts":"2026-09-19T12:51:48Z"}
{"event":"archive_complete","level":"INFO","message":"圧縮完了: 736.2 MB","path":"/samba/share/Kizuna-Backup/Kizuna-Backup-LITE/tmp/CD_20260919_125148.tar.gz","sha256":"d0f80e6401122c471e1e99aa031bd06ac96160a04ae926a126bd98754ae011ac","size":772004836,"ts":"2026-09-19T12:52:00Z"}
{"dest":"user@localhost","dir":"/srv/kizuna-backup-test","event":"transfer_start","level":"INFO","message":"転送開始","ts":"2026-09-19T12:52:00Z"}
{"dest":"user@localhost","event":"transfer_complete","level":"INFO","message":"転送完了","path":"/srv/kizuna-backup-test/CD_20260919_125148.tar.gz","ts":"2026-09-19T12:52:35Z"}
{"count":1,"dir":"/samba/share/Kizuna-Backup/Kizuna-Backup-LITE/tmp","event":"rotation_not_needed","keep":3,"level":"INFO","message":"世代管理不要 (保持数以内)","pattern":"CD_*.tar.gz","ts":"2026-09-19T12:52:35Z"}
{"deleted_count":0,"dir":"/samba/share/Kizuna-Backup/Kizuna-Backup-LITE/tmp","event":"rotation_complete","keep":3,"level":"INFO","message":"世代管理完了: 保持数 3 / 削除件数 0","pattern":"CD_*.tar.gz","ts":"2026-09-19T12:52:35Z"}
{"event":"remote_rotation_not_needed","keep":3,"level":"INFO","message":"リモート世代管理不要 (保持数以内)","pattern":"CD_*.tar.gz","remote_dir":"/srv/kizuna-backup-test","ts":"2026-09-19T12:52:35Z"}
{"deleted_count":0,"event":"remote_rotation_complete","keep":3,"level":"INFO","message":"リモート世代管理完了: 保持数 3 / 削除件数 0","pattern":"CD_*.tar.gz","remote_dir":"/srv/kizuna-backup-test","ts":"2026-09-19T12:52:35Z"}
{"event":"local_cleanup","level":"INFO","message":"ローカルアーカイブ削除","path":"/samba/share/Kizuna-Backup/Kizuna-Backup-LITE/tmp/CD_20260919_125148.tar.gz","ts":"2026-09-19T12:52:35Z"}
{"duration_sec":46.972676473,"event":"success","level":"INFO","message":"バックアップ成功 (所要時間 47s)","size":772004836,"ts":"2026-09-19T12:52:35Z"}
{"event":"start","level":"INFO","message":"バックアップ開始","mode":"archive","target":"/samba/share/CD","ts":"2026-09-19T12:52:48Z"}
{"event":"archive_start","level":"INFO","message":"圧縮開始","output":"/samba/share/Kizuna-Backup/Kizuna-Backup-LITE/tmp/CD_20260919_125248.tar.gz","target":"/samba/share/CD","ts":"2026-09-19T12:52:48Z"}
{"event":"archive_complete","level":"INFO","message":"圧縮完了: 736.2 MB","path":"/samba/share/Kizuna-Backup/Kizuna-Backup-LITE/tmp/CD_20260919_125248.tar.gz","sha256":"d0f80e6401122c471e1e99aa031bd06ac96160a04ae926a126bd98754ae011ac","size":772004836,"ts":"2026-09-19T12:52:59Z"}
{"dest":"user@localhost","dir":"/srv/kizuna-backup-test","event":"transfer_start","level":"INFO","message":"転送開始","ts":"2026-09-19T12:52:59Z"}
{"event":"failed","level":"ERROR","message":"バックアップ失敗: 転送失敗: rsync 失敗: exit status 23 (sending incremental file list\nrsync: [sender] link_stat \"/samba/share/Kizuna-Backup/Kizuna-Backup-LITE/tmp/CD_20260919_125248.tar.gz\" failed: No such file or directory (2)\n\nsent 19 bytes  received 16 bytes  23.33 bytes/sec\ntotal size is 0  speedup is 0.00\nrsync error: some files/attrs were not transferred (see previous errors) (code 23) at main.c(1356) [sender=3.4.1])","ts":"2026-09-19T12:53:00Z"}
{"event":"start","level":"INFO","message":"バックアップ開始","mode":"archive","target":"/samba/share/CD","ts":"2026-09-19T12:53:08Z"}
{"event":"archive_start","level":"INFO","message":"圧縮開始","output":"/samba/share/Kizuna-Backup/Kizuna-Backup-LITE/tmp/CD_20260919_125308.tar.gz","target":"/samba/share/CD","ts":"2026-09-19T12:53:08Z"}
{"event":"archive_complete","level":"INFO","message":"圧縮完了: 736.2 MB","path":"/samba/share/Kizuna-Backup/Kizuna-Backup-LITE/tmp/CD_20260919_125308.tar.gz","sha256":"d0f80e6401122c471e1e99aa031bd06ac96160a04ae926a126bd98754ae011ac","size":772004836,"ts":"2026-09-19T12:53:19Z"}
{"dest":"user@localhost","dir":"/srv/kizuna-backup-test","event":"transfer_start","level":"INFO","message":"転送開始","ts":"2026-09-19T12:53:19Z"}
{"dest":"user@localhost","event":"transfer_complete","level":"INFO","message":"転送完了","path":"/srv/kizuna-backup-test/CD_20260919_125308.tar.gz","ts":"2026-09-19T12:53:52Z"}
{"count":1,"dir":"/samba/share/Kizuna-Backup/Kizuna-Backup-LITE/tmp","event":"rotation_not_needed","keep":3,"level":"INFO","message":"世代管理不要 (保持数以内)","pattern":"CD_*.tar.gz","ts":"2026-09-19T12:53:52Z"}
{"deleted_count":0,"dir":"/samba/share/Kizuna-Backup/Kizuna-Backup-LITE/tmp","event":"rotation_complete","keep":3,"level":"INFO","message":"世代管理完了: 保持数 3 / 削除件数 0","pattern":"CD_*.tar.gz","ts":"2026-09-19T12:53:52Z"}
{"event":"remote_rotation_not_needed","keep":3,"level":"INFO","message":"リモート世代管理不要 (保持数以内)","pattern":"CD_*.tar.gz","remote_dir":"/srv/kizuna-backup-test","ts":"2026-09-19T12:53:52Z"}
{"deleted_count":0,"event":"remote_rotation_complete","keep":3,"level":"INFO","message":"リモート世代管理完了: 保持数 3 / 削除件数 0","pattern":"CD_*.tar.gz","remote_dir":"/srv/kizuna-backup-test","ts":"2026-09-19T12:53:52Z"}
{"event":"local_cleanup","level":"INFO","message":"ローカルアーカイブ削除","path":"/samba/share/Kizuna-Backup/Kizuna-Backup-LITE/tmp/CD_20260919_125308.tar.gz","ts":"2026-09-19T12:53:52Z"}
{"duration_sec":43.997973509,"event":"success","level":"INFO","message":"バックアップ成功 (所要時間 44s)","size":772004836,"ts":"2026-09-19T12:53:52Z"}
{"event":"start","level":"INFO","message":"バックアップ開始","mode":"archive","target":"/samba/share/CD","ts":"2026-09-19T12:54:08Z"}
{"event":"archive_start","level":"INFO","message":"圧縮開始","output":"/samba/share/Kizuna-Backup/Kizuna-Backup-LITE/tmp/CD_20260919_125408.tar.gz","target":"/samba/share/CD","ts":"2026-09-19T12:54:08Z"}
{"event":"archive_complete","level":"INFO","message":"圧縮完了: 736.2 MB","path":"/samba/share/Kizuna-Backup/Kizuna-Backup-LITE/tmp/CD_20260919_125408.tar.gz","sha256":"d0f80e6401122c471e1e99aa031bd06ac96160a04ae926a126bd98754ae011ac","size":772004836,"ts":"2026-09-19T12:54:19Z"}
{"dest":"user@localhost","dir":"/srv/kizuna-backup-test","event":"transfer_start","level":"INFO","message":"転送開始","ts":"2026-09-19T12:54:19Z"}
{"dest":"user@localhost","event":"transfer_complete","level":"INFO","message":"転送完了","path":"/srv/kizuna-backup-test/CD_20260919_125408.tar.gz","ts":"2026-09-19T12:54:53Z"}
{"count":1,"dir":"/samba/share/Kizuna-Backup/Kizuna-Backup-LITE/tmp","event":"rotation_not_needed","keep":3,"level":"INFO","message":"世代管理不要 (保持数以内)","pattern":"CD_*.tar.gz","ts":"2026-09-19T12:54:53Z"}
{"deleted_count":0,"dir":"/samba/share/Kizuna-Backup/Kizuna-Backup-LITE/tmp","event":"rotation_complete","keep":3,"level":"INFO","message":"世代管理完了: 保持数 3 / 削除件数 0","pattern":"CD_*.tar.gz","ts":"2026-09-19T12:54:53Z"}
{"event":"remote_rotation_not_needed","keep":3,"level":"INFO","message":"リモート世代管理不要 (保持数以内)","pattern":"CD_*.tar.gz","remote_dir":"/srv/kizuna-backup-test","ts":"2026-09-19T12:54:54Z"}
{"deleted_count":0,"event":"remote_rotation_complete","keep":3,"level":"INFO","message":"リモート世代管理完了: 保持数 3 / 削除件数 0","pattern":"CD_*.tar.gz","remote_dir":"/srv/kizuna-backup-test","ts":"2026-09-19T12:54:54Z"}
{"event":"local_cleanup","level":"INFO","message":"ローカルアーカイブ削除","path":"/samba/share/Kizuna-Backup/Kizuna-Backup-LITE/tmp/CD_20260919_125408.tar.gz","ts":"2026-09-19T12:54:54Z"}
{"duration_sec":45.423394513,"event":"success","level":"INFO","message":"バックアップ成功 (所要時間 45s)","size":772004836,"ts":"2026-09-19T12:54:54Z"}
{"event":"start","level":"INFO","message":"バックアップ開始","mode":"archive","target":"/samba/share/CD","ts":"2026-09-19T12:55:08Z"}
{"event":"archive_start","level":"INFO","message":"圧縮開始","output":"/samba/share/Kizuna-Backup/Kizuna-Backup-LITE/tmp/CD_20260919_125508.tar.gz","target":"/samba/share/CD","ts":"2026-09-19T12:55:08Z"}
{"event":"archive_complete","level":"INFO","message":"圧縮完了: 736.2 MB","path":"/samba/share/Kizuna-Backup/Kizuna-Backup-LITE/tmp/CD_20260919_125508.tar.gz","sha256":"d0f80e6401122c471e1e99aa031bd06ac96160a04ae926a126bd98754ae011ac","size":772004836,"ts":"2026-09-19T12:55:19Z"}
{"dest":"user@localhost","dir":"/srv/kizuna-backup-test","event":"transfer_start","level":"INFO","message":"転送開始","ts":"2026-09-19T12:55:19Z"}
{"dest":"user@localhost","event":"transfer_complete","level":"INFO","message":"転送完了","path":"/srv/kizuna-backup-test/CD_20260919_125508.tar.gz","ts":"2026-09-19T12:55:51Z"}
{"count":1,"dir":"/samba/share/Kizuna-Backup/Kizuna-Backup-LITE/tmp","event":"rotation_not_needed","keep":3,"level":"INFO","message":"世代管理不要 (保持数以内)","pattern":"CD_*.tar.gz","ts":"2026-09-19T12:55:51Z"}
{"deleted_count":0,"dir":"/samba/share/Kizuna-Backup/Kizuna-Backup-LITE/tmp","event":"rotation_complete","keep":3,"level":"INFO","message":"世代管理完了: 保持数 3 / 削除件数 0","pattern":"CD_*.tar.gz","ts":"2026-09-19T12:55:51Z"}
{"event":"remote_rotation_not_needed","keep":3,"level":"INFO","message":"リモート世代管理不要 (保持数以内)","pattern":"CD_*.tar.gz","remote_dir":"/srv/kizuna-backup-test","ts":"2026-09-19T12:55:56Z"}
{"deleted_count":0,"event":"remote_rotation_complete","keep":3,"level":"INFO","message":"リモート世代管理完了: 保持数 3 / 削除件数 0","pattern":"CD_*.tar.gz","remote_dir":"/srv/kizuna-backup-test","ts":"2026-09-19T12:55:56Z"}
{"event":"local_cleanup","level":"INFO","message":"ローカルアーカイブ削除","path":"/samba/share/Kizuna-Backup/Kizuna-Backup-LITE/tmp/CD_20260919_125508.tar.gz","ts":"2026-09-19T12:55:56Z"}
{"duration_sec":47.37852371,"event":"success","level":"INFO","message":"バックアップ成功 (所要時間 47s)","size":772004836,"ts":"2026-09-19T12:55:56Z"}
{"event":"start","level":"INFO","message":"バックアップ開始","mode":"archive","target":"/samba/share/CD","ts":"2026-09-19T12:56:08Z"}
{"event":"archive_start","level":"INFO","message":"圧縮開始","output":"/samba/share/Kizuna-Backup/Kizuna-Backup-LITE/tmp/CD_20260919_125608.tar.gz","target":"/samba/share/CD","ts":"2026-09-19T12:56:08Z"}
{"event":"archive_complete","level":"INFO","message":"圧縮完了: 736.2 MB","path":"/samba/share/Kizuna-Backup/Kizuna-Backup-LITE/tmp/CD_20260919_125608.tar.gz","sha256":"d0f80e6401122c471e1e99aa031bd06ac96160a04ae926a126bd98754ae011ac","size":772004836,"ts":"2026-09-19T12:56:19Z"}
{"dest":"user@localhost","dir":"/srv/kizuna-backup-test","event":"transfer_start","level":"INFO","message":"転送開始","ts":"2026-09-19T12:56:19Z"}
{"dest":"user@localhost","event":"transfer_complete","level":"INFO","message":"転送完了","path":"/srv/kizuna-backup-test/CD_20260919_125608.tar.gz","ts":"2026-09-19T12:56:51Z"}
{"count":1,"dir":"/samba/share/Kizuna-Backup/Kizuna-Backup-LITE/tmp","event":"rotation_not_needed","keep":3,"level":"INFO","message":"世代管理不要 (保持数以内)","pattern":"CD_*.tar.gz","ts":"2026-09-19T12:56:51Z"}
{"deleted_count":0,"dir":"/samba/share/Kizuna-Backup/Kizuna-Backup-LITE/tmp","event":"rotation_complete","keep":3,"level":"INFO","message":"世代管理完了: 保持数 3 / 削除件数 0","pattern":"CD_*.tar.gz","ts":"2026-09-19T12:56:51Z"}
{"event":"remote_rotation_not_needed","keep":3,"level":"INFO","message":"リモート世代管理不要 (保持数以内)","pattern":"CD_*.tar.gz","remote_dir":"/srv/kizuna-backup-test","ts":"2026-09-19T12:56:51Z"}
{"deleted_count":0,"event":"remote_rotation_complete","keep":3,"level":"INFO","message":"リモート世代管理完了: 保持数 3 / 削除件数 0","pattern":"CD_*.tar.gz","remote_dir":"/srv/kizuna-backup-test","ts":"2026-09-19T12:56:51Z"}
{"event":"local_cleanup","level":"INFO","message":"ローカルアーカイブ削除","path":"/samba/share/Kizuna-Backup/Kizuna-Backup-LITE/tmp/CD_20260919_125608.tar.gz","ts":"2026-09-19T12:56:51Z"}
{"duration_sec":42.811585112,"event":"success","level":"INFO","message":"バックアップ成功 (所要時間 43s)","size":772004836,"ts":"2026-09-19T12:56:51Z"}
{"event":"start","level":"INFO","message":"バックアップ開始","mode":"archive","target":"/samba/share/CD","ts":"2026-09-19T12:57:08Z"}
{"event":"archive_start","level":"INFO","message":"圧縮開始","output":"/samba/share/Kizuna-Backup/Kizuna-Backup-LITE/tmp/CD_20260919_125708.tar.gz","target":"/samba/share/CD","ts":"2026-09-19T12:57:08Z"}
{"event":"archive_complete","level":"INFO","message":"圧縮完了: 736.2 MB","path":"/samba/share/Kizuna-Backup/Kizuna-Backup-LITE/tmp/CD_20260919_125708.tar.gz","sha256":"d0f80e6401122c471e1e99aa031bd06ac96160a04ae926a126bd98754ae011ac","size":772004836,"ts":"2026-09-19T12:57:19Z"}
{"dest":"user@localhost","dir":"/srv/kizuna-backup-test","event":"transfer_start","level":"INFO","message":"転送開始","ts":"2026-09-19T12:57:19Z"}
{"dest":"user@localhost","event":"transfer_complete","level":"INFO","message":"転送完了","path":"/srv/kizuna-backup-test/CD_20260919_125708.tar.gz","ts":"2026-09-19T12:57:54Z"}
{"count":1,"dir":"/samba/share/Kizuna-Backup/Kizuna-Backup-LITE/tmp","event":"rotation_not_needed","keep":3,"level":"INFO","message":"世代管理不要 (保持数以内)","pattern":"CD_*.tar.gz","ts":"2026-09-19T12:57:54Z"}
{"deleted_count":0,"dir":"/samba/share/Kizuna-Backup/Kizuna-Backup-LITE/tmp","event":"rotation_complete","keep":3,"level":"INFO","message":"世代管理完了: 保持数 3 / 削除件数 0","pattern":"CD_*.tar.gz","ts":"2026-09-19T12:57:54Z"}
{"event":"remote_rotation_not_needed","keep":3,"level":"INFO","message":"リモート世代管理不要 (保持数以内)","pattern":"CD_*.tar.gz","remote_dir":"/srv/kizuna-backup-test","ts":"2026-09-19T12:57:54Z"}
{"deleted_count":0,"event":"remote_rotation_complete","keep":3,"level":"INFO","message":"リモート世代管理完了: 保持数 3 / 削除件数 0","pattern":"CD_*.tar.gz","remote_dir":"/srv/kizuna-backup-test","ts":"2026-09-19T12:57:54Z"}
{"event":"local_cleanup","level":"INFO","message":"ローカルアーカイブ削除","path":"/samba/share/Kizuna-Backup/Kizuna-Backup-LITE/tmp/CD_20260919_125708.tar.gz","ts":"2026-09-19T12:57:54Z"}
{"duration_sec":45.69678169,"event":"success","level":"INFO","message":"バックアップ成功 (所要時間 46s)","size":772004836,"ts":"2026-09-19T12:57:54Z"}
{"event":"start","level":"INFO","message":"バックアップ開始","mode":"archive","target":"/samba/share/CD","ts":"2026-09-19T12:57:58Z"}
{"event":"archive_start","level":"INFO","message":"圧縮開始","output":"/samba/share/Kizuna-Backup/Kizuna-Backup-LITE/tmp/CD_20260919_125758.tar.gz","target":"/samba/share/CD","ts":"2026-09-19T12:57:58Z"}
{"event":"archive_complete","level":"INFO","message":"圧縮完了: 736.2 MB","path":"/samba/share/Kizuna-Backup/Kizuna-Backup-LITE/tmp/CD_20260919_125758.tar.gz","sha256":"d0f80e6401122c471e1e99aa031bd06ac96160a04ae926a126bd98754ae011ac","size":772004836,"ts":"2026-09-19T12:58:09Z"}
{"dest":"user@localhost","dir":"/srv/kizuna-backup-test","event":"transfer_start","level":"INFO","message":"転送開始","ts":"2026-09-19T12:58:09Z"}
{"dest":"user@localhost","event":"transfer_complete","level":"INFO","message":"転送完了","path":"/srv/kizuna-backup-test/CD_20260919_125758.tar.gz","ts":"2026-09-19T12:58:43Z"}
{"count":1,"dir":"/samba/share/Kizuna-Backup/Kizuna-Backup-LITE/tmp","event":"rotation_not_needed","keep":3,"level":"INFO","message":"世代管理不要 (保持数以内)","pattern":"CD_*.tar.gz","ts":"2026-09-19T12:58:43Z"}
{"deleted_count":0,"dir":"/samba/share/Kizuna-Backup/Kizuna-Backup-LITE/tmp","event":"rotation_complete","keep":3,"level":"INFO","message":"世代管理完了: 保持数 3 / 削除件数 0","pattern":"CD_*.tar.gz","ts":"2026-09-19T12:58:43Z"}
{"event":"remote_rotation_not_needed","keep":3,"level":"INFO","message":"リモート世代管理不要 (保持数以内)","pattern":"CD_*.tar.gz","remote_dir":"/srv/kizuna-backup-test","ts":"2026-09-19T12:58:44Z"}
{"deleted_count":0,"event":"remote_rotation_complete","keep":3,"level":"INFO","message":"リモート世代管理完了: 保持数 3 / 削除件数 0","pattern":"CD_*.tar.gz","remote_dir":"/srv/kizuna-backup-test","ts":"2026-09-19T12:58:44Z"}
{"event":"local_cleanup","level":"INFO","message":"ローカルアーカイブ削除","path":"/samba/share/Kizuna-Backup/Kizuna-Backup-LITE/tmp/CD_20260919_125758.tar.gz","ts":"2026-09-19T12:58:44Z"}
{"duration_sec":45.54601175,"event":"success","level":"INFO","message":"バックアップ成功 (所要時間 46s)","size":772004836,"ts":"2026-09-19T12:58:44Z"}
{"event":"start","level":"INFO","message":"バックアップ開始","mode":"archive","target":"/samba/share/CD","ts":"2026-09-19T13:02:37Z"}
{"event":"archive_start","level":"INFO","message":"圧縮開始","output":"/samba/share/Kizuna-Backup/Kizuna-Backup-LITE/tmp/CD_20260919_130237.tar.gz","target":"/samba/share/CD","ts":"2026-09-19T13:02:37Z"}
{"event":"archive_complete","level":"INFO","message":"圧縮完了: 736.2 MB","path":"/samba/share/Kizuna-Backup/Kizuna-Backup-LITE/tmp/CD_20260919_130237.tar.gz","sha256":"d0f80e6401122c471e1e99aa031bd06ac96160a04ae926a126bd98754ae011ac","size":772004836,"ts":"2026-09-19T13:02:48Z"}
{"dest":"user@localhost","dir":"/srv/kizuna-backup-test","event":"transfer_start","level":"INFO","message":"転送開始","ts":"2026-09-19T13:02:48Z"}
{"dest":"user@localhost","event":"transfer_complete","level":"INFO","message":"転送完了","path":"/srv/kizuna-backup-test/CD_20260919_130237.tar.gz","ts":"2026-09-19T13:03:21Z"}
{"count":1,"dir":"/samba/share/Kizuna-Backup/Kizuna-Backup-LITE/tmp","event":"rotation_not_needed","keep":3,"level":"INFO","message":"世代管理不要 (保持数以内)","pattern":"CD_*.tar.gz","ts":"2026-09-19T13:03:21Z"}
{"deleted_count":0,"dir":"/samba/share/Kizuna-Backup/Kizuna-Backup-LITE/tmp","event":"rotation_complete","keep":3,"level":"INFO","message":"世代管理完了: 保持数 3 / 削除件数 0","pattern":"CD_*.tar.gz","ts":"2026-09-19T13:03:21Z"}
{"event":"remote_rotate_delete","level":"INFO","message":"リモート世代管理で削除: CD_20260919_125608.tar.gz","path":"/srv/kizuna-backup-test/CD_20260919_125608.tar.gz","ts":"2026-09-19T13:03:22Z"}
{"event":"remote_rotate_delete","level":"INFO","message":"リモート世代管理で削除: CD_20260919_125508.tar.gz","path":"/srv/kizuna-backup-test/CD_20260919_125508.tar.gz","ts":"2026-09-19T13:03:22Z"}
{"event":"remote_rotate_delete","level":"INFO","message":"リモート世代管理で削除: CD_20260919_125408.tar.gz","path":"/srv/kizuna-backup-test/CD_20260919_125408.tar.gz","ts":"2026-09-19T13:03:23Z"}
{"event":"remote_rotate_delete","level":"INFO","message":"リモート世代管理で削除: CD_20260919_125308.tar.gz","path":"/srv/kizuna-backup-test/CD_20260919_125308.tar.gz","ts":"2026-09-19T13:03:23Z"}
{"deleted_count":4,"event":"remote_rotation_complete","keep":3,"level":"INFO","message":"リモート世代管理完了: 保持数 3 / 削除件数 4","pattern":"CD_*.tar.gz","remote_dir":"/srv/kizuna-backup-test","ts":"2026-09-19T13:03:23Z"}
{"event":"local_cleanup","level":"INFO","message":"ローカルアーカイブ削除","path":"/samba/share/Kizuna-Backup/Kizuna-Backup-LITE/tmp/CD_20260919_130237.tar.gz","ts":"2026-09-19T13:03:23Z"}
{"duration_sec":45.746603066,"event":"success","level":"INFO","message":"バックアップ成功 (所要時間 46s)","size":772004836,"ts":"2026-09-19T13:03:23Z"}
{"event":"start","level":"INFO","message":"バックアップ開始","mode":"archive","target":"/samba/share/CD","ts":"2026-09-19T14:02:37Z"}
{"event":"archive_start","level":"INFO","message":"圧縮開始","output":"/samba/share/Kizuna-Backup/Kizuna-Backup-LITE/tmp/CD_20260919_140237.tar.gz","target":"/samba/share/CD","ts":"2026-09-19T14:02:37Z"}
{"event":"archive_complete","level":"INFO","message":"圧縮完了: 736.2 MB","path":"/samba/share/Kizuna-Backup/Kizuna-Backup-LITE/tmp/CD_20260919_140237.tar.gz","sha256":"d0f80e6401122c471e1e99aa031bd06ac96160a04ae926a126bd98754ae011ac","size":772004836,"ts":"2026-09-19T14:02:48Z"}
{"dest":"user@localhost","dir":"/srv/kizuna-backup-test","event":"transfer_start","level":"INFO","message":"転送開始","ts":"2026-09-19T14:02:48Z"}
{"dest":"user@localhost","event":"transfer_complete","level":"INFO","message":"転送完了","path":"/srv/kizuna-backup-test/CD_20260919_140237.tar.gz","ts":"2026-09-19T14:03:22Z"}
{"count":1,"dir":"/samba/share/Kizuna-Backup/Kizuna-Backup-LITE/tmp","event":"rotation_not_needed","keep":3,"level":"INFO","message":"世代管理不要 (保持数以内)","pattern":"CD_*.tar.gz","ts":"2026-09-19T14:03:22Z"}
{"deleted_count":0,"dir":"/samba/share/Kizuna-Backup/Kizuna-Backup-LITE/tmp","event":"rotation_complete","keep":3,"level":"INFO","message":"世代管理完了: 保持数 3 / 削除件数 0","pattern":"CD_*.tar.gz","ts":"2026-09-19T14:03:22Z"}
{"event":"remote_rotate_delete","level":"INFO","message":"リモート世代管理で削除: CD_20260919_125708.tar.gz","path":"/srv/kizuna-backup-test/CD_20260919_125708.tar.gz","ts":"2026-09-19T14:03:23Z"}
{"deleted_count":1,"event":"remote_rotation_complete","keep":3,"level":"INFO","message":"リモート世代管理完了: 保持数 3 / 削除件数 1","pattern":"CD_*.tar.gz","remote_dir":"/srv/kizuna-backup-test","ts":"2026-09-19T14:03:23Z"}
{"event":"local_cleanup","level":"INFO","message":"ローカルアーカイブ削除","path":"/samba/share/Kizuna-Backup/Kizuna-Backup-LITE/tmp/CD_20260919_140237.tar.gz","ts":"2026-09-19T14:03:23Z"}
{"duration_sec":45.776571393,"event":"success","level":"INFO","message":"バックアップ成功 (所要時間 46s)","size":772004836,"ts":"2026-09-19T14:03:23Z"}
{"event":"start","level":"INFO","message":"バックアップ開始","mode":"archive","target":"/samba/share/CD","ts":"2026-09-19T15:02:37Z"}
{"event":"archive_start","level":"INFO","message":"圧縮開始","output":"/samba/share/Kizuna-Backup/Kizuna-Backup-LITE/tmp/CD_20260919_150237.tar.gz","target":"/samba/share/CD","ts":"2026-09-19T15:02:37Z"}
{"event":"archive_complete","level":"INFO","message":"圧縮完了: 736.2 MB","path":"/samba/share/Kizuna-Backup/Kizuna-Backup-LITE/tmp/CD_20260919_150237.tar.gz","sha256":"d0f80e6401122c471e1e99aa031bd06ac96160a04ae926a126bd98754ae011ac","size":772004836,"ts":"2026-09-19T15:02:48Z"}
{"dest":"user@localhost","dir":"/srv/kizuna-backup-test","event":"transfer_start","level":"INFO","message":"転送開始","ts":"2026-09-19T15:02:48Z"}
{"dest":"user@localhost","event":"transfer_complete","level":"INFO","message":"転送完了","path":"/srv/kizuna-backup-test/CD_20260919_150237.tar.gz","ts":"2026-09-19T15:03:21Z"}
{"count":1,"dir":"/samba/share/Kizuna-Backup/Kizuna-Backup-LITE/tmp","event":"rotation_not_needed","keep":3,"level":"INFO","message":"世代管理不要 (保持数以内)","pattern":"CD_*.tar.gz","ts":"2026-09-19T15:03:21Z"}
{"deleted_count":0,"dir":"/samba/share/Kizuna-Backup/Kizuna-Backup-LITE/tmp","event":"rotation_complete","keep":3,"level":"INFO","message":"世代管理完了: 保持数 3 / 削除件数 0","pattern":"CD_*.tar.gz","ts":"2026-09-19T15:03:21Z"}
{"event":"remote_rotate_delete","level":"INFO","message":"リモート世代管理で削除: CD_20260919_125758.tar.gz","path":"/srv/kizuna-backup-test/CD_20260919_125758.tar.gz","ts":"2026-09-19T15:03:24Z"}
{"deleted_count":1,"event":"remote_rotation_complete","keep":3,"level":"INFO","message":"リモート世代管理完了: 保持数 3 / 削除件数 1","pattern":"CD_*.tar.gz","remote_dir":"/srv/kizuna-backup-test","ts":"2026-09-19T15:03:24Z"}
{"event":"local_cleanup","level":"INFO","message":"ローカルアーカイブ削除","path":"/samba/share/Kizuna-Backup/Kizuna-Backup-LITE/tmp/CD_20260919_150237.tar.gz","ts":"2026-09-19T15:03:25Z"}
{"duration_sec":47.208861852,"event":"success","level":"INFO","message":"バックアップ成功 (所要時間 47s)","size":772004836,"ts":"2026-09-19T15:03:25Z"}
{"event":"start","level":"INFO","message":"バックアップ開始","mode":"archive","target":"/samba/share/CD","ts":"2026-09-19T16:02:37Z"}
{"event":"archive_start","level":"INFO","message":"圧縮開始","output":"/samba/share/Kizuna-Backup/Kizuna-Backup-LITE/tmp/CD_20260919_160237.tar.gz","target":"/samba/share/CD","ts":"2026-09-19T16:02:37Z"}
{"event":"archive_complete","level":"INFO","message":"圧縮完了: 736.2 MB","path":"/samba/share/Kizuna-Backup/Kizuna-Backup-LITE/tmp/CD_20260919_160237.tar.gz","sha256":"d0f80e6401122c471e1e99aa031bd06ac96160a04ae926a126bd98754ae011ac","size":772004836,"ts":"2026-09-19T16:02:48Z"}
{"dest":"user@localhost","dir":"/srv/kizuna-backup-test","event":"transfer_start","level":"INFO","message":"転送開始","ts":"2026-09-19T16:02:48Z"}
{"dest":"user@localhost","event":"transfer_complete","level":"INFO","message":"転送完了","path":"/srv/kizuna-backup-test/CD_20260919_160237.tar.gz","ts":"2026-09-19T16:03:23Z"}
{"count":1,"dir":"/samba/share/Kizuna-Backup/Kizuna-Backup-LITE/tmp","event":"rotation_not_needed","keep":3,"level":"INFO","message":"世代管理不要 (保持数以内)","pattern":"CD_*.tar.gz","ts":"2026-09-19T16:03:23Z"}
{"deleted_count":0,"dir":"/samba/share/Kizuna-Backup/Kizuna-Backup-LITE/tmp","event":"rotation_complete","keep":3,"level":"INFO","message":"世代管理完了: 保持数 3 / 削除件数 0","pattern":"CD_*.tar.gz","ts":"2026-09-19T16:03:23Z"}
{"event":"remote_rotate_delete","level":"INFO","message":"リモート世代管理で削除: CD_20260919_130237.tar.gz","path":"/srv/kizuna-backup-test/CD_20260919_130237.tar.gz","ts":"2026-09-19T16:03:23Z"}
{"deleted_count":1,"event":"remote_rotation_complete","keep":3,"level":"INFO","message":"リモート世代管理完了: 保持数 3 / 削除件数 1","pattern":"CD_*.tar.gz","remote_dir":"/srv/kizuna-backup-test","ts":"2026-09-19T16:03:23Z"}
{"event":"local_cleanup","level":"INFO","message":"ローカルアーカイブ削除","path":"/samba/share/Kizuna-Backup/Kizuna-Backup-LITE/tmp/CD_20260919_160237.tar.gz","ts":"2026-09-19T16:03:23Z"}
{"duration_sec":45.967264489,"event":"success","level":"INFO","message":"バックアップ成功 (所要時間 46s)","size":772004836,"ts":"2026-09-19T16:03:23Z"}
{"event":"start","level":"INFO","message":"バックアップ開始","mode":"archive","target":"/samba/share/CD","ts":"2026-09-19T17:02:37Z"}
{"event":"archive_start","level":"INFO","message":"圧縮開始","output":"/samba/share/Kizuna-Backup/Kizuna-Backup-LITE/tmp/CD_20260919_170237.tar.gz","target":"/samba/share/CD","ts":"2026-09-19T17:02:37Z"}
{"event":"archive_complete","level":"INFO","message":"圧縮完了: 736.2 MB","path":"/samba/share/Kizuna-Backup/Kizuna-Backup-LITE/tmp/CD_20260919_170237.tar.gz","sha256":"d0f80e6401122c471e1e99aa031bd06ac96160a04ae926a126bd98754ae011ac","size":772004836,"ts":"2026-09-19T17:02:48Z"}
{"dest":"user@localhost","dir":"/srv/kizuna-backup-test","event":"transfer_start","level":"INFO","message":"転送開始","ts":"2026-09-19T17:02:48Z"}
{"dest":"user@localhost","event":"transfer_complete","level":"INFO","message":"転送完了","path":"/srv/kizuna-backup-test/CD_20260919_170237.tar.gz","ts":"2026-09-19T17:03:20Z"}
{"count":1,"dir":"/samba/share/Kizuna-Backup/Kizuna-Backup-LITE/tmp","event":"rotation_not_needed","keep":3,"level":"INFO","message":"世代管理不要 (保持数以内)","pattern":"CD_*.tar.gz","ts":"2026-09-19T17:03:20Z"}
{"deleted_count":0,"dir":"/samba/share/Kizuna-Backup/Kizuna-Backup-LITE/tmp","event":"rotation_complete","keep":3,"level":"INFO","message":"世代管理完了: 保持数 3 / 削除件数 0","pattern":"CD_*.tar.gz","ts":"2026-09-19T17:03:20Z"}
{"event":"remote_rotate_delete","level":"INFO","message":"リモート世代管理で削除: CD_20260919_140237.tar.gz","path":"/srv/kizuna-backup-test/CD_20260919_140237.tar.gz","ts":"2026-09-19T17:03:21Z"}
{"deleted_count":1,"event":"remote_rotation_complete","keep":3,"level":"INFO","message":"リモート世代管理完了: 保持数 3 / 削除件数 1","pattern":"CD_*.tar.gz","remote_dir":"/srv/kizuna-backup-test","ts":"2026-09-19T17:03:21Z"}
{"event":"local_cleanup","level":"INFO","message":"ローカルアーカイブ削除","path":"/samba/share/Kizuna-Backup/Kizuna-Backup-LITE/tmp/CD_20260919_170237.tar.gz","ts":"2026-09-19T17:03:21Z"}
{"duration_sec":43.704123552,"event":"success","level":"INFO","message":"バックアップ成功 (所要時間 44s)","size":772004836,"ts":"2026-09-19T17:03:21Z"}
{"event":"start","level":"INFO","message":"バックアップ開始","mode":"archive","target":"/samba/share/CD","ts":"2026-09-19T18:02:37Z"}
{"event":"archive_start","level":"INFO","message":"圧縮開始","output":"/samba/share/Kizuna-Backup/Kizuna-Backup-LITE/tmp/CD_20260919_180237.tar.gz","target":"/samba/share/CD","ts":"2026-09-19T18:02:37Z"}
{"event":"archive_complete","level":"INFO","message":"圧縮完了: 736.2 MB","path":"/samba/share/Kizuna-Backup/Kizuna-Backup-LITE/tmp/CD_20260919_180237.tar.gz","sha256":"d0f80e6401122c471e1e99aa031bd06ac96160a04ae926a126bd98754ae011ac","size":772004836,"ts":"2026-09-19T18:02:48Z"}
{"dest":"user@localhost","dir":"/srv/kizuna-backup-test","event":"transfer_start","level":"INFO","message":"転送開始","ts":"2026-09-19T18:02:48Z"}
{"dest":"user@localhost","event":"transfer_complete","level":"INFO","message":"転送完了","path":"/srv/kizuna-backup-test/CD_20260919_180237.tar.gz","ts":"2026-09-19T18:03:22Z"}
{"count":1,"dir":"/samba/share/Kizuna-Backup/Kizuna-Backup-LITE/tmp","event":"rotation_not_needed","keep":3,"level":"INFO","message":"世代管理不要 (保持数以内)","pattern":"CD_*.tar.gz","ts":"2026-09-19T18:03:22Z"}
{"deleted_count":0,"dir":"/samba/share/Kizuna-Backup/Kizuna-Backup-LITE/tmp","event":"rotation_complete","keep":3,"level":"INFO","message":"世代管理完了: 保持数 3 / 削除件数 0","pattern":"CD_*.tar.gz","ts":"2026-09-19T18:03:22Z"}
{"event":"remote_rotate_delete","level":"INFO","message":"リモート世代管理で削除: CD_20260919_150237.tar.gz","path":"/srv/kizuna-backup-test/CD_20260919_150237.tar.gz","ts":"2026-09-19T18:03:23Z"}
{"deleted_count":1,"event":"remote_rotation_complete","keep":3,"level":"INFO","message":"リモート世代管理完了: 保持数 3 / 削除件数 1","pattern":"CD_*.tar.gz","remote_dir":"/srv/kizuna-backup-test","ts":"2026-09-19T18:03:23Z"}
{"event":"local_cleanup","level":"INFO","message":"ローカルアーカイブ削除","path":"/samba/share/Kizuna-Backup/Kizuna-Backup-LITE/tmp/CD_20260919_180237.tar.gz","ts":"2026-09-19T18:03:23Z"}
{"duration_sec":45.443135178,"event":"success","level":"INFO","message":"バックアップ成功 (所要時間 45s)","size":772004836,"ts":"2026-09-19T18:03:23Z"}
{"event":"start","level":"INFO","message":"バックアップ開始","mode":"archive","target":"/samba/share/CD","ts":"2026-09-19T19:02:37Z"}
{"event":"archive_start","level":"INFO","message":"圧縮開始","output":"/samba/share/Kizuna-Backup/Kizuna-Backup-LITE/tmp/CD_20260919_190237.tar.gz","target":"/samba/share/CD","ts":"2026-09-19T19:02:37Z"}
{"event":"archive_complete","level":"INFO","message":"圧縮完了: 736.2 MB","path":"/samba/share/Kizuna-Backup/Kizuna-Backup-LITE/tmp/CD_20260919_190237.tar.gz","sha256":"d0f80e6401122c471e1e99aa031bd06ac96160a04ae926a126bd98754ae011ac","size":772004836,"ts":"2026-09-19T19:02:48Z"}
{"dest":"user@localhost","dir":"/srv/kizuna-backup-test","event":"transfer_start","level":"INFO","message":"転送開始","ts":"2026-09-19T19:02:48Z"}
{"dest":"user@localhost","event":"transfer_complete","level":"INFO","message":"転送完了","path":"/srv/kizuna-backup-test/CD_20260919_190237.tar.gz","ts":"2026-09-19T19:03:20Z"}
{"count":1,"dir":"/samba/share/Kizuna-Backup/Kizuna-Backup-LITE/tmp","event":"rotation_not_needed","keep":3,"level":"INFO","message":"世代管理不要 (保持数以内)","pattern":"CD_*.tar.gz","ts":"2026-09-19T19:03:20Z"}
{"deleted_count":0,"dir":"/samba/share/Kizuna-Backup/Kizuna-Backup-LITE/tmp","event":"rotation_complete","keep":3,"level":"INFO","message":"世代管理完了: 保持数 3 / 削除件数 0","pattern":"CD_*.tar.gz","ts":"2026-09-19T19:03:20Z"}
{"event":"remote_rotate_delete","level":"INFO","message":"リモート世代管理で削除: CD_20260919_160237.tar.gz","path":"/srv/kizuna-backup-test/CD_20260919_160237.tar.gz","ts":"2026-09-19T19:03:21Z"}
{"deleted_count":1,"event":"remote_rotation_complete","keep":3,"level":"INFO","message":"リモート世代管理完了: 保持数 3 / 削除件数 1","pattern":"CD_*.tar.gz","remote_dir":"/srv/kizuna-backup-test","ts":"2026-09-19T19:03:21Z"}
{"event":"local_cleanup","level":"INFO","message":"ローカルアーカイブ削除","path":"/samba/share/Kizuna-Backup/Kizuna-Backup-LITE/tmp/CD_20260919_190237.tar.gz","ts":"2026-09-19T19:03:21Z"}
{"duration_sec":43.606614763,"event":"success","level":"INFO","message":"バックアップ成功 (所要時間 44s)","size":772004836,"ts":"2026-09-19T19:03:21Z"}
{"event":"start","level":"INFO","message":"バックアップ開始","mode":"archive","target":"/samba/share/CD","ts":"2026-09-19T20:02:37Z"}
{"event":"archive_start","level":"INFO","message":"圧縮開始","output":"/samba/share/Kizuna-Backup/Kizuna-Backup-LITE/tmp/CD_20260919_200237.tar.gz","target":"/samba/share/CD","ts":"2026-09-19T20:02:37Z"}
{"event":"archive_complete","level":"INFO","message":"圧縮完了: 736.2 MB","path":"/samba/share/Kizuna-Backup/Kizuna-Backup-LITE/tmp/CD_20260919_200237.tar.gz","sha256":"d0f80e6401122c471e1e99aa031bd06ac96160a04ae926a126bd98754ae011ac","size":772004836,"ts":"2026-09-19T20:02:48Z"}
{"dest":"user@localhost","dir":"/srv/kizuna-backup-test","event":"transfer_start","level":"INFO","message":"転送開始","ts":"2026-09-19T20:02:48Z"}
{"dest":"user@localhost","event":"transfer_complete","level":"INFO","message":"転送完了","path":"/srv/kizuna-backup-test/CD_20260919_200237.tar.gz","ts":"2026-09-19T20:03:24Z"}
{"count":1,"dir":"/samba/share/Kizuna-Backup/Kizuna-Backup-LITE/tmp","event":"rotation_not_needed","keep":3,"level":"INFO","message":"世代管理不要 (保持数以内)","pattern":"CD_*.tar.gz","ts":"2026-09-19T20:03:24Z"}
{"deleted_count":0,"dir":"/samba/share/Kizuna-Backup/Kizuna-Backup-LITE/tmp","event":"rotation_complete","keep":3,"level":"INFO","message":"世代管理完了: 保持数 3 / 削除件数 0","pattern":"CD_*.tar.gz","ts":"2026-09-19T20:03:24Z"}
{"event":"remote_rotate_delete","level":"INFO","message":"リモート世代管理で削除: CD_20260919_170237.tar.gz","path":"/srv/kizuna-backup-test/CD_20260919_170237.tar.gz","ts":"2026-09-19T20:03:24Z"}
{"deleted_count":1,"event":"remote_rotation_complete","keep":3,"level":"INFO","message":"リモート世代管理完了: 保持数 3 / 削除件数 1","pattern":"CD_*.tar.gz","remote_dir":"/srv/kizuna-backup-test","ts":"2026-09-19T20:03:24Z"}
{"event":"local_cleanup","level":"INFO","message":"ローカルアーカイブ削除","path":"/samba/share/Kizuna-Backup/Kizuna-Backup-LITE/tmp/CD_20260919_200237.tar.gz","ts":"2026-09-19T20:03:24Z"}
{"duration_sec":46.910191246,"event":"success","level":"INFO","message":"バックアップ成功 (所要時間 47s)","size":772004836,"ts":"2026-09-19T20:03:24Z"}
{"event":"start","level":"INFO","message":"バックアップ開始","mode":"archive","target":"/samba/share/CD","ts":"2026-09-19T21:02:37Z"}
{"event":"archive_start","level":"INFO","message":"圧縮開始","output":"/samba/share/Kizuna-Backup/Kizuna-Backup-LITE/tmp/CD_20260919_210237.tar.gz","target":"/samba/share/CD","ts":"2026-09-19T21:02:37Z"}
{"event":"archive_complete","level":"INFO","message":"圧縮完了: 736.2 MB","path":"/samba/share/Kizuna-Backup/Kizuna-Backup-LITE/tmp/CD_20260919_210237.tar.gz","sha256":"d0f80e6401122c471e1e99aa031bd06ac96160a04ae926a126bd98754ae011ac","size":772004836,"ts":"2026-09-19T21:02:48Z"}
{"dest":"user@localhost","dir":"/srv/kizuna-backup-test","event":"transfer_start","level":"INFO","message":"転送開始","ts":"2026-09-19T21:02:48Z"}
{"dest":"user@localhost","event":"transfer_complete","level":"INFO","message":"転送完了","path":"/srv/kizuna-backup-test/CD_20260919_210237.tar.gz","ts":"2026-09-19T21:03:22Z"}
{"count":1,"dir":"/samba/share/Kizuna-Backup/Kizuna-Backup-LITE/tmp","event":"rotation_not_needed","keep":3,"level":"INFO","message":"世代管理不要 (保持数以内)","pattern":"CD_*.tar.gz","ts":"2026-09-19T21:03:22Z"}
{"deleted_count":0,"dir":"/samba/share/Kizuna-Backup/Kizuna-Backup-LITE/tmp","event":"rotation_complete","keep":3,"level":"INFO","message":"世代管理完了: 保持数 3 / 削除件数 0","pattern":"CD_*.tar.gz","ts":"2026-09-19T21:03:22Z"}
{"event":"remote_rotate_delete","level":"INFO","message":"リモート世代管理で削除: CD_20260919_180237.tar.gz","path":"/srv/kizuna-backup-test/CD_20260919_180237.tar.gz","ts":"2026-09-19T21:03:23Z"}
{"deleted_count":1,"event":"remote_rotation_complete","keep":3,"level":"INFO","message":"リモート世代管理完了: 保持数 3 / 削除件数 1","pattern":"CD_*.tar.gz","remote_dir":"/srv/kizuna-backup-test","ts":"2026-09-19T21:03:23Z"}
{"event":"local_cleanup","level":"INFO","message":"ローカルアーカイブ削除","path":"/samba/share/Kizuna-Backup/Kizuna-Backup-LITE/tmp/CD_20260919_210237.tar.gz","ts":"2026-09-19T21:03:23Z"}
{"duration_sec":45.759404848,"event":"success","level":"INFO","message":"バックアップ成功 (所要時間 46s)","size":772004836,"ts":"2026-09-19T21:03:23Z"}
{"event":"start","level":"INFO","message":"バックアップ開始","mode":"archive","target":"/samba/share/CD","ts":"2026-09-19T22:02:37Z"}
{"event":"archive_start","level":"INFO","message":"圧縮開始","output":"/samba/share/Kizuna-Backup/Kizuna-Backup-LITE/tmp/CD_20260919_220237.tar.gz","target":"/samba/share/CD","ts":"2026-09-19T22:02:37Z"}
{"event":"archive_complete","level":"INFO","message":"圧縮完了: 736.2 MB","path":"/samba/share/Kizuna-Backup/Kizuna-Backup-LITE/tmp/CD_20260919_220237.tar.gz","sha256":"d0f80e6401122c471e1e99aa031bd06ac96160a04ae926a126bd98754ae011ac","size":772004836,"ts":"2026-09-19T22:02:48Z"}
{"dest":"user@localhost","dir":"/srv/kizuna-backup-test","event":"transfer_start","level":"INFO","message":"転送開始","ts":"2026-09-19T22:02:48Z"}
{"dest":"user@localhost","event":"transfer_complete","level":"INFO","message":"転送完了","path":"/srv/kizuna-backup-test/CD_20260919_220237.tar.gz","ts":"2026-09-19T22:03:22Z"}
{"count":1,"dir":"/samba/share/Kizuna-Backup/Kizuna-Backup-LITE/tmp","event":"rotation_not_needed","keep":3,"level":"INFO","message":"世代管理不要 (保持数以内)","pattern":"CD_*.tar.gz","ts":"2026-09-19T22:03:22Z"}
{"deleted_count":0,"dir":"/samba/share/Kizuna-Backup/Kizuna-Backup-LITE/tmp","event":"rotation_complete","keep":3,"level":"INFO","message":"世代管理完了: 保持数 3 / 削除件数 0","pattern":"CD_*.tar.gz","ts":"2026-09-19T22:03:22Z"}
{"event":"remote_rotate_delete","level":"INFO","message":"リモート世代管理で削除: CD_20260919_190237.tar.gz","path":"/srv/kizuna-backup-test/CD_20260919_190237.tar.gz","ts":"2026-09-19T22:03:23Z"}
{"deleted_count":1,"event":"remote_rotation_complete","keep":3,"level":"INFO","message":"リモート世代管理完了: 保持数 3 / 削除件数 1","pattern":"CD_*.tar.gz","remote_dir":"/srv/kizuna-backup-test","ts":"2026-09-19T22:03:23Z"}
{"event":"local_cleanup","level":"INFO","message":"ローカルアーカイブ削除","path":"/samba/share/Kizuna-Backup/Kizuna-Backup-LITE/tmp/CD_20260919_220237.tar.gz","ts":"2026-09-19T22:03:23Z"}
{"duration_sec":45.654932262,"event":"success","level":"INFO","message":"バックアップ成功 (所要時間 46s)","size":772004836,"ts":"2026-09-19T22:03:23Z"}
{"event":"start","level":"INFO","message":"バックアップ開始","mode":"archive","target":"/samba/share/CD","ts":"2026-09-19T23:02:37Z"}
{"event":"archive_start","level":"INFO","message":"圧縮開始","output":"/samba/share/Kizuna-Backup/Kizuna-Backup-LITE/tmp/CD_20260919_230237.tar.gz","target":"/samba/share/CD","ts":"2026-09-19T23:02:37Z"}
{"event":"archive_complete","level":"INFO","message":"圧縮完了: 736.2 MB","path":"/samba/share/Kizuna-Backup/Kizuna-Backup-LITE/tmp/CD_20260919_230237.tar.gz","sha256":"d0f80e6401122c471e1e99aa031bd06ac96160a04ae926a126bd98754ae011ac","size":772004836,"ts":"2026-09-19T23:02:48Z"}
{"dest":"user@localhost","dir":"/srv/kizuna-backup-test","event":"transfer_start","level":"INFO","message":"転送開始","ts":"2026-09-19T23:02:48Z"}
{"dest":"user@localhost","event":"transfer_complete","level":"INFO","message":"転送完了","path":"/srv/kizuna-backup-test/CD_20260919_230237.tar.gz","ts":"2026-09-19T23:03:21Z"}
{"count":1,"dir":"/samba/share/Kizuna-Backup/Kizuna-Backup-LITE/tmp","event":"rotation_not_needed","keep":3,"level":"INFO","message":"世代管理不要 (保持数以内)","pattern":"CD_*.tar.gz","ts":"2026-09-19T23:03:21Z"}
{"deleted_count":0,"dir":"/samba/share/Kizuna-Backup/Kizuna-Backup-LITE/tmp","event":"rotation_complete","keep":3,"level":"INFO","message":"世代管理完了: 保持数 3 / 削除件数 0","pattern":"CD_*.tar.gz","ts":"2026-09-19T23:03:21Z"}
{"event":"remote_rotate_delete","level":"INFO","message":"リモート世代管理で削除: CD_20260919_200237.tar.gz","path":"/srv/kizuna-backup-test/CD_20260919_200237.tar.gz","ts":"2026-09-19T23:03:22Z"}
{"deleted_count":1,"event":"remote_rotation_complete","keep":3,"level":"INFO","message":"リモート世代管理完了: 保持数 3 / 削除件数 1","pattern":"CD_*.tar.gz","remote_dir":"/srv/kizuna-backup-test","ts":"2026-09-19T23:03:22Z"}
{"event":"local_cleanup","level":"INFO","message":"ローカルアーカイブ削除","path":"/samba/share/Kizuna-Backup/Kizuna-Backup-LITE/tmp/CD_20260919_230237.tar.gz","ts":"2026-09-19T23:03:22Z"}
{"duration_sec":44.749858693,"event":"success","level":"INFO","message":"バックアップ成功 (所要時間 45s)","size":772004836,"ts":"2026-09-19T23:03:22Z"}
{"event":"start","level":"INFO","message":"バックアップ開始","mode":"archive","target":"/samba/share/CD","ts":"2026-09-20T00:02:37Z"}
{"event":"archive_start","level":"INFO","message":"圧縮開始","output":"/samba/share/Kizuna-Backup/Kizuna-Backup-LITE/tmp/CD_20260920_000237.tar.gz","target":"/samba/share/CD","ts":"2026-09-20T00:02:37Z"}
{"event":"archive_complete","level":"INFO","message":"圧縮完了: 736.2 MB","path":"/samba/share/Kizuna-Backup/Kizuna-Backup-LITE/tmp/CD_20260920_000237.tar.gz","sha256":"d0f80e6401122c471e1e99aa031bd06ac96160a04ae926a126bd98754ae011ac","size":772004836,"ts":"2026-09-20T00:02:48Z"}
{"dest":"user@localhost","dir":"/srv/kizuna-backup-test","event":"transfer_start","level":"INFO","message":"転送開始","ts":"2026-09-20T00:02:48Z"}
{"dest":"user@localhost","event":"transfer_complete","level":"INFO","message":"転送完了","path":"/srv/kizuna-backup-test/CD_20260920_000237.tar.gz","ts":"2026-09-20T00:03:23Z"}
{"count":1,"dir":"/samba/share/Kizuna-Backup/Kizuna-Backup-LITE/tmp","event":"rotation_not_needed","keep":3,"level":"INFO","message":"世代管理不要 (保持数以内)","pattern":"CD_*.tar.gz","ts":"2026-09-20T00:03:23Z"}
{"deleted_count":0,"dir":"/samba/share/Kizuna-Backup/Kizuna-Backup-LITE/tmp","event":"rotation_complete","keep":3,"level":"INFO","message":"世代管理完了: 保持数 3 / 削除件数 0","pattern":"CD_*.tar.gz","ts":"2026-09-20T00:03:23Z"}
{"event":"remote_rotate_delete","level":"INFO","message":"リモート世代管理で削除: CD_20260919_210237.tar.gz","path":"/srv/kizuna-backup-test/CD_20260919_210237.tar.gz","ts":"2026-09-20T00:03:24Z"}
{"deleted_count":1,"event":"remote_rotation_complete","keep":3,"level":"INFO","message":"リモート世代管理完了: 保持数 3 / 削除件数 1","pattern":"CD_*.tar.gz","remote_dir":"/srv/kizuna-backup-test","ts":"2026-09-20T00:03:24Z"}
{"event":"local_cleanup","level":"INFO","message":"ローカルアーカイブ削除","path":"/samba/share/Kizuna-Backup/Kizuna-Backup-LITE/tmp/CD_20260920_000237.tar.gz","ts":"2026-09-20T00:03:24Z"}
{"duration_sec":47.102472959,"event":"success","level":"INFO","message":"バックアップ成功 (所要時間 47s)","size":772004836,"ts":"2026-09-20T00:03:24Z"}
{"event":"start","level":"INFO","message":"バックアップ開始","mode":"archive","target":"/samba/share/CD","ts":"2026-09-20T01:02:37Z"}
{"event":"archive_start","level":"INFO","message":"圧縮開始","output":"/samba/share/Kizuna-Backup/Kizuna-Backup-LITE/tmp/CD_20260920_010237.tar.gz","target":"/samba/share/CD","ts":"2026-09-20T01:02:37Z"}
{"event":"archive_complete","level":"INFO","message":"圧縮完了: 736.2 MB","path":"/samba/share/Kizuna-Backup/Kizuna-Backup-LITE/tmp/CD_20260920_010237.tar.gz","sha256":"d0f80e6401122c471e1e99aa031bd06ac96160a04ae926a126bd98754ae011ac","size":772004836,"ts":"2026-09-20T01:02:48Z"}
{"dest":"user@localhost","dir":"/srv/kizuna-backup-test","event":"transfer_start","level":"INFO","message":"転送開始","ts":"2026-09-20T01:02:48Z"}
{"dest":"user@localhost","event":"transfer_complete","level":"INFO","message":"転送完了","path":"/srv/kizuna-backup-test/CD_20260920_010237.tar.gz","ts":"2026-09-20T01:03:22Z"}
{"count":1,"dir":"/samba/share/Kizuna-Backup/Kizuna-Backup-LITE/tmp","event":"rotation_not_needed","keep":3,"level":"INFO","message":"世代管理不要 (保持数以内)","pattern":"CD_*.tar.gz","ts":"2026-09-20T01:03:22Z"}
{"deleted_count":0,"dir":"/samba/share/Kizuna-Backup/Kizuna-Backup-LITE/tmp","event":"rotation_complete","keep":3,"level":"INFO","message":"世代管理完了: 保持数 3 / 削除件数 0","pattern":"CD_*.tar.gz","ts":"2026-09-20T01:03:22Z"}
{"event":"remote_rotate_delete","level":"INFO","message":"リモート世代管理で削除: CD_20260919_220237.tar.gz","path":"/srv/kizuna-backup-test/CD_20260919_220237.tar.gz","ts":"2026-09-20T01:03:22Z"}
{"deleted_count":1,"event":"remote_rotation_complete","keep":3,"level":"INFO","message":"リモート世代管理完了: 保持数 3 / 削除件数 1","pattern":"CD_*.tar.gz","remote_dir":"/srv/kizuna-backup-test","ts":"2026-09-20T01:03:22Z"}
{"event":"local_cleanup","level":"INFO","message":"ローカルアーカイブ削除","path":"/samba/share/Kizuna-Backup/Kizuna-Backup-LITE/tmp/CD_20260920_010237.tar.gz","ts":"2026-09-20T01:03:22Z"}
{"duration_sec":45.142228401,"event":"success","level":"INFO","message":"バックアップ成功 (所要時間 45s)","size":772004836,"ts":"2026-09-20T01:03:22Z"}
{"event":"start","level":"INFO","message":"バックアップ開始","mode":"archive","target":"/samba/share/CD","ts":"2026-09-20T02:02:37Z"}
{"event":"archive_start","level":"INFO","message":"圧縮開始","output":"/samba/share/Kizuna-Backup/Kizuna-Backup-LITE/tmp/CD_20260920_020237.tar.gz","target":"/samba/share/CD","ts":"2026-09-20T02:02:37Z"}
{"event":"archive_complete","level":"INFO","message":"圧縮完了: 736.2 MB","path":"/samba/share/Kizuna-Backup/Kizuna-Backup-LITE/tmp/CD_20260920_020237.tar.gz","sha256":"d0f80e6401122c471e1e99aa031bd06ac96160a04ae926a126bd98754ae011ac","size":772004836,"ts":"2026-09-20T02:02:48Z"}
{"dest":"user@localhost","dir":"/srv/kizuna-backup-test","event":"transfer_start","level":"INFO","message":"転送開始","ts":"2026-09-20T02:02:48Z"}
{"dest":"user@localhost","event":"transfer_complete","level":"INFO","message":"転送完了","path":"/srv/kizuna-backup-test/CD_20260920_020237.tar.gz","ts":"2026-09-20T02:03:21Z"}
{"count":1,"dir":"/samba/share/Kizuna-Backup/Kizuna-Backup-LITE/tmp","event":"rotation_not_needed","keep":3,"level":"INFO","message":"世代管理不要 (保持数以内)","pattern":"CD_*.tar.gz","ts":"2026-09-20T02:03:21Z"}
{"deleted_count":0,"dir":"/samba/share/Kizuna-Backup/Kizuna-Backup-LITE/tmp","event":"rotation_complete","keep":3,"level":"INFO","message":"世代管理完了: 保持数 3 / 削除件数 0","pattern":"CD_*.tar.gz","ts":"2026-09-20T02:03:21Z"}
{"event":"remote_rotate_delete","level":"INFO","message":"リモート世代管理で削除: CD_20260919_230237.tar.gz","path":"/srv/kizuna-backup-test/CD_20260919_230237.tar.gz","ts":"2026-09-20T02:03:22Z"}
{"deleted_count":1,"event":"remote_rotation_complete","keep":3,"level":"INFO","message":"リモート世代管理完了: 保持数 3 / 削除件数 1","pattern":"CD_*.tar.gz","remote_dir":"/srv/kizuna-backup-test","ts":"2026-09-20T02:03:22Z"}
{"event":"local_cleanup","level":"INFO","message":"ローカルアーカイブ削除","path":"/samba/share/Kizuna-Backup/Kizuna-Backup-LITE/tmp/CD_20260920_020237.tar.gz","ts":"2026-09-20T02:03:22Z"}
{"duration_sec":45.025034314,"event":"success","level":"INFO","message":"バックアップ成功 (所要時間 45s)","size":772004836,"ts":"2026-09-20T02:03:22Z"}
{"event":"start","level":"INFO","message":"バックアップ開始","mode":"archive","target":"/samba/share/CD","ts":"2026-09-20T03:02:37Z"}
{"event":"archive_start","level":"INFO","message":"圧縮開始","output":"/samba/share/Kizuna-Backup/Kizuna-Backup-LITE/tmp/CD_20260920_030237.tar.gz","target":"/samba/share/CD","ts":"2026-09-20T03:02:37Z"}
{"event":"archive_complete","level":"INFO","message":"圧縮完了: 736.2 MB","path":"/samba/share/Kizuna-Backup/Kizuna-Backup-LITE/tmp/CD_20260920_030237.tar.gz","sha256":"d0f80e6401122c471e1e99aa031bd06ac96160a04ae926a126bd98754ae011ac","size":772004836,"ts":"2026-09-20T03:02:48Z"}
{"dest":"user@localhost","dir":"/srv/kizuna-backup-test","event":"transfer_start","level":"INFO","message":"転送開始","ts":"2026-09-20T03:02:48Z"}
{"dest":"user@localhost","event":"transfer_complete","level":"INFO","message":"転送完了","path":"/srv/kizuna-backup-test/CD_20260920_030237.tar.gz","ts":"2026-09-20T03:03:20Z"}
{"count":1,"dir":"/samba/share/Kizuna-Backup/Kizuna-Backup-LITE/tmp","event":"rotation_not_needed","keep":3,"level":"INFO","message":"世代管理不要 (保持数以内)","pattern":"CD_*.tar.gz","ts":"2026-09-20T03:03:20Z"}
{"deleted_count":0,"dir":"/samba/share/Kizuna-Backup/Kizuna-Backup-LITE/tmp","event":"rotation_complete","keep":3,"level":"INFO","message":"世代管理完了: 保持数 3 / 削除件数 0","pattern":"CD_*.tar.gz","ts":"2026-09-20T03:03:20Z"}
{"event":"remote_rotate_delete","level":"INFO","message":"リモート世代管理で削除: CD_20260920_000237.tar.gz","path":"/srv/kizuna-backup-test/CD_20260920_000237.tar.gz","ts":"2026-09-20T03:03:20Z"}
{"deleted_count":1,"event":"remote_rotation_complete","keep":3,"level":"INFO","message":"リモート世代管理完了: 保持数 3 / 削除件数 1","pattern":"CD_*.tar.gz","remote_dir":"/srv/kizuna-backup-test","ts":"2026-09-20T03:03:20Z"}
{"event":"local_cleanup","level":"INFO","message":"ローカルアーカイブ削除","path":"/samba/share/Kizuna-Backup/Kizuna-Backup-LITE/tmp/CD_20260920_030237.tar.gz","ts":"2026-09-20T03:03:20Z"}
{"duration_sec":43.118802711,"event":"success","level":"INFO","message":"バックアップ成功 (所要時間 43s)","size":772004836,"ts":"2026-09-20T03:03:20Z"}
{"event":"start","level":"INFO","message":"バックアップ開始","mode":"archive","target":"/samba/share/CD","ts":"2026-09-20T04:02:37Z"}
{"event":"archive_start","level":"INFO","message":"圧縮開始","output":"/samba/share/Kizuna-Backup/Kizuna-Backup-LITE/tmp/CD_20260920_040237.tar.gz","target":"/samba/share/CD","ts":"2026-09-20T04:02:37Z"}
{"event":"archive_complete","level":"INFO","message":"圧縮完了: 736.2 MB","path":"/samba/share/Kizuna-Backup/Kizuna-Backup-LITE/tmp/CD_20260920_040237.tar.gz","sha256":"d0f80e6401122c471e1e99aa031bd06ac96160a04ae926a126bd98754ae011ac","size":772004836,"ts":"2026-09-20T04:02:48Z"}
{"dest":"user@localhost","dir":"/srv/kizuna-backup-test","event":"transfer_start","level":"INFO","message":"転送開始","ts":"2026-09-20T04:02:48Z"}
{"dest":"user@localhost","event":"transfer_complete","level":"INFO","message":"転送完了","path":"/srv/kizuna-backup-test/CD_20260920_040237.tar.gz","ts":"2026-09-20T04:03:23Z"}
{"count":1,"dir":"/samba/share/Kizuna-Backup/Kizuna-Backup-LITE/tmp","event":"rotation_not_needed","keep":3,"level":"INFO","message":"世代管理不要 (保持数以内)","pattern":"CD_*.tar.gz","ts":"2026-09-20T04:03:23Z"}
{"deleted_count":0,"dir":"/samba/share/Kizuna-Backup/Kizuna-Backup-LITE/tmp","event":"rotation_complete","keep":3,"level":"INFO","message":"世代管理完了: 保持数 3 / 削除件数 0","pattern":"CD_*.tar.gz","ts":"2026-09-20T04:03:23Z"}
{"event":"remote_rotate_delete","level":"INFO","message":"リモート世代管理で削除: CD_20260920_010237.tar.gz","path":"/srv/kizuna-backup-test/CD_20260920_010237.tar.gz","ts":"2026-09-20T04:03:23Z"}
{"deleted_count":1,"event":"remote_rotation_complete","keep":3,"level":"INFO","message":"リモート世代管理完了: 保持数 3 / 削除件数 1","pattern":"CD_*.tar.gz","remote_dir":"/srv/kizuna-backup-test","ts":"2026-09-20T04:03:23Z"}
{"event":"local_cleanup","level":"INFO","message":"ローカルアーカイブ削除","path":"/samba/share/Kizuna-Backup/Kizuna-Backup-LITE/tmp/CD_20260920_040237.tar.gz","ts":"2026-09-20T04:03:24Z"}
{"duration_sec":46.233805991,"event":"success","level":"INFO","message":"バックアップ成功 (所要時間 46s)","size":772004836,"ts":"2026-09-20T04:03:24Z"}
{"event":"start","level":"INFO","message":"バックアップ開始","mode":"archive","target":"/samba/share/CD","ts":"2026-09-20T05:02:37Z"}
{"event":"archive_start","level":"INFO","message":"圧縮開始","output":"/samba/share/Kizuna-Backup/Kizuna-Backup-LITE/tmp/CD_20260920_050237.tar.gz","target":"/samba/share/CD","ts":"2026-09-20T05:02:37Z"}
{"event":"archive_complete","level":"INFO","message":"圧縮完了: 736.2 MB","path":"/samba/share/Kizuna-Backup/Kizuna-Backup-LITE/tmp/CD_20260920_050237.tar.gz","sha256":"d0f80e6401122c471e1e99aa031bd06ac96160a04ae926a126bd98754ae011ac","size":772004836,"ts":"2026-09-20T05:02:48Z"}
{"dest":"user@localhost","dir":"/srv/kizuna-backup-test","event":"transfer_start","level":"INFO","message":"転送開始","ts":"2026-09-20T05:02:48Z"}
{"dest":"user@localhost","event":"transfer_complete","level":"INFO","message":"転送完了","path":"/srv/kizuna-backup-test/CD_20260920_050237.tar.gz","ts":"2026-09-20T05:03:22Z"}
{"count":1,"dir":"/samba/share/Kizuna-Backup/Kizuna-Backup-LITE/tmp","event":"rotation_not_needed","keep":3,"level":"INFO","message":"世代管理不要 (保持数以内)","pattern":"CD_*.tar.gz","ts":"2026-09-20T05:03:22Z"}
{"deleted_count":0,"dir":"/samba/share/Kizuna-Backup/Kizuna-Backup-LITE/tmp","event":"rotation_complete","keep":3,"level":"INFO","message":"世代管理完了: 保持数 3 / 削除件数 0","pattern":"CD_*.tar.gz","ts":"2026-09-20T05:03:22Z"}
{"event":"remote_rotate_delete","level":"INFO","message":"リモート世代管理で削除: CD_20260920_020237.tar.gz","path":"/srv/kizuna-backup-test/CD_20260920_020237.tar.gz","ts":"2026-09-20T05:03:23Z"}
{"deleted_count":1,"event":"remote_rotation_complete","keep":3,"level":"INFO","message":"リモート世代管理完了: 保持数 3 / 削除件数 1","pattern":"CD_*.tar.gz","remote_dir":"/srv/kizuna-backup-test","ts":"2026-09-20T05:03:23Z"}
{"event":"local_cleanup","level":"INFO","message":"ローカルアーカイブ削除","path":"/samba/share/Kizuna-Backup/Kizuna-Backup-LITE/tmp/CD_20260920_050237.tar.gz","ts":"2026-09-20T05:03:23Z"}
{"duration_sec":45.466190551,"event":"success","level":"INFO","message":"バックアップ成功 (所要時間 45s)","size":772004836,"ts":"2026-09-20T05:03:23Z"}
{"event":"start","level":"INFO","message":"バックアップ開始","mode":"archive","target":"/samba/share/CD","ts":"2026-09-20T06:02:37Z"}
{"event":"archive_start","level":"INFO","message":"圧縮開始","output":"/samba/share/Kizuna-Backup/Kizuna-Backup-LITE/tmp/CD_20260920_060237.tar.gz","target":"/samba/share/CD","ts":"2026-09-20T06:02:37Z"}
{"event":"archive_complete","level":"INFO","message":"圧縮完了: 736.2 MB","path":"/samba/share/Kizuna-Backup/Kizuna-Backup-LITE/tmp/CD_20260920_060237.tar.gz","sha256":"d0f80e6401122c471e1e99aa031bd06ac96160a04ae926a126bd98754ae011ac","size":772004836,"ts":"2026-09-20T06:02:48Z"}
{"dest":"user@localhost","dir":"/srv/kizuna-backup-test","event":"transfer_start","level":"INFO","message":"転送開始","ts":"2026-09-20T06:02:48Z"}
{"dest":"user@localhost","event":"transfer_complete","level":"INFO","message":"転送完了","path":"/srv/kizuna-backup-test/CD_20260920_060237.tar.gz","ts":"2026-09-20T06:03:22Z"}
{"count":1,"dir":"/samba/share/Kizuna-Backup/Kizuna-Backup-LITE/tmp","event":"rotation_not_needed","keep":3,"level":"INFO","message":"世代管理不要 (保持数以内)","pattern":"CD_*.tar.gz","ts":"2026-09-20T06:03:22Z"}
{"deleted_count":0,"dir":"/samba/share/Kizuna-Backup/Kizuna-Backup-LITE/tmp","event":"rotation_complete","keep":3,"level":"INFO","message":"世代管理完了: 保持数 3 / 削除件数 0","pattern":"CD_*.tar.gz","ts":"2026-09-20T06:03:22Z"}
{"event":"remote_rotate_delete","level":"INFO","message":"リモート世代管理で削除: CD_20260920_030237.tar.gz","path":"/srv/kizuna-backup-test/CD_20260920_030237.tar.gz","ts":"2026-09-20T06:03:22Z"}
{"deleted_count":1,"event":"remote_rotation_complete","keep":3,"level":"INFO","message":"リモート世代管理完了: 保持数 3 / 削除件数 1","pattern":"CD_*.tar.gz","remote_dir":"/srv/kizuna-backup-test","ts":"2026-09-20T06:03:22Z"}
{"event":"local_cleanup","level":"INFO","message":"ローカルアーカイブ削除","path":"/samba/share/Kizuna-Backup/Kizuna-Backup-LITE/tmp/CD_20260920_060237.tar.gz","ts":"2026-09-20T06:03:22Z"}
{"duration_sec":44.910561659,"event":"success","level":"INFO","message":"バックアップ成功 (所要時間 45s)","size":772004836,"ts":"2026-09-20T06:03:22Z"}
{"event":"start","level":"INFO","message":"バックアップ開始","mode":"archive","target":"/samba/share/CD","ts":"2026-09-20T07:02:37Z"}
{"event":"archive_start","level":"INFO","message":"圧縮開始","output":"/samba/share/Kizuna-Backup/Kizuna-Backup-LITE/tmp/CD_20260920_070237.tar.gz","target":"/samba/share/CD","ts":"2026-09-20T07:02:37Z"}
{"event":"archive_complete","level":"INFO","message":"圧縮完了: 736.2 MB","path":"/samba/share/Kizuna-Backup/Kizuna-Backup-LITE/tmp/CD_20260920_070237.tar.gz","sha256":"d0f80e6401122c471e1e99aa031bd06ac96160a04ae926a126bd98754ae011ac","size":772004836,"ts":"2026-09-20T07:02:48Z"}
{"dest":"user@localhost","dir":"/srv/kizuna-backup-test","event":"transfer_start","level":"INFO","message":"転送開始","ts":"2026-09-20T07:02:48Z"}
{"dest":"user@localhost","event":"transfer_complete","level":"INFO","message":"転送完了","path":"/srv/kizuna-backup-test/CD_20260920_070237.tar.gz","ts":"2026-09-20T07:03:21Z"}
{"count":1,"dir":"/samba/share/Kizuna-Backup/Kizuna-Backup-LITE/tmp","event":"rotation_not_needed","keep":3,"level":"INFO","message":"世代管理不要 (保持数以内)","pattern":"CD_*.tar.gz","ts":"2026-09-20T07:03:21Z"}
{"deleted_count":0,"dir":"/samba/share/Kizuna-Backup/Kizuna-Backup-LITE/tmp","event":"rotation_complete","keep":3,"level":"INFO","message":"世代管理完了: 保持数 3 / 削除件数 0","pattern":"CD_*.tar.gz","ts":"2026-09-20T07:03:21Z"}
{"event":"remote_rotate_delete","level":"INFO","message":"リモート世代管理で削除: CD_20260920_040237.tar.gz","path":"/srv/kizuna-backup-test/CD_20260920_040237.tar.gz","ts":"2026-09-20T07:03:21Z"}
{"deleted_count":1,"event":"remote_rotation_complete","keep":3,"level":"INFO","message":"リモート世代管理完了: 保持数 3 / 削除件数 1","pattern":"CD_*.tar.gz","remote_dir":"/srv/kizuna-backup-test","ts":"2026-09-20T07:03:21Z"}
{"event":"local_cleanup","level":"INFO","message":"ローカルアーカイブ削除","path":"/samba/share/Kizuna-Backup/Kizuna-Backup-LITE/tmp/CD_20260920_070237.tar.gz","ts":"2026-09-20T07:03:21Z"}
{"duration_sec":44.160613581,"event":"success","level":"INFO","message":"バックアップ成功 (所要時間 44s)","size":772004836,"ts":"2026-09-20T07:03:21Z"}
{"event":"start","level":"INFO","message":"バックアップ開始","mode":"archive","target":"/samba/share/CD","ts":"2026-09-20T08:02:37Z"}
{"event":"archive_start","level":"INFO","message":"圧縮開始","output":"/samba/share/Kizuna-Backup/Kizuna-Backup-LITE/tmp/CD_20260920_080237.tar.gz","target":"/samba/share/CD","ts":"2026-09-20T08:02:37Z"}
{"event":"archive_complete","level":"INFO","message":"圧縮完了: 736.2 MB","path":"/samba/share/Kizuna-Backup/Kizuna-Backup-LITE/tmp/CD_20260920_080237.tar.gz","sha256":"d0f80e6401122c471e1e99aa031bd06ac96160a04ae926a126bd98754ae011ac","size":772004836,"ts":"2026-09-20T08:02:48Z"}
{"dest":"user@localhost","dir":"/srv/kizuna-backup-test","event":"transfer_start","level":"INFO","message":"転送開始","ts":"2026-09-20T08:02:48Z"}
{"dest":"user@localhost","event":"transfer_complete","level":"INFO","message":"転送完了","path":"/srv/kizuna-backup-test/CD_20260920_080237.tar.gz","ts":"2026-09-20T08:03:21Z"}
{"count":1,"dir":"/samba/share/Kizuna-Backup/Kizuna-Backup-LITE/tmp","event":"rotation_not_needed","keep":3,"level":"INFO","message":"世代管理不要 (保持数以内)","pattern":"CD_*.tar.gz","ts":"2026-09-20T08:03:21Z"}
{"deleted_count":0,"dir":"/samba/share/Kizuna-Backup/Kizuna-Backup-LITE/tmp","event":"rotation_complete","keep":3,"level":"INFO","message":"世代管理完了: 保持数 3 / 削除件数 0","pattern":"CD_*.tar.gz","ts":"2026-09-20T08:03:21Z"}
{"event":"remote_rotate_delete","level":"INFO","message":"リモート世代管理で削除: CD_20260920_050237.tar.gz","path":"/srv/kizuna-backup-test/CD_20260920_050237.tar.gz","ts":"2026-09-20T08:03:22Z"}
{"deleted_count":1,"event":"remote_rotation_complete","keep":3,"level":"INFO","message":"リモート世代管理完了: 保持数 3 / 削除件数 1","pattern":"CD_*.tar.gz","remote_dir":"/srv/kizuna-backup-test","ts":"2026-09-20T08:03:22Z"}
{"event":"local_cleanup","level":"INFO","message":"ローカルアーカイブ削除","path":"/samba/share/Kizuna-Backup/Kizuna-Backup-LITE/tmp/CD_20260920_080237.tar.gz","ts":"2026-09-20T08:03:22Z"}
{"duration_sec":45.089323925,"event":"success","level":"INFO","message":"バックアップ成功 (所要時間 45s)","size":772004836,"ts":"2026-09-20T08:03:22Z"}
{"event":"start","level":"INFO","message":"バックアップ開始","mode":"archive","target":"/samba/share/CD","ts":"2026-09-20T09:02:37Z"}
{"event":"archive_start","level":"INFO","message":"圧縮開始","output":"/samba/share/Kizuna-Backup/Kizuna-Backup-LITE/tmp/CD_20260920_090237.tar.gz","target":"/samba/share/CD","ts":"2026-09-20T09:02:37Z"}
{"event":"archive_complete","level":"INFO","message":"圧縮完了: 736.2 MB","path":"/samba/share/Kizuna-Backup/Kizuna-Backup-LITE/tmp/CD_20260920_090237.tar.gz","sha256":"d0f80e6401122c471e1e99aa031bd06ac96160a04ae926a126bd98754ae011ac","size":772004836,"ts":"2026-09-20T09:02:48Z"}
{"dest":"user@localhost","dir":"/srv/kizuna-backup-test","event":"transfer_start","level":"INFO","message":"転送開始","ts":"2026-09-20T09:02:48Z"}
{"dest":"user@localhost","event":"transfer_complete","level":"INFO","message":"転送完了","path":"/srv/kizuna-backup-test/CD_20260920_090237.tar.gz","ts":"2026-09-20T09:03:20Z"}
{"count":1,"dir":"/samba/share/Kizuna-Backup/Kizuna-Backup-LITE/tmp","event":"rotation_not_needed","keep":3,"level":"INFO","message":"世代管理不要 (保持数以内)","pattern":"CD_*.tar.gz","ts":"2026-09-20T09:03:20Z"}
{"deleted_count":0,"dir":"/samba/share/Kizuna-Backup/Kizuna-Backup-LITE/tmp","event":"rotation_complete","keep":3,"level":"INFO","message":"世代管理完了: 保持数 3 / 削除件数 0","pattern":"CD_*.tar.gz","ts":"2026-09-20T09:03:20Z"}
{"event":"remote_rotate_delete","level":"INFO","message":"リモート世代管理で削除: CD_20260920_060237.tar.gz","path":"/srv/kizuna-backup-test/CD_20260920_060237.tar.gz","ts":"2026-09-20T09:03:21Z"}
{"deleted_count":1,"event":"remote_rotation_complete","keep":3,"level":"INFO","message":"リモート世代管理完了: 保持数 3 / 削除件数 1","pattern":"CD_*.tar.gz","remote_dir":"/srv/kizuna-backup-test","ts":"2026-09-20T09:03:21Z"}
{"event":"local_cleanup","level":"INFO","message":"ローカルアーカイブ削除","path":"/samba/share/Kizuna-Backup/Kizuna-Backup-LITE/tmp/CD_20260920_090237.tar.gz","ts":"2026-09-20T09:03:21Z"}
{"duration_sec":43.652415546,"event":"success","level":"INFO","message":"バックアップ成功 (所要時間 44s)","size":772004836,"ts":"2026-09-20T09:03:21Z"}
{"event":"start","level":"INFO","message":"バックアップ開始","mode":"archive","target":"/samba/share/CD","ts":"2026-09-20T10:02:37Z"}
{"event":"archive_start","level":"INFO","message":"圧縮開始","output":"/samba/share/Kizuna-Backup/Kizuna-Backup-LITE/tmp/CD_20260920_100237.tar.gz","target":"/samba/share/CD","ts":"2026-09-20T10:02:37Z"}
{"event":"archive_complete","level":"INFO","message":"圧縮完了: 736.2 MB","path":"/samba/share/Kizuna-Backup/Kizuna-Backup-LITE/tmp/CD_20260920_100237.tar.gz","sha256":"d0f80e6401122c471e1e99aa031bd06ac96160a04ae926a126bd98754ae011ac","size":772004836,"ts":"2026-09-20T10:02:48Z"}
{"dest":"user@localhost","dir":"/srv/kizuna-backup-test","event":"transfer_start","level":"INFO","message":"転送開始","ts":"2026-09-20T10:02:48Z"}
{"dest":"user@localhost","event":"transfer_complete","level":"INFO","message":"転送完了","path":"/srv/kizuna-backup-test/CD_20260920_100237.tar.gz","ts":"2026-09-20T10:03:22Z"}
{"count":1,"dir":"/samba/share/Kizuna-Backup/Kizuna-Backup-LITE/tmp","event":"rotation_not_needed","keep":3,"level":"INFO","message":"世代管理不要 (保持数以内)","pattern":"CD_*.tar.gz","ts":"2026-09-20T10:03:22Z"}
{"deleted_count":0,"dir":"/samba/share/Kizuna-Backup/Kizuna-Backup-LITE/tmp","event":"rotation_complete","keep":3,"level":"INFO","message":"世代管理完了: 保持数 3 / 削除件数 0","pattern":"CD_*.tar.gz","ts":"2026-09-20T10:03:22Z"}
{"event":"remote_rotate_delete","level":"INFO","message":"リモート世代管理で削除: CD_20260920_070237.tar.gz","path":"/srv/kizuna-backup-test/CD_20260920_070237.tar.gz","ts":"2026-09-20T10:03:23Z"}
{"deleted_count":1,"event":"remote_rotation_complete","keep":3,"level":"INFO","message":"リモート世代管理完了: 保持数 3 / 削除件数 1","pattern":"CD_*.tar.gz","remote_dir":"/srv/kizuna-backup-test","ts":"2026-09-20T10:03:23Z"}
{"event":"local_cleanup","level":"INFO","message":"ローカルアーカイブ削除","path":"/samba/share/Kizuna-Backup/Kizuna-Backup-LITE/tmp/CD_20260920_100237.tar.gz","ts":"2026-09-20T10:03:23Z"}
{"duration_sec":45.472708948,"event":"success","level":"INFO","message":"バックアップ成功 (所要時間 45s)","size":772004836,"ts":"2026-09-20T10:03:23Z"}
{"event":"start","level":"INFO","message":"バックアップ開始","mode":"archive","target":"/samba/share/CD","ts":"2026-09-20T11:02:37Z"}
{"event":"archive_start","level":"INFO","message":"圧縮開始","output":"/samba/share/Kizuna-Backup/Kizuna-Backup-LITE/tmp/CD_20260920_110237.tar.gz","target":"/samba/share/CD","ts":"2026-09-20T11:02:37Z"}
{"event":"archive_complete","level":"INFO","message":"圧縮完了: 736.2 MB","path":"/samba/share/Kizuna-Backup/Kizuna-Backup-LITE/tmp/CD_20260920_110237.tar.gz","sha256":"d0f80e6401122c471e1e99aa031bd06ac96160a04ae926a126bd98754ae011ac","size":772004836,"ts":"2026-09-20T11:02:48Z"}
{"dest":"user@localhost","dir":"/srv/kizuna-backup-test","event":"transfer_start","level":"INFO","message":"転送開始","ts":"2026-09-20T11:02:48Z"}
{"dest":"user@localhost","event":"transfer_complete","level":"INFO","message":"転送完了","path":"/srv/kizuna-backup-test/CD_20260920_110237.tar.gz","ts":"2026-09-20T11:03:20Z"}
{"count":1,"dir":"/samba/share/Kizuna-Backup/Kizuna-Backup-LITE/tmp","event":"rotation_not_needed","keep":3,"level":"INFO","message":"世代管理不要 (保持数以内)","pattern":"CD_*.tar.gz","ts":"2026-09-20T11:03:20Z"}
{"deleted_count":0,"dir":"/samba/share/Kizuna-Backup/Kizuna-Backup-LITE/tmp","event":"rotation_complete","keep":3,"level":"INFO","message":"世代管理完了: 保持数 3 / 削除件数 0","pattern":"CD_*.tar.gz","ts":"2026-09-20T11:03:20Z"}
{"event":"remote_rotate_delete","level":"INFO","message":"リモート世代管理で削除: CD_20260920_080237.tar.gz","path":"/srv/kizuna-backup-test/CD_20260920_080237.tar.gz","ts":"2026-09-20T11:03:21Z"}
{"deleted_count":1,"event":"remote_rotation_complete","keep":3,"level":"INFO","message":"リモート世代管理完了: 保持数 3 / 削除件数 1","pattern":"CD_*.tar.gz","remote_dir":"/srv/kizuna-backup-test","ts":"2026-09-20T11:03:21Z"}
{"event":"local_cleanup","level":"INFO","message":"ローカルアーカイブ削除","path":"/samba/share/Kizuna-Backup/Kizuna-Backup-LITE/tmp/CD_20260920_110237.tar.gz","ts":"2026-09-20T11:03:21Z"}
{"duration_sec":43.393155592,"event":"success","level":"INFO","message":"バックアップ成功 (所要時間 43s)","size":772004836,"ts":"2026-09-20T11:03:21Z"}
{"event":"start","level":"INFO","message":"バックアップ開始","mode":"archive","target":"/samba/share/CD","ts":"2026-09-20T11:53:59Z"}
{"event":"archive_start","level":"INFO","message":"圧縮開始","output":"/samba/share/Kizuna-Backup/Kizuna-Backup-LITE/tmp/CD_20260920_115359.tar.gz","target":"/samba/share/CD","ts":"2026-09-20T11:53:59Z"}
{"event":"archive_complete","level":"INFO","message":"圧縮完了: 736.2 MB","path":"/samba/share/Kizuna-Backup/Kizuna-Backup-LITE/tmp/CD_20260920_115359.tar.gz","sha256":"d0f80e6401122c471e1e99aa031bd06ac96160a04ae926a126bd98754ae011ac","size":772004836,"ts":"2026-09-20T11:54:19Z"}
{"dest":"user@localhost","dir":"/srv/kizuna-backup-test","event":"transfer_start","level":"INFO","message":"転送開始","ts":"2026-09-20T11:54:19Z"}
{"dest":"user@localhost","event":"transfer_complete","level":"INFO","message":"転送完了","path":"/srv/kizuna-backup-test/CD_20260920_115359.tar.gz","ts":"2026-09-20T11:54:56Z"}
{"count":1,"dir":"/samba/share/Kizuna-Backup/Kizuna-Backup-LITE/tmp","event":"rotation_not_needed","keep":3,"level":"INFO","message":"世代管理不要 (保持数以内)","pattern":"CD_*.tar.gz","ts":"2026-09-20T11:54:56Z"}
{"deleted_count":0,"dir":"/samba/share/Kizuna-Backup/Kizuna-Backup-LITE/tmp","event":"rotation_complete","keep":3,"level":"INFO","message":"世代管理完了: 保持数 3 / 削除件数 0","pattern":"CD_*.tar.gz","ts":"2026-09-20T11:54:56Z"}
{"event":"remote_rotate_delete","level":"INFO","message":"リモート世代管理で削除: CD_20260920_090237.tar.gz","path":"/srv/kizuna-backup-test/CD_20260920_090237.tar.gz","ts":"2026-09-20T11:54:57Z"}
{"deleted_count":1,"event":"remote_rotation_complete","keep":3,"level":"INFO","message":"リモート世代管理完了: 保持数 3 / 削除件数 1","pattern":"CD_*.tar.gz","remote_dir":"/srv/kizuna-backup-test","ts":"2026-09-20T11:54:57Z"}
{"event":"local_cleanup","level":"INFO","message":"ローカルアーカイブ削除","path":"/samba/share/Kizuna-Backup/Kizuna-Backup-LITE/tmp/CD_20260920_115359.tar.gz","ts":"2026-09-20T11:54:57Z"}
{"duration_sec":58.221317997,"event":"success","level":"INFO","message":"バックアップ成功 (所要時間 58s)","size":772004836,"ts":"2026-09-20T11:54:57Z"}
{"event":"start","level":"INFO","message":"バックアップ開始","mode":"archive","target":"/samba/share/CD","ts":"2026-09-20T12:53:59Z"}
{"event":"archive_start","level":"INFO","message":"圧縮開始","output":"/samba/share/Kizuna-Backup/Kizuna-Backup-LITE/tmp/CD_20260920_125359.tar.gz","target":"/samba/share/CD","ts":"2026-09-20T12:53:59Z"}
{"event":"archive_complete","level":"INFO","message":"圧縮完了: 736.2 MB","path":"/samba/share/Kizuna-Backup/Kizuna-Backup-LITE/tmp/CD_20260920_125359.tar.gz","sha256":"d0f80e6401122c471e1e99aa031bd06ac96160a04ae926a126bd98754ae011ac","size":772004836,"ts":"2026-09-20T12:54:16Z"}
{"dest":"user@localhost","dir":"/srv/kizuna-backup-test","event":"transfer_start","level":"INFO","message":"転送開始","ts":"2026-09-20T12:54:16Z"}
{"dest":"user@localhost","event":"transfer_complete","level":"INFO","message":"転送完了","path":"/srv/kizuna-backup-test/CD_20260920_125359.tar.gz","ts":"2026-09-20T12:54:53Z"}
{"count":1,"dir":"/samba/share/Kizuna-Backup/Kizuna-Backup-LITE/tmp","event":"rotation_not_needed","keep":3,"level":"INFO","message":"世代管理不要 (保持数以内)","pattern":"CD_*.tar.gz","ts":"2026-09-20T12:54:53Z"}
{"deleted_count":0,"dir":"/samba/share/Kizuna-Backup/Kizuna-Backup-LITE/tmp","event":"rotation_complete","keep":3,"level":"INFO","message":"世代管理完了: 保持数 3 / 削除件数 0","pattern":"CD_*.tar.gz","ts":"2026-09-20T12:54:53Z"}
{"event":"remote_rotate_delete","level":"INFO","message":"リモート世代管理で削除: CD_20260920_100237.tar.gz","path":"/srv/kizuna-backup-test/CD_20260920_100237.tar.gz","ts":"2026-09-20T12:54:55Z"}
{"deleted_count":1,"event":"remote_rotation_complete","keep":3,"level":"INFO","message":"リモート世代管理完了: 保持数 3 / 削除件数 1","pattern":"CD_*.tar.gz","remote_dir":"/srv/kizuna-backup-test","ts":"2026-09-20T12:54:55Z"}
{"event":"local_cleanup","level":"INFO","message":"ローカルアーカイブ削除","path":"/samba/share/Kizuna-Backup/Kizuna-Backup-LITE/tmp/CD_20260920_125359.tar.gz","ts":"2026-09-20T12:54:55Z"}
{"duration_sec":56.277867828,"event":"success","level":"INFO","message":"バックアップ成功 (所要時間 56s)","size":772004836,"ts":"2026-09-20T12:54:55Z"}
{"event":"start","level":"INFO","message":"バックアップ開始","mode":"archive","target":"/samba/share/CD","ts":"2026-09-20T13:53:59Z"}
{"event":"archive_start","level":"INFO","message":"圧縮開始","output":"/samba/share/Kizuna-Backup/Kizuna-Backup-LITE/tmp/CD_20260920_135359.tar.gz","target":"/samba/share/CD","ts":"2026-09-20T13:53:59Z"}
{"event":"archive_complete","level":"INFO","message":"圧縮完了: 736.2 MB","path":"/samba/share/Kizuna-Backup/Kizuna-Backup-LITE/tmp/CD_20260920_135359.tar.gz","sha256":"d0f80e6401122c471e1e99aa031bd06ac96160a04ae926a126bd98754ae011ac","size":772004836,"ts":"2026-09-20T13:54:11Z"}
{"dest":"user@localhost","dir":"/srv/kizuna-backup-test","event":"transfer_start","level":"INFO","message":"転送開始","ts":"2026-09-20T13:54:11Z"}
{"dest":"user@localhost","event":"transfer_complete","level":"INFO","message":"転送完了","path":"/srv/kizuna-backup-test/CD_20260920_135359.tar.gz","ts":"2026-09-20T13:54:45Z"}
{"count":1,"dir":"/samba/share/Kizuna-Backup/Kizuna-Backup-LITE/tmp","event":"rotation_not_needed","keep":3,"level":"INFO","message":"世代管理不要 (保持数以内)","pattern":"CD_*.tar.gz","ts":"2026-09-20T13:54:45Z"}
{"deleted_count":0,"dir":"/samba/share/Kizuna-Backup/Kizuna-Backup-LITE/tmp","event":"rotation_complete","keep":3,"level":"INFO","message":"世代管理完了: 保持数 3 / 削除件数 0","pattern":"CD_*.tar.gz","ts":"2026-09-20T13:54:45Z"}
{"event":"remote_rotate_delete","level":"INFO","message":"リモート世代管理で削除: CD_20260920_110237.tar.gz","path":"/srv/kizuna-backup-test/CD_20260920_110237.tar.gz","ts":"2026-09-20T13:54:47Z"}
{"deleted_count":1,"event":"remote_rotation_complete","keep":3,"level":"INFO","message":"リモート世代管理完了: 保持数 3 / 削除件数 1","pattern":"CD_*.tar.gz","remote_dir":"/srv/kizuna-backup-test","ts":"2026-09-20T13:54:47Z"}
{"event":"local_cleanup","level":"INFO","message":"ローカルアーカイブ削除","path":"/samba/share/Kizuna-Backup/Kizuna-Backup-LITE/tmp/CD_20260920_135359.tar.gz","ts":"2026-09-20T13:54:47Z"}
{"duration_sec":48.349767311,"event":"success","level":"INFO","message":"バックアップ成功 (所要時間 48s)","size":772004836,"ts":"2026-09-20T13:54:47Z"}
{"event":"start","level":"INFO","message":"バックアップ開始","mode":"archive","target":"/samba/share/CD","ts":"2026-09-20T14:53:59Z"}
{"event":"archive_start","level":"INFO","message":"圧縮開始","output":"/samba/share/Kizuna-Backup/Kizuna-Backup-LITE/tmp/CD_20260920_145359.tar.gz","target":"/samba/share/CD","ts":"2026-09-20T14:53:59Z"}
{"event":"archive_complete","level":"INFO","message":"圧縮完了: 736.2 MB","path":"/samba/share/Kizuna-Backup/Kizuna-Backup-LITE/tmp/CD_20260920_145359.tar.gz","sha256":"d0f80e6401122c471e1e99aa031bd06ac96160a04ae926a126bd98754ae011ac","size":772004836,"ts":"2026-09-20T14:54:13Z"}
{"dest":"user@localhost","dir":"/srv/kizuna-backup-test","event":"transfer_start","level":"INFO","message":"転送開始","ts":"2026-09-20T14:54:13Z"}
{"dest":"user@localhost","event":"transfer_complete","level":"INFO","message":"転送完了","path":"/srv/kizuna-backup-test/CD_20260920_145359.tar.gz","ts":"2026-09-20T14:54:47Z"}
{"count":1,"dir":"/samba/share/Kizuna-Backup/Kizuna-Backup-LITE/tmp","event":"rotation_not_needed","keep":3,"level":"INFO","message":"世代管理不要 (保持数以内)","pattern":"CD_*.tar.gz","ts":"2026-09-20T14:54:47Z"}
{"deleted_count":0,"dir":"/samba/share/Kizuna-Backup/Kizuna-Backup-LITE/tmp","event":"rotation_complete","keep":3,"level":"INFO","message":"世代管理完了: 保持数 3 / 削除件数 0","pattern":"CD_*.tar.gz","ts":"2026-09-20T14:54:47Z"}
{"event":"remote_rotate_delete","level":"INFO","message":"リモート世代管理で削除: CD_20260920_115359.tar.gz","path":"/srv/kizuna-backup-test/CD_20260920_115359.tar.gz","ts":"2026-09-20T14:54:51Z"}
{"deleted_count":1,"event":"remote_rotation_complete","keep":3,"level":"INFO","message":"リモート世代管理完了: 保持数 3 / 削除件数 1","pattern":"CD_*.tar.gz","remote_dir":"/srv/kizuna-backup-test","ts":"2026-09-20T14:54:51Z"}
{"event":"local_cleanup","level":"INFO","message":"ローカルアーカイブ削除","path":"/samba/share/Kizuna-Backup/Kizuna-Backup-LITE/tmp/CD_20260920_145359.tar.gz","ts":"2026-09-20T14:54:51Z"}
{"duration_sec":51.798580163,"event":"success","level":"INFO","message":"バックアップ成功 (所要時間 52s)","size":772004836,"ts":"2026-09-20T14:54:51Z"}
{"event":"start","level":"INFO","message":"バックアップ開始","mode":"archive","target":"/samba/share/CD","ts":"2026-09-20T15:53:59Z"}
{"event":"archive_start","level":"INFO","message":"圧縮開始","output":"/samba/share/Kizuna-Backup/Kizuna-Backup-LITE/tmp/CD_20260920_155359.tar.gz","target":"/samba/share/CD","ts":"2026-09-20T15:53:59Z"}
{"event":"archive_complete","level":"INFO","message":"圧縮完了: 736.2 MB","path":"/samba/share/Kizuna-Backup/Kizuna-Backup-LITE/tmp/CD_20260920_155359.tar.gz","sha256":"d0f80e6401122c471e1e99aa031bd06ac96160a04ae926a126bd98754ae011ac","size":772004836,"ts":"2026-09-20T15:54:11Z"}
{"dest":"user@localhost","dir":"/srv/kizuna-backup-test","event":"transfer_start","level":"INFO","message":"転送開始","ts":"2026-09-20T15:54:11Z"}
{"dest":"user@localhost","event":"transfer_complete","level":"INFO","message":"転送完了","path":"/srv/kizuna-backup-test/CD_20260920_155359.tar.gz","ts":"2026-09-20T15:54:44Z"}
{"count":1,"dir":"/samba/share/Kizuna-Backup/Kizuna-Backup-LITE/tmp","event":"rotation_not_needed","keep":3,"level":"INFO","message":"世代管理不要 (保持数以内)","pattern":"CD_*.tar.gz","ts":"2026-09-20T15:54:44Z"}
{"deleted_count":0,"dir":"/samba/share/Kizuna-Backup/Kizuna-Backup-LITE/tmp","event":"rotation_complete","keep":3,"level":"INFO","message":"世代管理完了: 保持数 3 / 削除件数 0","pattern":"CD_*.tar.gz","ts":"2026-09-20T15:54:44Z"}
{"event":"remote_rotate_delete","level":"INFO","message":"リモート世代管理で削除: CD_20260920_125359.tar.gz","path":"/srv/kizuna-backup-test/CD_20260920_125359.tar.gz","ts":"2026-09-20T15:54:45Z"}
{"deleted_count":1,"event":"remote_rotation_complete","keep":3,"level":"INFO","message":"リモート世代管理完了: 保持数 3 / 削除件数 1","pattern":"CD_*.tar.gz","remote_dir":"/srv/kizuna-backup-test","ts":"2026-09-20T15:54:45Z"}
{"event":"local_cleanup","level":"INFO","message":"ローカルアーカイブ削除","path":"/samba/share/Kizuna-Backup/Kizuna-Backup-LITE/tmp/CD_20260920_155359.tar.gz","ts":"2026-09-20T15:54:45Z"}
{"duration_sec":46.37192618,"event":"success","level":"INFO","message":"バックアップ成功 (所要時間 46s)","size":772004836,"ts":"2026-09-20T15:54:45Z"}
{"event":"start","level":"INFO","message":"バックアップ開始","mode":"archive","target":"/samba/share/CD","ts":"2026-09-20T16:53:59Z"}
{"event":"archive_start","level":"INFO","message":"圧縮開始","output":"/samba/share/Kizuna-Backup/Kizuna-Backup-LITE/tmp/CD_20260920_165359.tar.gz","target":"/samba/share/CD","ts":"2026-09-20T16:53:59Z"}
{"event":"archive_complete","level":"INFO","message":"圧縮完了: 736.2 MB","path":"/samba/share/Kizuna-Backup/Kizuna-Backup-LITE/tmp/CD_20260920_165359.tar.gz","sha256":"d0f80e6401122c471e1e99aa031bd06ac96160a04ae926a126bd98754ae011ac","size":772004836,"ts":"2026-09-20T16:54:11Z"}
{"dest":"user@localhost","dir":"/srv/kizuna-backup-test","event":"transfer_start","level":"INFO","message":"転送開始","ts":"2026-09-20T16:54:11Z"}
{"dest":"user@localhost","event":"transfer_complete","level":"INFO","message":"転送完了","path":"/srv/kizuna-backup-test/CD_20260920_165359.tar.gz","ts":"2026-09-20T16:54:44Z"}
{"count":1,"dir":"/samba/share/Kizuna-Backup/Kizuna-Backup-LITE/tmp","event":"rotation_not_needed","keep":3,"level":"INFO","message":"世代管理不要 (保持数以内)","pattern":"CD_*.tar.gz","ts":"2026-09-20T16:54:44Z"}
{"deleted_count":0,"dir":"/samba/share/Kizuna-Backup/Kizuna-Backup-LITE/tmp","event":"rotation_complete","keep":3,"level":"INFO","message":"世代管理完了: 保持数 3 / 削除件数 0","pattern":"CD_*.tar.gz","ts":"2026-09-20T16:54:44Z"}
{"event":"remote_rotate_delete","level":"INFO","message":"リモート世代管理で削除: CD_20260920_135359.tar.gz","path":"/srv/kizuna-backup-test/CD_20260920_135359.tar.gz","ts":"2026-09-20T16:54:47Z"}
{"deleted_count":1,"event":"remote_rotation_complete","keep":3,"level":"INFO","message":"リモート世代管理完了: 保持数 3 / 削除件数 1","pattern":"CD_*.tar.gz","remote_dir":"/srv/kizuna-backup-test","ts":"2026-09-20T16:54:47Z"}
{"event":"local_cleanup","level":"INFO","message":"ローカルアーカイブ削除","path":"/samba/share/Kizuna-Backup/Kizuna-Backup-LITE/tmp/CD_20260920_165359.tar.gz","ts":"2026-09-20T16:54:47Z"}
{"duration_sec":47.988421651,"event":"success","level":"INFO","message":"バックアップ成功 (所要時間 48s)","size":772004836,"ts":"2026-09-20T16:54:47Z"}
{"event":"start","level":"INFO","message":"バックアップ開始","mode":"archive","target":"/samba/share/CD","ts":"2026-09-20T17:53:59Z"}
{"event":"archive_start","level":"INFO","message":"圧縮開始","output":"/samba/share/Kizuna-Backup/Kizuna-Backup-LITE/tmp/CD_20260920_175359.tar.gz","target":"/samba/share/CD","ts":"2026-09-20T17:53:59Z"}
{"event":"archive_complete","level":"INFO","message":"圧縮完了: 736.2 MB","path":"/samba/share/Kizuna-Backup/Kizuna-Backup-LITE/tmp/CD_20260920_175359.tar.gz","sha256":"d0f80e6401122c471e1e99aa031bd06ac96160a04ae926a126bd98754ae011ac","size":772004836,"ts":"2026-09-20T17:54:10Z"}
{"dest":"user@localhost","dir":"/srv/kizuna-backup-test","event":"transfer_start","level":"INFO","message":"転送開始","ts":"2026-09-20T17:54:10Z"}
{"dest":"user@localhost","event":"transfer_complete","level":"INFO","message":"転送完了","path":"/srv/kizuna-backup-test/CD_20260920_175359.tar.gz","ts":"2026-09-20T17:54:44Z"}
{"count":1,"dir":"/samba/share/Kizuna-Backup/Kizuna-Backup-LITE/tmp","event":"rotation_not_needed","keep":3,"level":"INFO","message":"世代管理不要 (保持数以内)","pattern":"CD_*.tar.gz","ts":"2026-09-20T17:54:44Z"}
{"deleted_count":0,"dir":"/samba/share/Kizuna-Backup/Kizuna-Backup-LITE/tmp","event":"rotation_complete","keep":3,"level":"INFO","message":"世代管理完了: 保持数 3 / 削除件数 0","pattern":"CD_*.tar.gz","ts":"2026-09-20T17:54:44Z"}
{"event":"remote_rotate_delete","level":"INFO","message":"リモート世代管理で削除: CD_20260920_145359.tar.gz","path":"/srv/kizuna-backup-test/CD_20260920_145359.tar.gz","ts":"2026-09-20T17:54:45Z"}
{"deleted_count":1,"event":"remote_rotation_complete","keep":3,"level":"INFO","message":"リモート世代管理完了: 保持数 3 / 削除件数 1","pattern":"CD_*.tar.gz","remote_dir":"/srv/kizuna-backup-test","ts":"2026-09-20T17:54:45Z"}
{"event":"local_cleanup","level":"INFO","message":"ローカルアーカイブ削除","path":"/samba/share/Kizuna-Backup/Kizuna-Backup-LITE/tmp/CD_20260920_175359.tar.gz","ts":"2026-09-20T17:54:45Z"}
{"duration_sec":45.758012278,"event":"success","level":"INFO","message":"バックアップ成功 (所要時間 46s)","size":772004836,"ts":"2026-09-20T17:54:45Z"}
{"event":"start","level":"INFO","message":"バックアップ開始","mode":"archive","target":"/samba/share/CD","ts":"2026-09-20T18:53:59Z"}
{"event":"archive_start","level":"INFO","message":"圧縮開始","output":"/samba/share/Kizuna-Backup/Kizuna-Backup-LITE/tmp/CD_20260920_185359.tar.gz","target":"/samba/share/CD","ts":"2026-09-20T18:53:59Z"}
{"event":"archive_complete","level":"INFO","message":"圧縮完了: 736.2 MB","path":"/samba/share/Kizuna-Backup/Kizuna-Backup-LITE/tmp/CD_20260920_185359.tar.gz","sha256":"d0f80e6401122c471e1e99aa031bd06ac96160a04ae926a126bd98754ae011ac","size":772004836,"ts":"2026-09-20T18:54:11Z"}
{"dest":"user@localhost","dir":"/srv/kizuna-backup-test","event":"transfer_start","level":"INFO","message":"転送開始","ts":"2026-09-20T18:54:11Z"}
{"dest":"user@localhost","event":"transfer_complete","level":"INFO","message":"転送完了","path":"/srv/kizuna-backup-test/CD_20260920_185359.tar.gz","ts":"2026-09-20T18:54:46Z"}
{"count":1,"dir":"/samba/share/Kizuna-Backup/Kizuna-Backup-LITE/tmp","event":"rotation_not_needed","keep":3,"level":"INFO","message":"世代管理不要 (保持数以内)","pattern":"CD_*.tar.gz","ts":"2026-09-20T18:54:46Z"}
{"deleted_count":0,"dir":"/samba/share/Kizuna-Backup/Kizuna-Backup-LITE/tmp","event":"rotation_complete","keep":3,"level":"INFO","message":"世代管理完了: 保持数 3 / 削除件数 0","pattern":"CD_*.tar.gz","ts":"2026-09-20T18:54:46Z"}
{"event":"remote_rotate_delete","level":"INFO","message":"リモート世代管理で削除: CD_20260920_155359.tar.gz","path":"/srv/kizuna-backup-test/CD_20260920_155359.tar.gz","ts":"2026-09-20T18:54:47Z"}
{"deleted_count":1,"event":"remote_rotation_complete","keep":3,"level":"INFO","message":"リモート世代管理完了: 保持数 3 / 削除件数 1","pattern":"CD_*.tar.gz","remote_dir":"/srv/kizuna-backup-test","ts":"2026-09-20T18:54:47Z"}
{"event":"local_cleanup","level":"INFO","message":"ローカルアーカイブ削除","path":"/samba/share/Kizuna-Backup/Kizuna-Backup-LITE/tmp/CD_20260920_185359.tar.gz","ts":"2026-09-20T18:54:47Z"}
{"duration_sec":48.182353983,"event":"success","level":"INFO","message":"バックアップ成功 (所要時間 48s)","size":772004836,"ts":"2026-09-20T18:54:47Z"}
{"event":"start","level":"INFO","message":"バックアップ開始","mode":"archive","target":"/samba/share/CD","ts":"2026-09-20T19:53:59Z"}
{"event":"archive_start","level":"INFO","message":"圧縮開始","output":"/samba/share/Kizuna-Backup/Kizuna-Backup-LITE/tmp/CD_20260920_195359.tar.gz","target":"/samba/share/CD","ts":"2026-09-20T19:53:59Z"}
{"event":"archive_complete","level":"INFO","message":"圧縮完了: 736.2 MB","path":"/samba/share/Kizuna-Backup/Kizuna-Backup-LITE/tmp/CD_20260920_195359.tar.gz","sha256":"d0f80e6401122c471e1e99aa031bd06ac96160a04ae926a126bd98754ae011ac","size":772004836,"ts":"2026-09-20T19:54:11Z"}
{"dest":"user@localhost","dir":"/srv/kizuna-backup-test","event":"transfer_start","level":"INFO","message":"転送開始","ts":"2026-09-20T19:54:11Z"}
{"dest":"user@localhost","event":"transfer_complete","level":"INFO","message":"転送完了","path":"/srv/kizuna-backup-test/CD_20260920_195359.tar.gz","ts":"2026-09-20T19:54:45Z"}
{"count":1,"dir":"/samba/share/Kizuna-Backup/Kizuna-Backup-LITE/tmp","event":"rotation_not_needed","keep":3,"level":"INFO","message":"世代管理不要 (保持数以内)","pattern":"CD_*.tar.gz","ts":"2026-09-20T19:54:45Z"}
{"deleted_count":0,"dir":"/samba/share/Kizuna-Backup/Kizuna-Backup-LITE/tmp","event":"rotation_complete","keep":3,"level":"INFO","message":"世代管理完了: 保持数 3 / 削除件数 0","pattern":"CD_*.tar.gz","ts":"2026-09-20T19:54:45Z"}
{"event":"remote_rotate_delete","level":"INFO","message":"リモート世代管理で削除: CD_20260920_165359.tar.gz","path":"/srv/kizuna-backup-test/CD_20260920_165359.tar.gz","ts":"2026-09-20T19:54:47Z"}
{"deleted_count":1,"event":"remote_rotation_complete","keep":3,"level":"INFO","message":"リモート世代管理完了: 保持数 3 / 削除件数 1","pattern":"CD_*.tar.gz","remote_dir":"/srv/kizuna-backup-test","ts":"2026-09-20T19:54:47Z"}
{"event":"local_cleanup","level":"INFO","message":"ローカルアーカイブ削除","path":"/samba/share/Kizuna-Backup/Kizuna-Backup-LITE/tmp/CD_20260920_195359.tar.gz","ts":"2026-09-20T19:54:47Z"}
{"duration_sec":48.383627716,"event":"success","level":"INFO","message":"バックアップ成功 (所要時間 48s)","size":772004836,"ts":"2026-09-20T19:54:47Z"}
{"event":"start","level":"INFO","message":"バックアップ開始","mode":"archive","target":"/samba/share/CD","ts":"2026-09-20T20:53:59Z"}
{"event":"archive_start","level":"INFO","message":"圧縮開始","output":"/samba/share/Kizuna-Backup/Kizuna-Backup-LITE/tmp/CD_20260920_205359.tar.gz","target":"/samba/share/CD","ts":"2026-09-20T20:53:59Z"}
{"event":"archive_complete","level":"INFO","message":"圧縮完了: 736.2 MB","path":"/samba/share/Kizuna-Backup/Kizuna-Backup-LITE/tmp/CD_20260920_205359.tar.gz","sha256":"d0f80e6401122c471e1e99aa031bd06ac96160a04ae926a126bd98754ae011ac","size":772004836,"ts":"2026-09-20T20:54:10Z"}
{"dest":"user@localhost","dir":"/srv/kizuna-backup-test","event":"transfer_start","level":"INFO","message":"転送開始","ts":"2026-09-20T20:54:10Z"}
{"dest":"user@localhost","event":"transfer_complete","level":"INFO","message":"転送完了","path":"/srv/kizuna-backup-test/CD_20260920_205359.tar.gz","ts":"2026-09-20T20:54:44Z"}
{"count":1,"dir":"/samba/share/Kizuna-Backup/Kizuna-Backup-LITE/tmp","event":"rotation_not_needed","keep":3,"level":"INFO","message":"世代管理不要 (保持数以内)","pattern":"CD_*.tar.gz","ts":"2026-09-20T20:54:44Z"}
{"deleted_count":0,"dir":"/samba/share/Kizuna-Backup/Kizuna-Backup-LITE/tmp","event":"rotation_complete","keep":3,"level":"INFO","message":"世代管理完了: 保持数 3 / 削除件数 0","pattern":"CD_*.tar.gz","ts":"2026-09-20T20:54:44Z"}
{"event":"remote_rotate_delete","level":"INFO","message":"リモート世代管理で削除: CD_20260920_175359.tar.gz","path":"/srv/kizuna-backup-test/CD_20260920_175359.tar.gz","ts":"2026-09-20T20:54:47Z"}
{"deleted_count":1,"event":"remote_rotation_complete","keep":3,"level":"INFO","message":"リモート世代管理完了: 保持数 3 / 削除件数 1","pattern":"CD_*.tar.gz","remote_dir":"/srv/kizuna-backup-test","ts":"2026-09-20T20:54:47Z"}
{"event":"local_cleanup","level":"INFO","message":"ローカルアーカイブ削除","path":"/samba/share/Kizuna-Backup/Kizuna-Backup-LITE/tmp/CD_20260920_205359.tar.gz","ts":"2026-09-20T20:54:47Z"}
{"duration_sec":47.908961705,"event":"success","level":"INFO","message":"バックアップ成功 (所要時間 48s)","size":772004836,"ts":"2026-09-20T20:54:47Z"}
{"event":"start","level":"INFO","message":"バックアップ開始","mode":"archive","target":"/samba/share/CD","ts":"2026-09-20T21:53:59Z"}
{"event":"archive_start","level":"INFO","message":"圧縮開始","output":"/samba/share/Kizuna-Backup/Kizuna-Backup-LITE/tmp/CD_20260920_215359.tar.gz","target":"/samba/share/CD","ts":"2026-09-20T21:53:59Z"}
{"event":"archive_complete","level":"INFO","message":"圧縮完了: 736.2 MB","path":"/samba/share/Kizuna-Backup/Kizuna-Backup-LITE/tmp/CD_20260920_215359.tar.gz","sha256":"d0f80e6401122c471e1e99aa031bd06ac96160a04ae926a126bd98754ae011ac","size":772004836,"ts":"2026-09-20T21:54:12Z"}
{"dest":"user@localhost","dir":"/srv/kizuna-backup-test","event":"transfer_start","level":"INFO","message":"転送開始","ts":"2026-09-20T21:54:12Z"}
{"dest":"user@localhost","event":"transfer_complete","level":"INFO","message":"転送完了","path":"/srv/kizuna-backup-test/CD_20260920_215359.tar.gz","ts":"2026-09-20T21:54:45Z"}
{"count":1,"dir":"/samba/share/Kizuna-Backup/Kizuna-Backup-LITE/tmp","event":"rotation_not_needed","keep":3,"level":"INFO","message":"世代管理不要 (保持数以内)","pattern":"CD_*.tar.gz","ts":"2026-09-20T21:54:45Z"}
{"deleted_count":0,"dir":"/samba/share/Kizuna-Backup/Kizuna-Backup-LITE/tmp","event":"rotation_complete","keep":3,"level":"INFO","message":"世代管理完了: 保持数 3 / 削除件数 0","pattern":"CD_*.tar.gz","ts":"2026-09-20T21:54:45Z"}
{"event":"remote_rotate_delete","level":"INFO","message":"リモート世代管理で削除: CD_20260920_185359.tar.gz","path":"/srv/kizuna-backup-test/CD_20260920_185359.tar.gz","ts":"2026-09-20T21:54:48Z"}
{"deleted_count":1,"event":"remote_rotation_complete","keep":3,"level":"INFO","message":"リモート世代管理完了: 保持数 3 / 削除件数 1","pattern":"CD_*.tar.gz","remote_dir":"/srv/kizuna-backup-test","ts":"2026-09-20T21:54:48Z"}
{"event":"local_cleanup","level":"INFO","message":"ローカルアーカイブ削除","path":"/samba/share/Kizuna-Backup/Kizuna-Backup-LITE/tmp/CD_20260920_215359.tar.gz","ts":"2026-09-20T21:54:48Z"}
{"duration_sec":48.862739775,"event":"success","level":"INFO","message":"バックアップ成功 (所要時間 49s)","size":772004836,"ts":"2026-09-20T21:54:48Z"}
{"event":"start","level":"INFO","message":"バックアップ開始","mode":"archive","target":"/samba/share/CD","ts":"2026-09-20T22:53:59Z"}
{"event":"archive_start","level":"INFO","message":"圧縮開始","output":"/samba/share/Kizuna-Backup/Kizuna-Backup-LITE/tmp/CD_20260920_225359.tar.gz","target":"/samba/share/CD","ts":"2026-09-20T22:53:59Z"}
{"event":"archive_complete","level":"INFO","message":"圧縮完了: 736.2 MB","path":"/samba/share/Kizuna-Backup/Kizuna-Backup-LITE/tmp/CD_20260920_225359.tar.gz","sha256":"d0f80e6401122c471e1e99aa031bd06ac96160a04ae926a126bd98754ae011ac","size":772004836,"ts":"2026-09-20T22:54:10Z"}
{"dest":"user@localhost","dir":"/srv/kizuna-backup-test","event":"transfer_start","level":"INFO","message":"転送開始","ts":"2026-09-20T22:54:10Z"}
{"dest":"user@localhost","event":"transfer_complete","level":"INFO","message":"転送完了","path":"/srv/kizuna-backup-test/CD_20260920_225359.tar.gz","ts":"2026-09-20T22:54:44Z"}
{"count":1,"dir":"/samba/share/Kizuna-Backup/Kizuna-Backup-LITE/tmp","event":"rotation_not_needed","keep":3,"level":"INFO","message":"世代管理不要 (保持数以内)","pattern":"CD_*.tar.gz","ts":"2026-09-20T22:54:44Z"}
{"deleted_count":0,"dir":"/samba/share/Kizuna-Backup/Kizuna-Backup-LITE/tmp","event":"rotation_complete","keep":3,"level":"INFO","message":"世代管理完了: 保持数 3 / 削除件数 0","pattern":"CD_*.tar.gz","ts":"2026-09-20T22:54:44Z"}
{"event":"remote_rotate_delete","level":"INFO","message":"リモート世代管理で削除: CD_20260920_195359.tar.gz","path":"/srv/kizuna-backup-test/CD_20260920_195359.tar.gz","ts":"2026-09-20T22:54:44Z"}
{"deleted_count":1,"event":"remote_rotation_complete","keep":3,"level":"INFO","message":"リモート世代管理完了: 保持数 3 / 削除件数 1","pattern":"CD_*.tar.gz","remote_dir":"/srv/kizuna-backup-test","ts":"2026-09-20T22:54:44Z"}
{"event":"local_cleanup","level":"INFO","message":"ローカルアーカイブ削除","path":"/samba/share/Kizuna-Backup/Kizuna-Backup-LITE/tmp/CD_20260920_225359.tar.gz","ts":"2026-09-20T22:54:44Z"}
{"duration_sec":45.330294968,"event":"success","level":"INFO","message":"バックアップ成功 (所要時間 45s)","size":772004836,"ts":"2026-09-20T22:54:44Z"}
{"event":"start","level":"INFO","message":"バックアップ開始","mode":"archive","target":"/samba/share/CD","ts":"2026-09-20T23:53:59Z"}
{"event":"archive_start","level":"INFO","message":"圧縮開始","output":"/samba/share/Kizuna-Backup/Kizuna-Backup-LITE/tmp/CD_20260920_235359.tar.gz","target":"/samba/share/CD","ts":"2026-09-20T23:53:59Z"}
{"event":"archive_complete","level":"INFO","message":"圧縮完了: 736.2 MB","path":"/samba/share/Kizuna-Backup/Kizuna-Backup-LITE/tmp/CD_20260920_235359.tar.gz","sha256":"d0f80e6401122c471e1e99aa031bd06ac96160a04ae926a126bd98754ae011ac","size":772004836,"ts":"2026-09-20T23:54:09Z"}
{"dest":"user@localhost","dir":"/srv/kizuna-backup-test","event":"transfer_start","level":"INFO","message":"転送開始","ts":"2026-09-20T23:54:09Z"}
{"dest":"user@localhost","event":"transfer_complete","level":"INFO","message":"転送完了","path":"/srv/kizuna-backup-test/CD_20260920_235359.tar.gz","ts":"2026-09-20T23:54:41Z"}
{"count":1,"dir":"/samba/share/Kizuna-Backup/Kizuna-Backup-LITE/tmp","event":"rotation_not_needed","keep":3,"level":"INFO","message":"世代管理不要 (保持数以内)","pattern":"CD_*.tar.gz","ts":"2026-09-20T23:54:41Z"}
{"deleted_count":0,"dir":"/samba/share/Kizuna-Backup/Kizuna-Backup-LITE/tmp","event":"rotation_complete","keep":3,"level":"INFO","message":"世代管理完了: 保持数 3 / 削除件数 0","pattern":"CD_*.tar.gz","ts":"2026-09-20T23:54:41Z"}
{"event":"remote_rotate_delete","level":"INFO","message":"リモート世代管理で削除: CD_20260920_205359.tar.gz","path":"/srv/kizuna-backup-test/CD_20260920_205359.tar.gz","ts":"2026-09-20T23:54:44Z"}
{"deleted_count":1,"event":"remote_rotation_complete","keep":3,"level":"INFO","message":"リモート世代管理完了: 保持数 3 / 削除件数 1","pattern":"CD_*.tar.gz","remote_dir":"/srv/kizuna-backup-test","ts":"2026-09-20T23:54:44Z"}
{"event":"local_cleanup","level":"INFO","message":"ローカルアーカイブ削除","path":"/samba/share/Kizuna-Backup/Kizuna-Backup-LITE/tmp/CD_20260920_235359.tar.gz","ts":"2026-09-20T23:54:44Z"}
{"duration_sec":45.386217481,"event":"success","level":"INFO","message":"バックアップ成功 (所要時間 45s)","size":772004836,"ts":"2026-09-20T23:54:44Z"}
{"event":"start","level":"INFO","message":"バックアップ開始","mode":"archive","target":"/samba/share/CD","ts":"2026-09-21T00:53:59Z"}
{"event":"archive_start","level":"INFO","message":"圧縮開始","output":"/samba/share/Kizuna-Backup/Kizuna-Backup-LITE/tmp/CD_20260921_005359.tar.gz","target":"/samba/share/CD","ts":"2026-09-21T00:53:59Z"}
{"event":"archive_complete","level":"INFO","message":"圧縮完了: 736.2 MB","path":"/samba/share/Kizuna-Backup/Kizuna-Backup-LITE/tmp/CD_20260921_005359.tar.gz","sha256":"d0f80e6401122c471e1e99aa031bd06ac96160a04ae926a126bd98754ae011ac","size":772004836,"ts":"2026-09-21T00:54:10Z"}
{"dest":"user@localhost","dir":"/srv/kizuna-backup-test","event":"transfer_start","level":"INFO","message":"転送開始","ts":"2026-09-21T00:54:10Z"}
{"dest":"user@localhost","event":"transfer_complete","level":"INFO","message":"転送完了","path":"/srv/kizuna-backup-test/CD_20260921_005359.tar.gz","ts":"2026-09-21T00:54:43Z"}
{"count":1,"dir":"/samba/share/Kizuna-Backup/Kizuna-Backup-LITE/tmp","event":"rotation_not_needed","keep":3,"level":"INFO","message":"世代管理不要 (保持数以内)","pattern":"CD_*.tar.gz","ts":"2026-09-21T00:54:43Z"}
{"deleted_count":0,"dir":"/samba/share/Kizuna-Backup/Kizuna-Backup-LITE/tmp","event":"rotation_complete","keep":3,"level":"INFO","message":"世代管理完了: 保持数 3 / 削除件数 0","pattern":"CD_*.tar.gz","ts":"2026-09-21T00:54:43Z"}
{"event":"remote_rotate_delete","level":"INFO","message":"リモート世代管理で削除: CD_20260920_215359.tar.gz","path":"/srv/kizuna-backup-test/CD_20260920_215359.tar.gz","ts":"2026-09-21T00:54:44Z"}
{"deleted_count":1,"event":"remote_rotation_complete","keep":3,"level":"INFO","message":"リモート世代管理完了: 保持数 3 / 削除件数 1","pattern":"CD_*.tar.gz","remote_dir":"/srv/kizuna-backup-test","ts":"2026-09-21T00:54:44Z"}
{"event":"local_cleanup","level":"INFO","message":"ローカルアーカイブ削除","path":"/samba/share/Kizuna-Backup/Kizuna-Backup-LITE/tmp/CD_20260921_005359.tar.gz","ts":"2026-09-21T00:54:44Z"}
{"duration_sec":45.128309896,"event":"success","level":"INFO","message":"バックアップ成功 (所要時間 45s)","size":772004836,"ts":"2026-09-21T00:54:44Z"}
{"event":"start","level":"INFO","message":"バックアップ開始","mode":"archive","target":"/samba/share/CD","ts":"2026-09-21T01:53:59Z"}
{"event":"archive_start","level":"INFO","message":"圧縮開始","output":"/samba/share/Kizuna-Backup/Kizuna-Backup-LITE/tmp/CD_20260921_015359.tar.gz","target":"/samba/share/CD","ts":"2026-09-21T01:53:59Z"}
{"event":"archive_complete","level":"INFO","message":"圧縮完了: 736.2 MB","path":"/samba/share/Kizuna-Backup/Kizuna-Backup-LITE/tmp/CD_20260921_015359.tar.gz","sha256":"d0f80e6401122c471e1e99aa031bd06ac96160a04ae926a126bd98754ae011ac","size":772004836,"ts":"2026-09-21T01:54:12Z"}
{"dest":"user@localhost","dir":"/srv/kizuna-backup-test","event":"transfer_start","level":"INFO","message":"転送開始","ts":"2026-09-21T01:54:13Z"}
{"dest":"user@localhost","event":"transfer_complete","level":"INFO","message":"転送完了","path":"/srv/kizuna-backup-test/CD_20260921_015359.tar.gz","ts":"2026-09-21T01:54:47Z"}
{"count":1,"dir":"/samba/share/Kizuna-Backup/Kizuna-Backup-LITE/tmp","event":"rotation_not_needed","keep":3,"level":"INFO","message":"世代管理不要 (保持数以内)","pattern":"CD_*.tar.gz","ts":"2026-09-21T01:54:47Z"}
{"deleted_count":0,"dir":"/samba/share/Kizuna-Backup/Kizuna-Backup-LITE/tmp","event":"rotation_complete","keep":3,"level":"INFO","message":"世代管理完了: 保持数 3 / 削除件数 0","pattern":"CD_*.tar.gz","ts":"2026-09-21T01:54:47Z"}
{"event":"remote_rotate_delete","level":"INFO","message":"リモート世代管理で削除: CD_20260920_225359.tar.gz","path":"/srv/kizuna-backup-test/CD_20260920_225359.tar.gz","ts":"2026-09-21T01:54:47Z"}
{"deleted_count":1,"event":"remote_rotation_complete","keep":3,"level":"INFO","message":"リモート世代管理完了: 保持数 3 / 削除件数 1","pattern":"CD_*.tar.gz","remote_dir":"/srv/kizuna-backup-test","ts":"2026-09-21T01:54:47Z"}
{"event":"local_cleanup","level":"INFO","message":"ローカルアーカイブ削除","path":"/samba/share/Kizuna-Backup/Kizuna-Backup-LITE/tmp/CD_20260921_015359.tar.gz","ts":"2026-09-21T01:54:47Z"}
{"duration_sec":48.481256988,"event":"success","level":"INFO","message":"バックアップ成功 (所要時間 48s)","size":772004836,"ts":"2026-09-21T01:54:47Z"}
{"event":"start","level":"INFO","message":"バックアップ開始","mode":"archive","target":"/samba/share/CD","ts":"2026-09-21T02:53:59Z"}
{"event":"archive_start","level":"INFO","message":"圧縮開始","output":"/samba/share/Kizuna-Backup/Kizuna-Backup-LITE/tmp/CD_20260921_025359.tar.gz","target":"/samba/share/CD","ts":"2026-09-21T02:53:59Z"}
{"event":"archive_complete","level":"INFO","message":"圧縮完了: 736.2 MB","path":"/samba/share/Kizuna-Backup/Kizuna-Backup-LITE/tmp/CD_20260921_025359.tar.gz","sha256":"d0f80e6401122c471e1e99aa031bd06ac96160a04ae926a126bd98754ae011ac","size":772004836,"ts":"2026-09-21T02:54:10Z"}
{"dest":"user@localhost","dir":"/srv/kizuna-backup-test","event":"transfer_start","level":"INFO","message":"転送開始","ts":"2026-09-21T02:54:10Z"}
{"dest":"user@localhost","event":"transfer_complete","level":"INFO","message":"転送完了","path":"/srv/kizuna-backup-test/CD_20260921_025359.tar.gz","ts":"2026-09-21T02:54:45Z"}
{"count":1,"dir":"/samba/share/Kizuna-Backup/Kizuna-Backup-LITE/tmp","event":"rotation_not_needed","keep":3,"level":"INFO","message":"世代管理不要 (保持数以内)","pattern":"CD_*.tar.gz","ts":"2026-09-21T02:54:45Z"}
{"deleted_count":0,"dir":"/samba/share/Kizuna-Backup/Kizuna-Backup-LITE/tmp","event":"rotation_complete","keep":3,"level":"INFO","message":"世代管理完了: 保持数 3 / 削除件数 0","pattern":"CD_*.tar.gz","ts":"2026-09-21T02:54:45Z"}
{"event":"remote_rotate_delete","level":"INFO","message":"リモート世代管理で削除: CD_20260920_235359.tar.gz","path":"/srv/kizuna-backup-test/CD_20260920_235359.tar.gz","ts":"2026-09-21T02:54:45Z"}
{"deleted_count":1,"event":"remote_rotation_complete","keep":3,"level":"INFO","message":"リモート世代管理完了: 保持数 3 / 削除件数 1","pattern":"CD_*.tar.gz","remote_dir":"/srv/kizuna-backup-test","ts":"2026-09-21T02:54:45Z"}
{"event":"local_cleanup","level":"INFO","message":"ローカルアーカイブ削除","path":"/samba/share/Kizuna-Backup/Kizuna-Backup-LITE/tmp/CD_20260921_025359.tar.gz","ts":"2026-09-21T02:54:45Z"}
{"duration_sec":46.524109324,"event":"success","level":"INFO","message":"バックアップ成功 (所要時間 47s)","size":772004836,"ts":"2026-09-21T02:54:45Z"}
{"event":"start","level":"INFO","message":"バックアップ開始","mode":"archive","target":"/samba/share/CD","ts":"2026-09-21T03:53:59Z"}
{"event":"archive_start","level":"INFO","message":"圧縮開始","output":"/samba/share/Kizuna-Backup/Kizuna-Backup-LITE/tmp/CD_20260921_035359.tar.gz","target":"/samba/share/CD","ts":"2026-09-21T03:53:59Z"}
{"event":"archive_complete","level":"INFO","message":"圧縮完了: 736.2 MB","path":"/samba/share/Kizuna-Backup/Kizuna-Backup-LITE/tmp/CD_20260921_035359.tar.gz","sha256":"d0f80e6401122c471e1e99aa031bd06ac96160a04ae926a126bd98754ae011ac","size":772004836,"ts":"2026-09-21T03:54:12Z"}
{"dest":"user@localhost","dir":"/srv/kizuna-backup-test","event":"transfer_start","level":"INFO","message":"転送開始","ts":"2026-09-21T03:54:12Z"}
{"dest":"user@localhost","event":"transfer_complete","level":"INFO","message":"転送完了","path":"/srv/kizuna-backup-test/CD_20260921_035359.tar.gz","ts":"2026-09-21T03:54:47Z"}
{"count":1,"dir":"/samba/share/Kizuna-Backup/Kizuna-Backup-LITE/tmp","event":"rotation_not_needed","keep":3,"level":"INFO","message":"世代管理不要 (保持数以内)","pattern":"CD_*.tar.gz","ts":"2026-09-21T03:54:47Z"}
{"deleted_count":0,"dir":"/samba/share/Kizuna-Backup/Kizuna-Backup-LITE/tmp","event":"rotation_complete","keep":3,"level":"INFO","message":"世代管理完了: 保持数 3 / 削除件数 0","pattern":"CD_*.tar.gz","ts":"2026-09-21T03:54:47Z"}
{"event":"remote_rotate_delete","level":"INFO","message":"リモート世代管理で削除: CD_20260921_005359.tar.gz","path":"/srv/kizuna-backup-test/CD_20260921_005359.tar.gz","ts":"2026-09-21T03:54:48Z"}
{"deleted_count":1,"event":"remote_rotation_complete","keep":3,"level":"INFO","message":"リモート世代管理完了: 保持数 3 / 削除件数 1","pattern":"CD_*.tar.gz","remote_dir":"/srv/kizuna-backup-test","ts":"2026-09-21T03:54:48Z"}
{"event":"local_cleanup","level":"INFO","message":"ローカルアーカイブ削除","path":"/samba/share/Kizuna-Backup/Kizuna-Backup-LITE/tmp/CD_20260921_035359.tar.gz","ts":"2026-09-21T03:54:48Z"}
{"duration_sec":49.338674794,"event":"success","level":"INFO","message":"バックアップ成功 (所要時間 49s)","size":772004836,"ts":"2026-09-21T03:54:48Z"}
{"event":"start","level":"INFO","message":"バックアップ開始","mode":"archive","target":"/samba/share/CD","ts":"2026-09-21T04:53:59Z"}
{"event":"archive_start","level":"INFO","message":"圧縮開始","output":"/samba/share/Kizuna-Backup/Kizuna-Backup-LITE/tmp/CD_20260921_045359.tar.gz","target":"/samba/share/CD","ts":"2026-09-21T04:53:59Z"}
{"event":"archive_complete","level":"INFO","message":"圧縮完了: 736.2 MB","path":"/samba/share/Kizuna-Backup/Kizuna-Backup-LITE/tmp/CD_20260921_045359.tar.gz","sha256":"d0f80e6401122c471e1e99aa031bd06ac96160a04ae926a126bd98754ae011ac","size":772004836,"ts":"2026-09-21T04:54:10Z"}
{"dest":"user@localhost","dir":"/srv/kizuna-backup-test","event":"transfer_start","level":"INFO","message":"転送開始","ts":"2026-09-21T04:54:10Z"}
{"dest":"user@localhost","event":"transfer_complete","level":"INFO","message":"転送完了","path":"/srv/kizuna-backup-test/CD_20260921_045359.tar.gz","ts":"2026-09-21T04:54:43Z"}
{"count":1,"dir":"/samba/share/Kizuna-Backup/Kizuna-Backup-LITE/tmp","event":"rotation_not_needed","keep":3,"level":"INFO","message":"世代管理不要 (保持数以内)","pattern":"CD_*.tar.gz","ts":"2026-09-21T04:54:43Z"}
{"deleted_count":0,"dir":"/samba/share/Kizuna-Backup/Kizuna-Backup-LITE/tmp","event":"rotation_complete","keep":3,"level":"INFO","message":"世代管理完了: 保持数 3 / 削除件数 0","pattern":"CD_*.tar.gz","ts":"2026-09-21T04:54:43Z"}
{"event":"remote_rotate_delete","level":"INFO","message":"リモート世代管理で削除: CD_20260921_015359.tar.gz","path":"/srv/kizuna-backup-test/CD_20260921_015359.tar.gz","ts":"2026-09-21T04:54:46Z"}
{"deleted_count":1,"event":"remote_rotation_complete","keep":3,"level":"INFO","message":"リモート世代管理完了: 保持数 3 / 削除件数 1","pattern":"CD_*.tar.gz","remote_dir":"/srv/kizuna-backup-test","ts":"2026-09-21T04:54:46Z"}
{"event":"local_cleanup","level":"INFO","message":"ローカルアーカイブ削除","path":"/samba/share/Kizuna-Backup/Kizuna-Backup-LITE/tmp/CD_20260921_045359.tar.gz","ts":"2026-09-21T04:54:46Z"}
{"duration_sec":47.181908135,"event":"success","level":"INFO","message":"バックアップ成功 (所要時間 47s)","size":772004836,"ts":"2026-09-21T04:54:46Z"}
{"event":"start","level":"INFO","message":"バックアップ開始","mode":"archive","target":"/samba/share/CD","ts":"2026-09-21T05:53:59Z"}
{"event":"archive_start","level":"INFO","message":"圧縮開始","output":"/samba/share/Kizuna-Backup/Kizuna-Backup-LITE/tmp/CD_20260921_055359.tar.gz","target":"/samba/share/CD","ts":"2026-09-21T05:53:59Z"}
{"event":"archive_complete","level":"INFO","message":"圧縮完了: 736.2 MB","path":"/samba/share/Kizuna-Backup/Kizuna-Backup-LITE/tmp/CD_20260921_055359.tar.gz","sha256":"d0f80e6401122c471e1e99aa031bd06ac96160a04ae926a126bd98754ae011ac","size":772004836,"ts":"2026-09-21T05:54:11Z"}
{"dest":"user@localhost","dir":"/srv/kizuna-backup-test","event":"transfer_start","level":"INFO","message":"転送開始","ts":"2026-09-21T05:54:11Z"}
{"dest":"user@localhost","event":"transfer_complete","level":"INFO","message":"転送完了","path":"/srv/kizuna-backup-test/CD_20260921_055359.tar.gz","ts":"2026-09-21T05:54:44Z"}
{"count":1,"dir":"/samba/share/Kizuna-Backup/Kizuna-Backup-LITE/tmp","event":"rotation_not_needed","keep":3,"level":"INFO","message":"世代管理不要 (保持数以内)","pattern":"CD_*.tar.gz","ts":"2026-09-21T05:54:45Z"}
{"deleted_count":0,"dir":"/samba/share/Kizuna-Backup/Kizuna-Backup-LITE/tmp","event":"rotation_complete","keep":3,"level":"INFO","message":"世代管理完了: 保持数 3 / 削除件数 0","pattern":"CD_*.tar.gz","ts":"2026-09-21T05:54:45Z"}
{"event":"remote_rotate_delete","level":"INFO","message":"リモート世代管理で削除: CD_20260921_025359.tar.gz","path":"/srv/kizuna-backup-test/CD_20260921_025359.tar.gz","ts":"2026-09-21T05:54:45Z"}
{"deleted_count":1,"event":"remote_rotation_complete","keep":3,"level":"INFO","message":"リモート世代管理完了: 保持数 3 / 削除件数 1","pattern":"CD_*.tar.gz","remote_dir":"/srv/kizuna-backup-test","ts":"2026-09-21T05:54:45Z"}
{"event":"local_cleanup","level":"INFO","message":"ローカルアーカイブ削除","path":"/samba/share/Kizuna-Backup/Kizuna-Backup-LITE/tmp/CD_20260921_055359.tar.gz","ts":"2026-09-21T05:54:46Z"}
{"duration_sec":46.5784072,"event":"success","level":"INFO","message":"バックアップ成功 (所要時間 47s)","size":772004836,"ts":"2026-09-21T05:54:46Z"}
{"event":"start","level":"INFO","message":"バックアップ開始","mode":"archive","target":"/samba/share/CD","ts":"2026-09-21T06:53:59Z"}
{"event":"archive_start","level":"INFO","message":"圧縮開始","output":"/samba/share/Kizuna-Backup/Kizuna-Backup-LITE/tmp/CD_20260921_065359.tar.gz","target":"/samba/share/CD","ts":"2026-09-21T06:53:59Z"}
{"event":"archive_complete","level":"INFO","message":"圧縮完了: 736.2 MB","path":"/samba/share/Kizuna-Backup/Kizuna-Backup-LITE/tmp/CD_20260921_065359.tar.gz","sha256":"d0f80e6401122c471e1e99aa031bd06ac96160a04ae926a126bd98754ae011ac","size":772004836,"ts":"2026-09-21T06:54:11Z"}
{"dest":"user@localhost","dir":"/srv/kizuna-backup-test","event":"transfer_start","level":"INFO","message":"転送開始","ts":"2026-09-21T06:54:11Z"}
{"dest":"user@localhost","event":"transfer_complete","level":"INFO","message":"転送完了","path":"/srv/kizuna-backup-test/CD_20260921_065359.tar.gz","ts":"2026-09-21T06:54:48Z"}
{"count":1,"dir":"/samba/share/Kizuna-Backup/Kizuna-Backup-LITE/tmp","event":"rotation_not_needed","keep":3,"level":"INFO","message":"世代管理不要 (保持数以内)","pattern":"CD_*.tar.gz","ts":"2026-09-21T06:54:48Z"}
{"deleted_count":0,"dir":"/samba/share/Kizuna-Backup/Kizuna-Backup-LITE/tmp","event":"rotation_complete","keep":3,"level":"INFO","message":"世代管理完了: 保持数 3 / 削除件数 0","pattern":"CD_*.tar.gz","ts":"2026-09-21T06:54:48Z"}
{"event":"remote_rotate_delete","level":"INFO","message":"リモート世代管理で削除: CD_20260921_035359.tar.gz","path":"/srv/kizuna-backup-test/CD_20260921_035359.tar.gz","ts":"2026-09-21T06:54:50Z"}
{"deleted_count":1,"event":"remote_rotation_complete","keep":3,"level":"INFO","message":"リモート世代管理完了: 保持数 3 / 削除件数 1","pattern":"CD_*.tar.gz","remote_dir":"/srv/kizuna-backup-test","ts":"2026-09-21T06:54:50Z"}
{"event":"local_cleanup","level":"INFO","message":"ローカルアーカイブ削除","path":"/samba/share/Kizuna-Backup/Kizuna-Backup-LITE/tmp/CD_20260921_065359.tar.gz","ts":"2026-09-21T06:54:50Z"}
{"duration_sec":51.435319594,"event":"success","level":"INFO","message":"バックアップ成功 (所要時間 51s)","size":772004836,"ts":"2026-09-21T06:54:50Z"}
{"event":"start","level":"INFO","message":"バックアップ開始","mode":"archive","target":"/samba/share/CD","ts":"2026-09-21T07:53:59Z"}
{"event":"archive_start","level":"INFO","message":"圧縮開始","output":"/samba/share/Kizuna-Backup/Kizuna-Backup-LITE/tmp/CD_20260921_075359.tar.gz","target":"/samba/share/CD","ts":"2026-09-21T07:53:59Z"}
{"event":"archive_complete","level":"INFO","message":"圧縮完了: 736.2 MB","path":"/samba/share/Kizuna-Backup/Kizuna-Backup-LITE/tmp/CD_20260921_075359.tar.gz","sha256":"d0f80e6401122c471e1e99aa031bd06ac96160a04ae926a126bd98754ae011ac","size":772004836,"ts":"2026-09-21T07:54:11Z"}
{"dest":"user@localhost","dir":"/srv/kizuna-backup-test","event":"transfer_start","level":"INFO","message":"転送開始","ts":"2026-09-21T07:54:11Z"}
{"dest":"user@localhost","event":"transfer_complete","level":"INFO","message":"転送完了","path":"/srv/kizuna-backup-test/CD_20260921_075359.tar.gz","ts":"2026-09-21T07:54:45Z"}
{"count":1,"dir":"/samba/share/Kizuna-Backup/Kizuna-Backup-LITE/tmp","event":"rotation_not_needed","keep":3,"level":"INFO","message":"世代管理不要 (保持数以内)","pattern":"CD_*.tar.gz","ts":"2026-09-21T07:54:45Z"}
{"deleted_count":0,"dir":"/samba/share/Kizuna-Backup/Kizuna-Backup-LITE/tmp","event":"rotation_complete","keep":3,"level":"INFO","message":"世代管理完了: 保持数 3 / 削除件数 0","pattern":"CD_*.tar.gz","ts":"2026-09-21T07:54:45Z"}
{"event":"remote_rotate_delete","level":"INFO","message":"リモート世代管理で削除: CD_20260921_045359.tar.gz","path":"/srv/kizuna-backup-test/CD_20260921_045359.tar.gz","ts":"2026-09-21T07:54:47Z"}
{"deleted_count":1,"event":"remote_rotation_complete","keep":3,"level":"INFO","message":"リモート世代管理完了: 保持数 3 / 削除件数 1","pattern":"CD_*.tar.gz","remote_dir":"/srv/kizuna-backup-test","ts":"2026-09-21T07:54:47Z"}
{"event":"local_cleanup","level":"INFO","message":"ローカルアーカイブ削除","path":"/samba/share/Kizuna-Backup/Kizuna-Backup-LITE/tmp/CD_20260921_075359.tar.gz","ts":"2026-09-21T07:54:47Z"}
{"duration_sec":48.347351619,"event":"success","level":"INFO","message":"バックアップ成功 (所要時間 48s)","size":772004836,"ts":"2026-09-21T07:54:47Z"}
{"event":"start","level":"INFO","message":"バックアップ開始","mode":"archive","target":"/samba/share/CD","ts":"2026-09-21T08:53:59Z"}
{"event":"archive_start","level":"INFO","message":"圧縮開始","output":"/samba/share/Kizuna-Backup/Kizuna-Backup-LITE/tmp/CD_20260921_085359.tar.gz","target":"/samba/share/CD","ts":"2026-09-21T08:53:59Z"}
{"event":"archive_complete","level":"INFO","message":"圧縮完了: 736.2 MB","path":"/samba/share/Kizuna-Backup/Kizuna-Backup-LITE/tmp/CD_20260921_085359.tar.gz","sha256":"d0f80e6401122c471e1e99aa031bd06ac96160a04ae926a126bd98754ae011ac","size":772004836,"ts":"2026-09-21T08:54:12Z"}
{"dest":"user@localhost","dir":"/srv/kizuna-backup-test","event":"transfer_start","level":"INFO","message":"転送開始","ts":"2026-09-21T08:54:12Z"}
{"dest":"user@localhost","event":"transfer_complete","level":"INFO","message":"転送完了","path":"/srv/kizuna-backup-test/CD_20260921_085359.tar.gz","ts":"2026-09-21T08:54:44Z"}
{"count":1,"dir":"/samba/share/Kizuna-Backup/Kizuna-Backup-LITE/tmp","event":"rotation_not_needed","keep":3,"level":"INFO","message":"世代管理不要 (保持数以内)","pattern":"CD_*.tar.gz","ts":"2026-09-21T08:54:44Z"}
{"deleted_count":0,"dir":"/samba/share/Kizuna-Backup/Kizuna-Backup-LITE/tmp","event":"rotation_complete","keep":3,"level":"INFO","message":"世代管理完了: 保持数 3 / 削除件数 0","pattern":"CD_*.tar.gz","ts":"2026-09-21T08:54:44Z"}
{"event":"remote_rotate_delete","level":"INFO","message":"リモート世代管理で削除: CD_20260921_055359.tar.gz","path":"/srv/kizuna-backup-test/CD_20260921_055359.tar.gz","ts":"2026-09-21T08:54:45Z"}
{"deleted_count":1,"event":"remote_rotation_complete","keep":3,"level":"INFO","message":"リモート世代管理完了: 保持数 3 / 削除件数 1","pattern":"CD_*.tar.gz","remote_dir":"/srv/kizuna-backup-test","ts":"2026-09-21T08:54:45Z"}
{"event":"local_cleanup","level":"INFO","message":"ローカルアーカイブ削除","path":"/samba/share/Kizuna-Backup/Kizuna-Backup-LITE/tmp/CD_20260921_085359.tar.gz","ts":"2026-09-21T08:54:45Z"}
{"duration_sec":46.201638518,"event":"success","level":"INFO","message":"バックアップ成功 (所要時間 46s)","size":772004836,"ts":"2026-09-21T08:54:45Z"}
{"event":"start","level":"INFO","message":"バックアップ開始","mode":"archive","target":"/samba/share/CD","ts":"2026-09-21T09:53:59Z"}
{"event":"archive_start","level":"INFO","message":"圧縮開始","output":"/samba/share/Kizuna-Backup/Kizuna-Backup-LITE/tmp/CD_20260921_095359.tar.gz","target":"/samba/share/CD","ts":"2026-09-21T09:53:59Z"}
{"event":"archive_complete","level":"INFO","message":"圧縮完了: 736.2 MB","path":"/samba/share/Kizuna-Backup/Kizuna-Backup-LITE/tmp/CD_20260921_095359.tar.gz","sha256":"d0f80e6401122c471e1e99aa031bd06ac96160a04ae926a126bd98754ae011ac","size":772004836,"ts":"2026-09-21T09:54:10Z"}
{"dest":"user@localhost","dir":"/srv/kizuna-backup-test","event":"transfer_start","level":"INFO","message":"転送開始","ts":"2026-09-21T09:54:10Z"}
{"dest":"user@localhost","event":"transfer_complete","level":"INFO","message":"転送完了","path":"/srv/kizuna-backup-test/CD_20260921_095359.tar.gz","ts":"2026-09-21T09:54:43Z"}
{"count":1,"dir":"/samba/share/Kizuna-Backup/Kizuna-Backup-LITE/tmp","event":"rotation_not_needed","keep":3,"level":"INFO","message":"世代管理不要 (保持数以内)","pattern":"CD_*.tar.gz","ts":"2026-09-21T09:54:43Z"}
{"deleted_count":0,"dir":"/samba/share/Kizuna-Backup/Kizuna-Backup-LITE/tmp","event":"rotation_complete","keep":3,"level":"INFO","message":"世代管理完了: 保持数 3 / 削除件数 0","pattern":"CD_*.tar.gz","ts":"2026-09-21T09:54:43Z"}
{"event":"remote_rotate_delete","level":"INFO","message":"リモート世代管理で削除: CD_20260921_065359.tar.gz","path":"/srv/kizuna-backup-test/CD_20260921_065359.tar.gz","ts":"2026-09-21T09:54:46Z"}
{"deleted_count":1,"event":"remote_rotation_complete","keep":3,"level":"INFO","message":"リモート世代管理完了: 保持数 3 / 削除件数 1","pattern":"CD_*.tar.gz","remote_dir":"/srv/kizuna-backup-test","ts":"2026-09-21T09:54:46Z"}
{"event":"local_cleanup","level":"INFO","message":"ローカルアーカイブ削除","path":"/samba/share/Kizuna-Backup/Kizuna-Backup-LITE/tmp/CD_20260921_095359.tar.gz","ts":"2026-09-21T09:54:46Z"}
{"duration_sec":47.309756168,"event":"success","level":"INFO","message":"バックアップ成功 (所要時間 47s)","size":772004836,"ts":"2026-09-21T09:54:46Z"}
{"event":"start","level":"INFO","message":"バックアップ開始","mode":"archive","target":"/samba/share/CD","ts":"2026-09-21T10:53:59Z"}
{"event":"archive_start","level":"INFO","message":"圧縮開始","output":"/samba/share/Kizuna-Backup/Kizuna-Backup-LITE/tmp/CD_20260921_105359.tar.gz","target":"/samba/share/CD","ts":"2026-09-21T10:53:59Z"}
{"event":"archive_complete","level":"INFO","message":"圧縮完了: 736.2 MB","path":"/samba/share/Kizuna-Backup/Kizuna-Backup-LITE/tmp/CD_20260921_105359.tar.gz","sha256":"d0f80e6401122c471e1e99aa031bd06ac96160a04ae926a126bd98754ae011ac","size":772004836,"ts":"2026-09-21T10:54:11Z"}
{"dest":"user@localhost","dir":"/srv/kizuna-backup-test","event":"transfer_start","level":"INFO","message":"転送開始","ts":"2026-09-21T10:54:11Z"}
{"dest":"user@localhost","event":"transfer_complete","level":"INFO","message":"転送完了","path":"/srv/kizuna-backup-test/CD_20260921_105359.tar.gz","ts":"2026-09-21T10:54:44Z"}
{"count":1,"dir":"/samba/share/Kizuna-Backup/Kizuna-Backup-LITE/tmp","event":"rotation_not_needed","keep":3,"level":"INFO","message":"世代管理不要 (保持数以内)","pattern":"CD_*.tar.gz","ts":"2026-09-21T10:54:44Z"}
{"deleted_count":0,"dir":"/samba/share/Kizuna-Backup/Kizuna-Backup-LITE/tmp","event":"rotation_complete","keep":3,"level":"INFO","message":"世代管理完了: 保持数 3 / 削除件数 0","pattern":"CD_*.tar.gz","ts":"2026-09-21T10:54:44Z"}
{"event":"remote_rotate_delete","level":"INFO","message":"リモート世代管理で削除: CD_20260921_075359.tar.gz","path":"/srv/kizuna-backup-test/CD_20260921_075359.tar.gz","ts":"2026-09-21T10:54:47Z"}
{"deleted_count":1,"event":"remote_rotation_complete","keep":3,"level":"INFO","message":"リモート世代管理完了: 保持数 3 / 削除件数 1","pattern":"CD_*.tar.gz","remote_dir":"/srv/kizuna-backup-test","ts":"2026-09-21T10:54:47Z"}
{"event":"local_cleanup","level":"INFO","message":"ローカルアーカイブ削除","path":"/samba/share/Kizuna-Backup/Kizuna-Backup-LITE/tmp/CD_20260921_105359.tar.gz","ts":"2026-09-21T10:54:47Z"}
{"duration_sec":47.6734347,"event":"success","level":"INFO","message":"バックアップ成功 (所要時間 48s)","size":772004836,"ts":"2026-09-21T10:54:47Z"}
{"event":"start","level":"INFO","message":"バックアップ開始","mode":"archive","target":"/samba/share/CD","ts":"2026-09-21T11:53:59Z"}
{"event":"archive_start","level":"INFO","message":"圧縮開始","output":"/samba/share/Kizuna-Backup/Kizuna-Backup-LITE/tmp/CD_20260921_115359.tar.gz","target":"/samba/share/CD","ts":"2026-09-21T11:53:59Z"}
{"event":"archive_complete","level":"INFO","message":"圧縮完了: 736.2 MB","path":"/samba/share/Kizuna-Backup/Kizuna-Backup-LITE/tmp/CD_20260921_115359.tar.gz","sha256":"d0f80e6401122c471e1e99aa031bd06ac96160a04ae926a126bd98754ae011ac","size":772004836,"ts":"2026-09-21T11:54:10Z"}
{"dest":"user@localhost","dir":"/srv/kizuna-backup-test","event":"transfer_start","level":"INFO","message":"転送開始","ts":"2026-09-21T11:54:10Z"}
{"dest":"user@localhost","event":"transfer_complete","level":"INFO","message":"転送完了","path":"/srv/kizuna-backup-test/CD_20260921_115359.tar.gz","ts":"2026-09-21T11:54:44Z"}
{"count":1,"dir":"/samba/share/Kizuna-Backup/Kizuna-Backup-LITE/tmp","event":"rotation_not_needed","keep":3,"level":"INFO","message":"世代管理不要 (保持数以内)","pattern":"CD_*.tar.gz","ts":"2026-09-21T11:54:44Z"}
{"deleted_count":0,"dir":"/samba/share/Kizuna-Backup/Kizuna-Backup-LITE/tmp","event":"rotation_complete","keep":3,"level":"INFO","message":"世代管理完了: 保持数 3 / 削除件数 0","pattern":"CD_*.tar.gz","ts":"2026-09-21T11:54:44Z"}
{"event":"remote_rotate_delete","level":"INFO","message":"リモート世代管理で削除: CD_20260921_085359.tar.gz","path":"/srv/kizuna-backup-test/CD_20260921_085359.tar.gz","ts":"2026-09-21T11:54:45Z"}
{"deleted_count":1,"event":"remote_rotation_complete","keep":3,"level":"INFO","message":"リモート世代管理完了: 保持数 3 / 削除件数 1","pattern":"CD_*.tar.gz","remote_dir":"/srv/kizuna-backup-test","ts":"2026-09-21T11:54:45Z"}
{"event":"local_cleanup","level":"INFO","message":"ローカルアーカイブ削除","path":"/samba/share/Kizuna-Backup/Kizuna-Backup-LITE/tmp/CD_20260921_115359.tar.gz","ts":"2026-09-21T11:54:45Z"}
{"duration_sec":45.774533387,"event":"success","level":"INFO","message":"バックアップ成功 (所要時間 46s)","size":772004836,"ts":"2026-09-21T11:54:45Z"}
{"event":"start","level":"INFO","message":"バックアップ開始","mode":"archive","target":"/samba/share/CD","ts":"2026-09-21T12:53:59Z"}
{"event":"archive_start","level":"INFO","message":"圧縮開始","output":"/samba/share/Kizuna-Backup/Kizuna-Backup-LITE/tmp/CD_20260921_125359.tar.gz","target":"/samba/share/CD","ts":"2026-09-21T12:53:59Z"}
{"event":"archive_complete","level":"INFO","message":"圧縮完了: 736.2 MB","path":"/samba/share/Kizuna-Backup/Kizuna-Backup-LITE/tmp/CD_20260921_125359.tar.gz","sha256":"d0f80e6401122c471e1e99aa031bd06ac96160a04ae926a126bd98754ae011ac","size":772004836,"ts":"2026-09-21T12:54:12Z"}
{"dest":"user@localhost","dir":"/srv/kizuna-backup-test","event":"transfer_start","level":"INFO","message":"転送開始","ts":"2026-09-21T12:54:12Z"}
{"dest":"user@localhost","event":"transfer_complete","level":"INFO","message":"転送完了","path":"/srv/kizuna-backup-test/CD_20260921_125359.tar.gz","ts":"2026-09-21T12:54:44Z"}
{"count":1,"dir":"/samba/share/Kizuna-Backup/Kizuna-Backup-LITE/tmp","event":"rotation_not_needed","keep":3,"level":"INFO","message":"世代管理不要 (保持数以内)","pattern":"CD_*.tar.gz","ts":"2026-09-21T12:54:44Z"}
{"deleted_count":0,"dir":"/samba/share/Kizuna-Backup/Kizuna-Backup-LITE/tmp","event":"rotation_complete","keep":3,"level":"INFO","message":"世代管理完了: 保持数 3 / 削除件数 0","pattern":"CD_*.tar.gz","ts":"2026-09-21T12:54:44Z"}
{"event":"remote_rotate_delete","level":"INFO","message":"リモート世代管理で削除: CD_20260921_095359.tar.gz","path":"/srv/kizuna-backup-test/CD_20260921_095359.tar.gz","ts":"2026-09-21T12:54:47Z"}
{"deleted_count":1,"event":"remote_rotation_complete","keep":3,"level":"INFO","message":"リモート世代管理完了: 保持数 3 / 削除件数 1","pattern":"CD_*.tar.gz","remote_dir":"/srv/kizuna-backup-test","ts":"2026-09-21T12:54:47Z"}
{"event":"local_cleanup","level":"INFO","message":"ローカルアーカイブ削除","path":"/samba/share/Kizuna-Backup/Kizuna-Backup-LITE/tmp/CD_20260921_125359.tar.gz","ts":"2026-09-21T12:54:47Z"}
{"duration_sec":48.385286584,"event":"success","level":"INFO","message":"バックアップ成功 (所要時間 48s)","size":772004836,"ts":"2026-09-21T12:54:47Z"}
{"event":"start","level":"INFO","message":"バックアップ開始","mode":"archive","target":"/samba/share/CD","ts":"2026-09-21T13:53:59Z"}
{"event":"archive_start","level":"INFO","message":"圧縮開始","output":"/samba/share/Kizuna-Backup/Kizuna-Backup-LITE/tmp/CD_20260921_135359.tar.gz","target":"/samba/share/CD","ts":"2026-09-21T13:53:59Z"}
{"event":"archive_complete","level":"INFO","message":"圧縮完了: 736.2 MB","path":"/samba/share/Kizuna-Backup/Kizuna-Backup-LITE/tmp/CD_20260921_135359.tar.gz","sha256":"d0f80e6401122c471e1e99aa031bd06ac96160a04ae926a126bd98754ae011ac","size":772004836,"ts":"2026-09-21T13:54:10Z"}
{"dest":"user@localhost","dir":"/srv/kizuna-backup-test","event":"transfer_start","level":"INFO","message":"転送開始","ts":"2026-09-21T13:54:10Z"}
{"dest":"user@localhost","event":"transfer_complete","level":"INFO","message":"転送完了","path":"/srv/kizuna-backup-test/CD_20260921_135359.tar.gz","ts":"2026-09-21T13:54:43Z"}
{"count":1,"dir":"/samba/share/Kizuna-Backup/Kizuna-Backup-LITE/tmp","event":"rotation_not_needed","keep":3,"level":"INFO","message":"世代管理不要 (保持数以内)","pattern":"CD_*.tar.gz","ts":"2026-09-21T13:54:43Z"}
{"deleted_count":0,"dir":"/samba/share/Kizuna-Backup/Kizuna-Backup-LITE/tmp","event":"rotation_complete","keep":3,"level":"INFO","message":"世代管理完了: 保持数 3 / 削除件数 0","pattern":"CD_*.tar.gz","ts":"2026-09-21T13:54:43Z"}
{"event":"remote_rotate_delete","level":"INFO","message":"リモート世代管理で削除: CD_20260921_105359.tar.gz","path":"/srv/kizuna-backup-test/CD_20260921_105359.tar.gz","ts":"2026-09-21T13:54:44Z"}
{"deleted_count":1,"event":"remote_rotation_complete","keep":3,"level":"INFO","message":"リモート世代管理完了: 保持数 3 / 削除件数 1","pattern":"CD_*.tar.gz","remote_dir":"/srv/kizuna-backup-test","ts":"2026-09-21T13:54:44Z"}
{"event":"local_cleanup","level":"INFO","message":"ローカルアーカイブ削除","path":"/samba/share/Kizuna-Backup/Kizuna-Backup-LITE/tmp/CD_20260921_135359.tar.gz","ts":"2026-09-21T13:54:44Z"}
{"duration_sec":45.161046845,"event":"success","level":"INFO","message":"バックアップ成功 (所要時間 45s)","size":772004836,"ts":"2026-09-21T13:54:44Z"}
{"event":"start","level":"INFO","message":"バックアップ開始","mode":"archive","target":"/samba/share/CD","ts":"2026-09-21T14:53:59Z"}
{"event":"archive_start","level":"INFO","message":"圧縮開始","output":"/samba/share/Kizuna-Backup/Kizuna-Backup-LITE/tmp/CD_20260921_145359.tar.gz","target":"/samba/share/CD","ts":"2026-09-21T14:53:59Z"}
{"event":"archive_complete","level":"INFO","message":"圧縮完了: 736.2 MB","path":"/samba/share/Kizuna-Backup/Kizuna-Backup-LITE/tmp/CD_20260921_145359.tar.gz","sha256":"d0f80e6401122c471e1e99aa031bd06ac96160a04ae926a126bd98754ae011ac","size":772004836,"ts":"2026-09-21T14:54:11Z"}
{"dest":"user@localhost","dir":"/srv/kizuna-backup-test","event":"transfer_start","level":"INFO","message":"転送開始","ts":"2026-09-21T14:54:11Z"}
{"dest":"user@localhost","event":"transfer_complete","level":"INFO","message":"転送完了","path":"/srv/kizuna-backup-test/CD_20260921_145359.tar.gz","ts":"2026-09-21T14:54:44Z"}
{"count":1,"dir":"/samba/share/Kizuna-Backup/Kizuna-Backup-LITE/tmp","event":"rotation_not_needed","keep":3,"level":"INFO","message":"世代管理不要 (保持数以内)","pattern":"CD_*.tar.gz","ts":"2026-09-21T14:54:44Z"}
{"deleted_count":0,"dir":"/samba/share/Kizuna-Backup/Kizuna-Backup-LITE/tmp","event":"rotation_complete","keep":3,"level":"INFO","message":"世代管理完了: 保持数 3 / 削除件数 0","pattern":"CD_*.tar.gz","ts":"2026-09-21T14:54:44Z"}
{"event":"remote_rotate_delete","level":"INFO","message":"リモート世代管理で削除: CD_20260921_115359.tar.gz","path":"/srv/kizuna-backup-test/CD_20260921_115359.tar.gz","ts":"2026-09-21T14:54:44Z"}
{"deleted_count":1,"event":"remote_rotation_complete","keep":3,"level":"INFO","message":"リモート世代管理完了: 保持数 3 / 削除件数 1","pattern":"CD_*.tar.gz","remote_dir":"/srv/kizuna-backup-test","ts":"2026-09-21T14:54:44Z"}
{"event":"local_cleanup","level":"INFO","message":"ローカルアーカイブ削除","path":"/samba/share/Kizuna-Backup/Kizuna-Backup-LITE/tmp/CD_20260921_145359.tar.gz","ts":"2026-09-21T14:54:45Z"}
{"duration_sec":45.577778832,"event":"success","level":"INFO","message":"バックアップ成功 (所要時間 46s)","size":772004836,"ts":"2026-09-21T14:54:45Z"}
{"event":"start","level":"INFO","message":"バックアップ開始","mode":"archive","target":"/samba/share/CD","ts":"2026-09-21T15:53:59Z"}
{"event":"archive_start","level":"INFO","message":"圧縮開始","output":"/samba/share/Kizuna-Backup/Kizuna-Backup-LITE/tmp/CD_20260921_155359.tar.gz","target":"/samba/share/CD","ts":"2026-09-21T15:53:59Z"}
{"event":"archive_complete","level":"INFO","message":"圧縮完了: 736.2 MB","path":"/samba/share/Kizuna-Backup/Kizuna-Backup-LITE/tmp/CD_20260921_155359.tar.gz","sha256":"d0f80e6401122c471e1e99aa031bd06ac96160a04ae926a126bd98754ae011ac","size":772004836,"ts":"2026-09-21T15:54:10Z"}
{"dest":"user@localhost","dir":"/srv/kizuna-backup-test","event":"transfer_start","level":"INFO","message":"転送開始","ts":"2026-09-21T15:54:10Z"}
{"dest":"user@localhost","event":"transfer_complete","level":"INFO","message":"転送完了","path":"/srv/kizuna-backup-test/CD_20260921_155359.tar.gz","ts":"2026-09-21T15:54:44Z"}
{"count":1,"dir":"/samba/share/Kizuna-Backup/Kizuna-Backup-LITE/tmp","event":"rotation_not_needed","keep":3,"level":"INFO","message":"世代管理不要 (保持数以内)","pattern":"CD_*.tar.gz","ts":"2026-09-21T15:54:44Z"}
{"deleted_count":0,"dir":"/samba/share/Kizuna-Backup/Kizuna-Backup-LITE/tmp","event":"rotation_complete","keep":3,"level":"INFO","message":"世代管理完了: 保持数 3 / 削除件数 0","pattern":"CD_*.tar.gz","ts":"2026-09-21T15:54:44Z"}
{"event":"remote_rotate_delete","level":"INFO","message":"リモート世代管理で削除: CD_20260921_125359.tar.gz","path":"/srv/kizuna-backup-test/CD_20260921_125359.tar.gz","ts":"2026-09-21T15:54:46Z"}
{"deleted_count":1,"event":"remote_rotation_complete","keep":3,"level":"INFO","message":"リモート世代管理完了: 保持数 3 / 削除件数 1","pattern":"CD_*.tar.gz","remote_dir":"/srv/kizuna-backup-test","ts":"2026-09-21T15:54:46Z"}
{"event":"local_cleanup","level":"INFO","message":"ローカルアーカイブ削除","path":"/samba/share/Kizuna-Backup/Kizuna-Backup-LITE/tmp/CD_20260921_155359.tar.gz","ts":"2026-09-21T15:54:47Z"}
{"duration_sec":47.578471632,"event":"success","level":"INFO","message":"バックアップ成功 (所要時間 48s)","size":772004836,"ts":"2026-09-21T15:54:47Z"}
{"event":"start","level":"INFO","message":"バックアップ開始","mode":"archive","target":"/samba/share/CD","ts":"2026-09-21T16:53:59Z"}
{"event":"archive_start","level":"INFO","message":"圧縮開始","output":"/samba/share/Kizuna-Backup/Kizuna-Backup-LITE/tmp/CD_20260921_165359.tar.gz","target":"/samba/share/CD","ts":"2026-09-21T16:53:59Z"}
{"event":"archive_complete","level":"INFO","message":"圧縮完了: 736.2 MB","path":"/samba/share/Kizuna-Backup/Kizuna-Backup-LITE/tmp/CD_20260921_165359.tar.gz","sha256":"d0f80e6401122c471e1e99aa031bd06ac96160a04ae926a126bd98754ae011ac","size":772004836,"ts":"2026-09-21T16:54:11Z"}
{"dest":"user@localhost","dir":"/srv/kizuna-backup-test","event":"transfer_start","level":"INFO","message":"転送開始","ts":"2026-09-21T16:54:11Z"}
{"dest":"user@localhost","event":"transfer_complete","level":"INFO","message":"転送完了","path":"/srv/kizuna-backup-test/CD_20260921_165359.tar.gz","ts":"2026-09-21T16:54:44Z"}
{"count":1,"dir":"/samba/share/Kizuna-Backup/Kizuna-Backup-LITE/tmp","event":"rotation_not_needed","keep":3,"level":"INFO","message":"世代管理不要 (保持数以内)","pattern":"CD_*.tar.gz","ts":"2026-09-21T16:54:44Z"}
{"deleted_count":0,"dir":"/samba/share/Kizuna-Backup/Kizuna-Backup-LITE/tmp","event":"rotation_complete","keep":3,"level":"INFO","message":"世代管理完了: 保持数 3 / 削除件数 0","pattern":"CD_*.tar.gz","ts":"2026-09-21T16:54:44Z"}
{"event":"remote_rotate_delete","level":"INFO","message":"リモート世代管理で削除: CD_20260921_135359.tar.gz","path":"/srv/kizuna-backup-test/CD_20260921_135359.tar.gz","ts":"2026-09-21T16:54:45Z"}
{"deleted_count":1,"event":"remote_rotation_complete","keep":3,"level":"INFO","message":"リモート世代管理完了: 保持数 3 / 削除件数 1","pattern":"CD_*.tar.gz","remote_dir":"/srv/kizuna-backup-test","ts":"2026-09-21T16:54:45Z"}
{"event":"local_cleanup","level":"INFO","message":"ローカルアーカイブ削除","path":"/samba/share/Kizuna-Backup/Kizuna-Backup-LITE/tmp/CD_20260921_165359.tar.gz","ts":"2026-09-21T16:54:45Z"}
{"duration_sec":45.865743509,"event":"success","level":"INFO","message":"バックアップ成功 (所要時間 46s)","size":772004836,"ts":"2026-09-21T16:54:45Z"}
{"event":"start","level":"INFO","message":"バックアップ開始","mode":"archive","target":"/samba/share/CD","ts":"2026-09-21T17:53:59Z"}
{"event":"archive_start","level":"INFO","message":"圧縮開始","output":"/samba/share/Kizuna-Backup/Kizuna-Backup-LITE/tmp/CD_20260921_175359.tar.gz","target":"/samba/share/CD","ts":"2026-09-21T17:53:59Z"}
{"event":"archive_complete","level":"INFO","message":"圧縮完了: 736.2 MB","path":"/samba/share/Kizuna-Backup/Kizuna-Backup-LITE/tmp/CD_20260921_175359.tar.gz","sha256":"d0f80e6401122c471e1e99aa031bd06ac96160a04ae926a126bd98754ae011ac","size":772004836,"ts":"2026-09-21T17:54:10Z"}
{"dest":"user@localhost","dir":"/srv/kizuna-backup-test","event":"transfer_start","level":"INFO","message":"転送開始","ts":"2026-09-21T17:54:10Z"}
{"dest":"user@localhost","event":"transfer_complete","level":"INFO","message":"転送完了","path":"/srv/kizuna-backup-test/CD_20260921_175359.tar.gz","ts":"2026-09-21T17:54:42Z"}
{"count":1,"dir":"/samba/share/Kizuna-Backup/Kizuna-Backup-LITE/tmp","event":"rotation_not_needed","keep":3,"level":"INFO","message":"世代管理不要 (保持数以内)","pattern":"CD_*.tar.gz","ts":"2026-09-21T17:54:42Z"}
{"deleted_count":0,"dir":"/samba/share/Kizuna-Backup/Kizuna-Backup-LITE/tmp","event":"rotation_complete","keep":3,"level":"INFO","message":"世代管理完了: 保持数 3 / 削除件数 0","pattern":"CD_*.tar.gz","ts":"2026-09-21T17:54:42Z"}
{"event":"remote_rotate_delete","level":"INFO","message":"リモート世代管理で削除: CD_20260921_145359.tar.gz","path":"/srv/kizuna-backup-test/CD_20260921_145359.tar.gz","ts":"2026-09-21T17:54:43Z"}
{"deleted_count":1,"event":"remote_rotation_complete","keep":3,"level":"INFO","message":"リモート世代管理完了: 保持数 3 / 削除件数 1","pattern":"CD_*.tar.gz","remote_dir":"/srv/kizuna-backup-test","ts":"2026-09-21T17:54:43Z"}
{"event":"local_cleanup","level":"INFO","message":"ローカルアーカイブ削除","path":"/samba/share/Kizuna-Backup/Kizuna-Backup-LITE/tmp/CD_20260921_175359.tar.gz","ts":"2026-09-21T17:54:43Z"}
{"duration_sec":44.033774212,"event":"success","level":"INFO","message":"バックアップ成功 (所要時間 44s)","size":772004836,"ts":"2026-09-21T17:54:43Z"}
{"event":"start","level":"INFO","message":"バックアップ開始","mode":"archive","target":"/samba/share/CD","ts":"2026-09-21T18:53:59Z"}
{"event":"archive_start","level":"INFO","message":"圧縮開始","output":"/samba/share/Kizuna-Backup/Kizuna-Backup-LITE/tmp/CD_20260921_185359.tar.gz","target":"/samba/share/CD","ts":"2026-09-21T18:53:59Z"}
{"event":"archive_complete","level":"INFO","message":"圧縮完了: 736.2 MB","path":"/samba/share/Kizuna-Backup/Kizuna-Backup-LITE/tmp/CD_20260921_185359.tar.gz","sha256":"d0f80e6401122c471e1e99aa031bd06ac96160a04ae926a126bd98754ae011ac","size":772004836,"ts":"2026-09-21T18:54:10Z"}
{"dest":"user@localhost","dir":"/srv/kizuna-backup-test","event":"transfer_start","level":"INFO","message":"転送開始","ts":"2026-09-21T18:54:10Z"}
{"dest":"user@localhost","event":"transfer_complete","level":"INFO","message":"転送完了","path":"/srv/kizuna-backup-test/CD_20260921_185359.tar.gz","ts":"2026-09-21T18:54:43Z"}
{"count":1,"dir":"/samba/share/Kizuna-Backup/Kizuna-Backup-LITE/tmp","event":"rotation_not_needed","keep":3,"level":"INFO","message":"世代管理不要 (保持数以内)","pattern":"CD_*.tar.gz","ts":"2026-09-21T18:54:43Z"}
{"deleted_count":0,"dir":"/samba/share/Kizuna-Backup/Kizuna-Backup-LITE/tmp","event":"rotation_complete","keep":3,"level":"INFO","message":"世代管理完了: 保持数 3 / 削除件数 0","pattern":"CD_*.tar.gz","ts":"2026-09-21T18:54:43Z"}
{"event":"remote_rotate_delete","level":"INFO","message":"リモート世代管理で削除: CD_20260921_155359.tar.gz","path":"/srv/kizuna-backup-test/CD_20260921_155359.tar.gz","ts":"2026-09-21T18:54:44Z"}
{"deleted_count":1,"event":"remote_rotation_complete","keep":3,"level":"INFO","message":"リモート世代管理完了: 保持数 3 / 削除件数 1","pattern":"CD_*.tar.gz","remote_dir":"/srv/kizuna-backup-test","ts":"2026-09-21T18:54:44Z"}
{"event":"local_cleanup","level":"INFO","message":"ローカルアーカイブ削除","path":"/samba/share/Kizuna-Backup/Kizuna-Backup-LITE/tmp/CD_20260921_185359.tar.gz","ts":"2026-09-21T18:54:44Z"}
{"duration_sec":44.775264106,"event":"success","level":"INFO","message":"バックアップ成功 (所要時間 45s)","size":772004836,"ts":"2026-09-21T18:54:44Z"}
{"event":"start","level":"INFO","message":"バックアップ開始","mode":"archive","target":"/samba/share/CD","ts":"2026-09-21T19:53:59Z"}
{"event":"archive_start","level":"INFO","message":"圧縮開始","output":"/samba/share/Kizuna-Backup/Kizuna-Backup-LITE/tmp/CD_20260921_195359.tar.gz","target":"/samba/share/CD","ts":"2026-09-21T19:53:59Z"}
{"event":"archive_complete","level":"INFO","message":"圧縮完了: 736.2 MB","path":"/samba/share/Kizuna-Backup/Kizuna-Backup-LITE/tmp/CD_20260921_195359.tar.gz","sha256":"d0f80e6401122c471e1e99aa031bd06ac96160a04ae926a126bd98754ae011ac","size":772004836,"ts":"2026-09-21T19:54:09Z"}
{"dest":"user@localhost","dir":"/srv/kizuna-backup-test","event":"transfer_start","level":"INFO","message":"転送開始","ts":"2026-09-21T19:54:09Z"}
{"dest":"user@localhost","event":"transfer_complete","level":"INFO","message":"転送完了","path":"/srv/kizuna-backup-test/CD_20260921_195359.tar.gz","ts":"2026-09-21T19:54:42Z"}
{"count":1,"dir":"/samba/share/Kizuna-Backup/Kizuna-Backup-LITE/tmp","event":"rotation_not_needed","keep":3,"level":"INFO","message":"世代管理不要 (保持数以内)","pattern":"CD_*.tar.gz","ts":"2026-09-21T19:54:42Z"}
{"deleted_count":0,"dir":"/samba/share/Kizuna-Backup/Kizuna-Backup-LITE/tmp","event":"rotation_complete","keep":3,"level":"INFO","message":"世代管理完了: 保持数 3 / 削除件数 0","pattern":"CD_*.tar.gz","ts":"2026-09-21T19:54:42Z"}
{"event":"remote_rotate_delete","level":"INFO","message":"リモート世代管理で削除: CD_20260921_165359.tar.gz","path":"/srv/kizuna-backup-test/CD_20260921_165359.tar.gz","ts":"2026-09-21T19:54:43Z"}
{"deleted_count":1,"event":"remote_rotation_complete","keep":3,"level":"INFO","message":"リモート世代管理完了: 保持数 3 / 削除件数 1","pattern":"CD_*.tar.gz","remote_dir":"/srv/kizuna-backup-test","ts":"2026-09-21T19:54:43Z"}
{"event":"local_cleanup","level":"INFO","message":"ローカルアーカイブ削除","path":"/samba/share/Kizuna-Backup/Kizuna-Backup-LITE/tmp/CD_20260921_195359.tar.gz","ts":"2026-09-21T19:54:43Z"}
{"duration_sec":44.062201245,"event":"success","level":"INFO","message":"バックアップ成功 (所要時間 44s)","size":772004836,"ts":"2026-09-21T19:54:43Z"}
{"event":"start","level":"INFO","message":"バックアップ開始","mode":"archive","target":"/samba/share/CD","ts":"2026-09-21T20:53:59Z"}
{"event":"archive_start","level":"INFO","message":"圧縮開始","output":"/samba/share/Kizuna-Backup/Kizuna-Backup-LITE/tmp/CD_20260921_205359.tar.gz","target":"/samba/share/CD","ts":"2026-09-21T20:53:59Z"}
{"event":"archive_complete","level":"INFO","message":"圧縮完了: 736.2 MB","path":"/samba/share/Kizuna-Backup/Kizuna-Backup-LITE/tmp/CD_20260921_205359.tar.gz","sha256":"d0f80e6401122c471e1e99aa031bd06ac96160a04ae926a126bd98754ae011ac","size":772004836,"ts":"2026-09-21T20:54:11Z"}
{"dest":"user@localhost","dir":"/srv/kizuna-backup-test","event":"transfer_start","level":"INFO","message":"転送開始","ts":"2026-09-21T20:54:11Z"}
{"dest":"user@localhost","event":"transfer_complete","level":"INFO","message":"転送完了","path":"/srv/kizuna-backup-test/CD_20260921_205359.tar.gz","ts":"2026-09-21T20:54:45Z"}
{"count":1,"dir":"/samba/share/Kizuna-Backup/Kizuna-Backup-LITE/tmp","event":"rotation_not_needed","keep":3,"level":"INFO","message":"世代管理不要 (保持数以内)","pattern":"CD_*.tar.gz","ts":"2026-09-21T20:54:45Z"}
{"deleted_count":0,"dir":"/samba/share/Kizuna-Backup/Kizuna-Backup-LITE/tmp","event":"rotation_complete","keep":3,"level":"INFO","message":"世代管理完了: 保持数 3 / 削除件数 0","pattern":"CD_*.tar.gz","ts":"2026-09-21T20:54:45Z"}
{"event":"remote_rotate_delete","level":"INFO","message":"リモート世代管理で削除: CD_20260921_175359.tar.gz","path":"/srv/kizuna-backup-test/CD_20260921_175359.tar.gz","ts":"2026-09-21T20:54:47Z"}
{"deleted_count":1,"event":"remote_rotation_complete","keep":3,"level":"INFO","message":"リモート世代管理完了: 保持数 3 / 削除件数 1","pattern":"CD_*.tar.gz","remote_dir":"/srv/kizuna-backup-test","ts":"2026-09-21T20:54:47Z"}
{"event":"local_cleanup","level":"INFO","message":"ローカルアーカイブ削除","path":"/samba/share/Kizuna-Backup/Kizuna-Backup-LITE/tmp/CD_20260921_205359.tar.gz","ts":"2026-09-21T20:54:47Z"}
{"duration_sec":48.425720209,"event":"success","level":"INFO","message":"バックアップ成功 (所要時間 48s)","size":772004836,"ts":"2026-09-21T20:54:47Z"}
{"event":"start","level":"INFO","message":"バックアップ開始","mode":"archive","target":"/samba/share/CD","ts":"2026-09-21T21:53:59Z"}
{"event":"archive_start","level":"INFO","message":"圧縮開始","output":"/samba/share/Kizuna-Backup/Kizuna-Backup-LITE/tmp/CD_20260921_215359.tar.gz","target":"/samba/share/CD","ts":"2026-09-21T21:53:59Z"}
{"event":"archive_complete","level":"INFO","message":"圧縮完了: 736.2 MB","path":"/samba/share/Kizuna-Backup/Kizuna-Backup-LITE/tmp/CD_20260921_215359.tar.gz","sha256":"d0f80e6401122c471e1e99aa031bd06ac96160a04ae926a126bd98754ae011ac","size":772004836,"ts":"2026-09-21T21:54:10Z"}
{"dest":"user@localhost","dir":"/srv/kizuna-backup-test","event":"transfer_start","level":"INFO","message":"転送開始","ts":"2026-09-21T21:54:10Z"}
{"dest":"user@localhost","event":"transfer_complete","level":"INFO","message":"転送完了","path":"/srv/kizuna-backup-test/CD_20260921_215359.tar.gz","ts":"2026-09-21T21:54:44Z"}
{"count":1,"dir":"/samba/share/Kizuna-Backup/Kizuna-Backup-LITE/tmp","event":"rotation_not_needed","keep":3,"level":"INFO","message":"世代管理不要 (保持数以内)","pattern":"CD_*.tar.gz","ts":"2026-09-21T21:54:44Z"}
{"deleted_count":0,"dir":"/samba/share/Kizuna-Backup/Kizuna-Backup-LITE/tmp","event":"rotation_complete","keep":3,"level":"INFO","message":"世代管理完了: 保持数 3 / 削除件数 0","pattern":"CD_*.tar.gz","ts":"2026-09-21T21:54:44Z"}
{"event":"remote_rotate_delete","level":"INFO","message":"リモート世代管理で削除: CD_20260921_185359.tar.gz","path":"/srv/kizuna-backup-test/CD_20260921_185359.tar.gz","ts":"2026-09-21T21:54:45Z"}
{"deleted_count":1,"event":"remote_rotation_complete","keep":3,"level":"INFO","message":"リモート世代管理完了: 保持数 3 / 削除件数 1","pattern":"CD_*.tar.gz","remote_dir":"/srv/kizuna-backup-test","ts":"2026-09-21T21:54:45Z"}
{"event":"local_cleanup","level":"INFO","message":"ローカルアーカイブ削除","path":"/samba/share/Kizuna-Backup/Kizuna-Backup-LITE/tmp/CD_20260921_215359.tar.gz","ts":"2026-09-21T21:54:45Z"}
{"duration_sec":45.966893411,"event":"success","level":"INFO","message":"バックアップ成功 (所要時間 46s)","size":772004836,"ts":"2026-09-21T21:54:45Z"}
{"event":"start","level":"INFO","message":"バックアップ開始","mode":"archive","target":"/samba/share/CD","ts":"2026-09-21T22:53:59Z"}
{"event":"archive_start","level":"INFO","message":"圧縮開始","output":"/samba/share/Kizuna-Backup/Kizuna-Backup-LITE/tmp/CD_20260921_225359.tar.gz","target":"/samba/share/CD","ts":"2026-09-21T22:53:59Z"}
{"event":"archive_complete","level":"INFO","message":"圧縮完了: 736.2 MB","path":"/samba/share/Kizuna-Backup/Kizuna-Backup-LITE/tmp/CD_20260921_225359.tar.gz","sha256":"d0f80e6401122c471e1e99aa031bd06ac96160a04ae926a126bd98754ae011ac","size":772004836,"ts":"2026-09-21T22:54:10Z"}
{"dest":"user@localhost","dir":"/srv/kizuna-backup-test","event":"transfer_start","level":"INFO","message":"転送開始","ts":"2026-09-21T22:54:10Z"}
{"dest":"user@localhost","event":"transfer_complete","level":"INFO","message":"転送完了","path":"/srv/kizuna-backup-test/CD_20260921_225359.tar.gz","ts":"2026-09-21T22:54:42Z"}
{"count":1,"dir":"/samba/share/Kizuna-Backup/Kizuna-Backup-LITE/tmp","event":"rotation_not_needed","keep":3,"level":"INFO","message":"世代管理不要 (保持数以内)","pattern":"CD_*.tar.gz","ts":"2026-09-21T22:54:42Z"}
{"deleted_count":0,"dir":"/samba/share/Kizuna-Backup/Kizuna-Backup-LITE/tmp","event":"rotation_complete","keep":3,"level":"INFO","message":"世代管理完了: 保持数 3 / 削除件数 0","pattern":"CD_*.tar.gz","ts":"2026-09-21T22:54:42Z"}
{"event":"remote_rotate_delete","level":"INFO","message":"リモート世代管理で削除: CD_20260921_195359.tar.gz","path":"/srv/kizuna-backup-test/CD_20260921_195359.tar.gz","ts":"2026-09-21T22:54:45Z"}
{"deleted_count":1,"event":"remote_rotation_complete","keep":3,"level":"INFO","message":"リモート世代管理完了: 保持数 3 / 削除件数 1","pattern":"CD_*.tar.gz","remote_dir":"/srv/kizuna-backup-test","ts":"2026-09-21T22:54:45Z"}
{"event":"local_cleanup","level":"INFO","message":"ローカルアーカイブ削除","path":"/samba/share/Kizuna-Backup/Kizuna-Backup-LITE/tmp/CD_20260921_225359.tar.gz","ts":"2026-09-21T22:54:45Z"}
{"duration_sec":45.820856694,"event":"success","level":"INFO","message":"バックアップ成功 (所要時間 46s)","size":772004836,"ts":"2026-09-21T22:54:45Z"}
{"event":"start","level":"INFO","message":"バックアップ開始","mode":"archive","target":"/samba/share/CD","ts":"2026-09-21T23:53:59Z"}
{"event":"archive_start","level":"INFO","message":"圧縮開始","output":"/samba/share/Kizuna-Backup/Kizuna-Backup-LITE/tmp/CD_20260921_235359.tar.gz","target":"/samba/share/CD","ts":"2026-09-21T23:53:59Z"}
{"event":"archive_complete","level":"INFO","message":"圧縮完了: 736.2 MB","path":"/samba/share/Kizuna-Backup/Kizuna-Backup-LITE/tmp/CD_20260921_235359.tar.gz","sha256":"d0f80e6401122c471e1e99aa031bd06ac96160a04ae926a126bd98754ae011ac","size":772004836,"ts":"2026-09-21T23:54:09Z"}
{"dest":"user@localhost","dir":"/srv/kizuna-backup-test","event":"transfer_start","level":"INFO","message":"転送開始","ts":"2026-09-21T23:54:09Z"}
{"dest":"user@localhost","event":"transfer_complete","level":"INFO","message":"転送完了","path":"/srv/kizuna-backup-test/CD_20260921_235359.tar.gz","ts":"2026-09-21T23:54:42Z"}
{"count":1,"dir":"/samba/share/Kizuna-Backup/Kizuna-Backup-LITE/tmp","event":"rotation_not_needed","keep":3,"level":"INFO","message":"世代管理不要 (保持数以内)","pattern":"CD_*.tar.gz","ts":"2026-09-21T23:54:42Z"}
{"deleted_count":0,"dir":"/samba/share/Kizuna-Backup/Kizuna-Backup-LITE/tmp","event":"rotation_complete","keep":3,"level":"INFO","message":"世代管理完了: 保持数 3 / 削除件数 0","pattern":"CD_*.tar.gz","ts":"2026-09-21T23:54:42Z"}
{"event":"remote_rotate_delete","level":"INFO","message":"リモート世代管理で削除: CD_20260921_205359.tar.gz","path":"/srv/kizuna-backup-test/CD_20260921_205359.tar.gz","ts":"2026-09-21T23:54:43Z"}
{"deleted_count":1,"event":"remote_rotation_complete","keep":3,"level":"INFO","message":"リモート世代管理完了: 保持数 3 / 削除件数 1","pattern":"CD_*.tar.gz","remote_dir":"/srv/kizuna-backup-test","ts":"2026-09-21T23:54:43Z"}
{"event":"local_cleanup","level":"INFO","message":"ローカルアーカイブ削除","path":"/samba/share/Kizuna-Backup/Kizuna-Backup-LITE/tmp/CD_20260921_235359.tar.gz","ts":"2026-09-21T23:54:43Z"}
{"duration_sec":44.261813373,"event":"success","level":"INFO","message":"バックアップ成功 (所要時間 44s)","size":772004836,"ts":"2026-09-21T23:54:43Z"}
{"event":"start","level":"INFO","message":"バックアップ開始","mode":"archive","target":"/samba/share/CD","ts":"2026-09-22T00:53:59Z"}
{"event":"archive_start","level":"INFO","message":"圧縮開始","output":"/samba/share/Kizuna-Backup/Kizuna-Backup-LITE/tmp/CD_20260922_005359.tar.gz","target":"/samba/share/CD","ts":"2026-09-22T00:53:59Z"}
{"event":"archive_complete","level":"INFO","message":"圧縮完了: 736.2 MB","path":"/samba/share/Kizuna-Backup/Kizuna-Backup-LITE/tmp/CD_20260922_005359.tar.gz","sha256":"d0f80e6401122c471e1e99aa031bd06ac96160a04ae926a126bd98754ae011ac","size":772004836,"ts":"2026-09-22T00:54:12Z"}
{"dest":"user@localhost","dir":"/srv/kizuna-backup-test","event":"transfer_start","level":"INFO","message":"転送開始","ts":"2026-09-22T00:54:12Z"}
{"dest":"user@localhost","event":"transfer_complete","level":"INFO","message":"転送完了","path":"/srv/kizuna-backup-test/CD_20260922_005359.tar.gz","ts":"2026-09-22T00:54:45Z"}
{"count":1,"dir":"/samba/share/Kizuna-Backup/Kizuna-Backup-LITE/tmp","event":"rotation_not_needed","keep":3,"level":"INFO","message":"世代管理不要 (保持数以内)","pattern":"CD_*.tar.gz","ts":"2026-09-22T00:54:45Z"}
{"deleted_count":0,"dir":"/samba/share/Kizuna-Backup/Kizuna-Backup-LITE/tmp","event":"rotation_complete","keep":3,"level":"INFO","message":"世代管理完了: 保持数 3 / 削除件数 0","pattern":"CD_*.tar.gz","ts":"2026-09-22T00:54:45Z"}
{"event":"remote_rotate_delete","level":"INFO","message":"リモート世代管理で削除: CD_20260921_215359.tar.gz","path":"/srv/kizuna-backup-test/CD_20260921_215359.tar.gz","ts":"2026-09-22T00:54:45Z"}
{"deleted_count":1,"event":"remote_rotation_complete","keep":3,"level":"INFO","message":"リモート世代管理完了: 保持数 3 / 削除件数 1","pattern":"CD_*.tar.gz","remote_dir":"/srv/kizuna-backup-test","ts":"2026-09-22T00:54:45Z"}
{"event":"local_cleanup","level":"INFO","message":"ローカルアーカイブ削除","path":"/samba/share/Kizuna-Backup/Kizuna-Backup-LITE/tmp/CD_20260922_005359.tar.gz","ts":"2026-09-22T00:54:45Z"}
{"duration_sec":46.386838319,"event":"success","level":"INFO","message":"バックアップ成功 (所要時間 46s)","size":772004836,"ts":"2026-09-22T00:54:45Z"}
{"event":"start","level":"INFO","message":"バックアップ開始","mode":"archive","target":"/samba/share/CD","ts":"2026-09-22T01:53:59Z"}
{"event":"archive_start","level":"INFO","message":"圧縮開始","output":"/samba/share/Kizuna-Backup/Kizuna-Backup-LITE/tmp/CD_20260922_015359.tar.gz","target":"/samba/share/CD","ts":"2026-09-22T01:53:59Z"}
{"event":"archive_complete","level":"INFO","message":"圧縮完了: 736.2 MB","path":"/samba/share/Kizuna-Backup/Kizuna-Backup-LITE/tmp/CD_20260922_015359.tar.gz","sha256":"d0f80e6401122c471e1e99aa031bd06ac96160a04ae926a126bd98754ae011ac","size":772004836,"ts":"2026-09-22T01:54:10Z"}
{"dest":"user@localhost","dir":"/srv/kizuna-backup-test","event":"transfer_start","level":"INFO","message":"転送開始","ts":"2026-09-22T01:54:10Z"}
{"dest":"user@localhost","event":"transfer_complete","level":"INFO","message":"転送完了","path":"/srv/kizuna-backup-test/CD_20260922_015359.tar.gz","ts":"2026-09-22T01:54:42Z"}
{"count":1,"dir":"/samba/share/Kizuna-Backup/Kizuna-Backup-LITE/tmp","event":"rotation_not_needed","keep":3,"level":"INFO","message":"世代管理不要 (保持数以内)","pattern":"CD_*.tar.gz","ts":"2026-09-22T01:54:42Z"}
{"deleted_count":0,"dir":"/samba/share/Kizuna-Backup/Kizuna-Backup-LITE/tmp","event":"rotation_complete","keep":3,"level":"INFO","message":"世代管理完了: 保持数 3 / 削除件数 0","pattern":"CD_*.tar.gz","ts":"2026-09-22T01:54:42Z"}
{"event":"remote_rotate_delete","level":"INFO","message":"リモート世代管理で削除: CD_20260921_225359.tar.gz","path":"/srv/kizuna-backup-test/CD_20260921_225359.tar.gz","ts":"2026-09-22T01:54:45Z"}
{"deleted_count":1,"event":"remote_rotation_complete","keep":3,"level":"INFO","message":"リモート世代管理完了: 保持数 3 / 削除件数 1","pattern":"CD_*.tar.gz","remote_dir":"/srv/kizuna-backup-test","ts":"2026-09-22T01:54:45Z"}
{"event":"local_cleanup","level":"INFO","message":"ローカルアーカイブ削除","path":"/samba/share/Kizuna-Backup/Kizuna-Backup-LITE/tmp/CD_20260922_015359.tar.gz","ts":"2026-09-22T01:54:45Z"}
{"duration_sec":45.81576858,"event":"success","level":"INFO","message":"バックアップ成功 (所要時間 46s)","size":772004836,"ts":"2026-09-22T01:54:45Z"}
{"event":"start","level":"INFO","message":"バックアップ開始","mode":"archive","target":"/samba/share/CD","ts":"2026-09-22T02:53:59Z"}
{"event":"archive_start","level":"INFO","message":"圧縮開始","output":"/samba/share/Kizuna-Backup/Kizuna-Backup-LITE/tmp/CD_20260922_025359.tar.gz","target":"/samba/share/CD","ts":"2026-09-22T02:53:59Z"}
{"event":"archive_complete","level":"INFO","message":"圧縮完了: 736.2 MB","path":"/samba/share/Kizuna-Backup/Kizuna-Backup-LITE/tmp/CD_20260922_025359.tar.gz","sha256":"d0f80e6401122c471e1e99aa031bd06ac96160a04ae926a126bd98754ae011ac","size":772004836,"ts":"2026-09-22T02:54:10Z"}
{"dest":"user@localhost","dir":"/srv/kizuna-backup-test","event":"transfer_start","level":"INFO","message":"転送開始","ts":"2026-09-22T02:54:10Z"}
{"dest":"user@localhost","event":"transfer_complete","level":"INFO","message":"転送完了","path":"/srv/kizuna-backup-test/CD_20260922_025359.tar.gz","ts":"2026-09-22T02:54:43Z"}
{"count":1,"dir":"/samba/share/Kizuna-Backup/Kizuna-Backup-LITE/tmp","event":"rotation_not_needed","keep":3,"level":"INFO","message":"世代管理不要 (保持数以内)","pattern":"CD_*.tar.gz","ts":"2026-09-22T02:54:43Z"}
{"deleted_count":0,"dir":"/samba/share/Kizuna-Backup/Kizuna-Backup-LITE/tmp","event":"rotation_complete","keep":3,"level":"INFO","message":"世代管理完了: 保持数 3 / 削除件数 0","pattern":"CD_*.tar.gz","ts":"2026-09-22T02:54:43Z"}
{"event":"remote_rotate_delete","level":"INFO","message":"リモート世代管理で削除: CD_20260921_235359.tar.gz","path":"/srv/kizuna-backup-test/CD_20260921_235359.tar.gz","ts":"2026-09-22T02:54:44Z"}
{"deleted_count":1,"event":"remote_rotation_complete","keep":3,"level":"INFO","message":"リモート世代管理完了: 保持数 3 / 削除件数 1","pattern":"CD_*.tar.gz","remote_dir":"/srv/kizuna-backup-test","ts":"2026-09-22T02:54:44Z"}
{"event":"local_cleanup","level":"INFO","message":"ローカルアーカイブ削除","path":"/samba/share/Kizuna-Backup/Kizuna-Backup-LITE/tmp/CD_20260922_025359.tar.gz","ts":"2026-09-22T02:54:44Z"}
{"duration_sec":45.140307478,"event":"success","level":"INFO","message":"バックアップ成功 (所要時間 45s)","size":772004836,"ts":"2026-09-22T02:54:44Z"}
{"event":"start","level":"INFO","message":"バックアップ開始","mode":"archive","target":"/samba/share/CD","ts":"2026-09-22T03:53:59Z"}
{"event":"archive_start","level":"INFO","message":"圧縮開始","output":"/samba/share/Kizuna-Backup/Kizuna-Backup-LITE/tmp/CD_20260922_035359.tar.gz","target":"/samba/share/CD","ts":"2026-09-22T03:53:59Z"}
{"event":"archive_complete","level":"INFO","message":"圧縮完了: 736.2 MB","path":"/samba/share/Kizuna-Backup/Kizuna-Backup-LITE/tmp/CD_20260922_035359.tar.gz","sha256":"d0f80e6401122c471e1e99aa031bd06ac96160a04ae926a126bd98754ae011ac","size":772004836,"ts":"2026-09-22T03:54:11Z"}
{"dest":"user@localhost","dir":"/srv/kizuna-backup-test","event":"transfer_start","level":"INFO","message":"転送開始","ts":"2026-09-22T03:54:11Z"}
{"dest":"user@localhost","event":"transfer_complete","level":"INFO","message":"転送完了","path":"/srv/kizuna-backup-test/CD_20260922_035359.tar.gz","ts":"2026-09-22T03:54:43Z"}
{"count":1,"dir":"/samba/share/Kizuna-Backup/Kizuna-Backup-LITE/tmp","event":"rotation_not_needed","keep":3,"level":"INFO","message":"世代管理不要 (保持数以内)","pattern":"CD_*.tar.gz","ts":"2026-09-22T03:54:43Z"}
{"deleted_count":0,"dir":"/samba/share/Kizuna-Backup/Kizuna-Backup-LITE/tmp","event":"rotation_complete","keep":3,"level":"INFO","message":"世代管理完了: 保持数 3 / 削除件数 0","pattern":"CD_*.tar.gz","ts":"2026-09-22T03:54:43Z"}
{"event":"remote_rotate_delete","level":"INFO","message":"リモート世代管理で削除: CD_20260922_005359.tar.gz","path":"/srv/kizuna-backup-test/CD_20260922_005359.tar.gz","ts":"2026-09-22T03:54:44Z"}
{"deleted_count":1,"event":"remote_rotation_complete","keep":3,"level":"INFO","message":"リモート世代管理完了: 保持数 3 / 削除件数 1","pattern":"CD_*.tar.gz","remote_dir":"/srv/kizuna-backup-test","ts":"2026-09-22T03:54:44Z"}
{"event":"local_cleanup","level":"INFO","message":"ローカルアーカイブ削除","path":"/samba/share/Kizuna-Backup/Kizuna-Backup-LITE/tmp/CD_20260922_035359.tar.gz","ts":"2026-09-22T03:54:44Z"}
{"duration_sec":44.977071651,"event":"success","level":"INFO","message":"バックアップ成功 (所要時間 45s)","size":772004836,"ts":"2026-09-22T03:54:44Z"}
{"event":"start","level":"INFO","message":"バックアップ開始","mode":"archive","target":"/samba/share/CD","ts":"2026-09-22T04:53:59Z"}
{"event":"archive_start","level":"INFO","message":"圧縮開始","output":"/samba/share/Kizuna-Backup/Kizuna-Backup-LITE/tmp/CD_20260922_045359.tar.gz","target":"/samba/share/CD","ts":"2026-09-22T04:53:59Z"}
{"event":"archive_complete","level":"INFO","message":"圧縮完了: 736.2 MB","path":"/samba/share/Kizuna-Backup/Kizuna-Backup-LITE/tmp/CD_20260922_045359.tar.gz","sha256":"d0f80e6401122c471e1e99aa031bd06ac96160a04ae926a126bd98754ae011ac","size":772004836,"ts":"2026-09-22T04:54:11Z"}
{"dest":"user@localhost","dir":"/srv/kizuna-backup-test","event":"transfer_start","level":"INFO","message":"転送開始","ts":"2026-09-22T04:54:11Z"}
{"dest":"user@localhost","event":"transfer_complete","level":"INFO","message":"転送完了","path":"/srv/kizuna-backup-test/CD_20260922_045359.tar.gz","ts":"2026-09-22T04:54:45Z"}
{"count":1,"dir":"/samba/share/Kizuna-Backup/Kizuna-Backup-LITE/tmp","event":"rotation_not_needed","keep":3,"level":"INFO","message":"世代管理不要 (保持数以内)","pattern":"CD_*.tar.gz","ts":"2026-09-22T04:54:45Z"}
{"deleted_count":0,"dir":"/samba/share/Kizuna-Backup/Kizuna-Backup-LITE/tmp","event":"rotation_complete","keep":3,"level":"INFO","message":"世代管理完了: 保持数 3 / 削除件数 0","pattern":"CD_*.tar.gz","ts":"2026-09-22T04:54:45Z"}
{"event":"remote_rotate_delete","level":"INFO","message":"リモート世代管理で削除: CD_20260922_015359.tar.gz","path":"/srv/kizuna-backup-test/CD_20260922_015359.tar.gz","ts":"2026-09-22T04:54:48Z"}
{"deleted_count":1,"event":"remote_rotation_complete","keep":3,"level":"INFO","message":"リモート世代管理完了: 保持数 3 / 削除件数 1","pattern":"CD_*.tar.gz","remote_dir":"/srv/kizuna-backup-test","ts":"2026-09-22T04:54:48Z"}
{"event":"local_cleanup","level":"INFO","message":"ローカルアーカイブ削除","path":"/samba/share/Kizuna-Backup/Kizuna-Backup-LITE/tmp/CD_20260922_045359.tar.gz","ts":"2026-09-22T04:54:48Z"}
{"duration_sec":48.690477868,"event":"success","level":"INFO","message":"バックアップ成功 (所要時間 49s)","size":772004836,"ts":"2026-09-22T04:54:48Z"}
{"event":"configured","interval_sec":3600,"level":"INFO","message":"設定を反映しました","mode":"archive","schedule_expr":"*/2 * * * *","schedule_mode":"cron式","target_dir":"/tmp/test-backup","ts":"2026-09-22T05:11:57Z"}
{"event":"start","level":"INFO","message":"バックアップ開始","mode":"archive","target":"/tmp/test-backup","ts":"2026-09-22T05:12:27Z"}
{"event":"archive_start","level":"INFO","message":"圧縮開始","output":"/tmp/kizuna-backups/test-backup_20260922_051227.tar.gz","target":"/tmp/test-backup","ts":"2026-09-22T05:12:27Z"}
{"event":"archive_complete","level":"INFO","message":"圧縮完了: 180.0 B","path":"/tmp/kizuna-backups/test-backup_20260922_051227.tar.gz","sha256":"d395094d073f8083aa4e6d641192dedc9395c72fd7006415979bfcd597108586","size":180,"ts":"2026-09-22T05:12:27Z"}
{"dest":"user@localhost","dir":"/srv/kizuna-backup-test","event":"transfer_start","level":"INFO","message":"転送開始","ts":"2026-09-22T05:12:27Z"}
{"dest":"user@localhost","event":"transfer_complete","level":"INFO","message":"転送完了","path":"/srv/kizuna-backup-test/test-backup_20260922_051227.tar.gz","ts":"2026-09-22T05:12:29Z"}
{"count":1,"dir":"/tmp/kizuna-backups","event":"rotation_not_needed","keep":3,"level":"INFO","message":"世代管理不要 (保持数以内)","pattern":"test-backup_*.tar.gz","ts":"2026-09-22T05:12:29Z"}
{"deleted_count":0,"dir":"/tmp/kizuna-backups","event":"rotation_complete","keep":3,"level":"INFO","message":"世代管理完了: 保持数 3 / 削除件数 0","pattern":"test-backup_*.tar.gz","ts":"2026-09-22T05:12:29Z"}
{"event":"remote_rotation_not_needed","keep":3,"level":"INFO","message":"リモート世代管理不要 (保持数以内)","pattern":"test-backup_*.tar.gz","remote_dir":"/srv/kizuna-backup-test","ts":"2026-09-22T05:12:29Z"}
{"deleted_count":0,"event":"remote_rotation_complete","keep":3,"level":"INFO","message":"リモート世代管理完了: 保持数 3 / 削除件数 0","pattern":"test-backup_*.tar.gz","remote_dir":"/srv/kizuna-backup-test","ts":"2026-09-22T05:12:29Z"}
{"duration_sec":1.4879371080000001,"event":"success","level":"INFO","message":"バックアップ成功 (所要時間 1s)","size":180,"ts":"2026-09-22T05:12:29Z"}
{"event":"configured","interval_sec":3600,"level":"INFO","message":"設定を反映しました","mode":"archive","schedule_expr":"*/2 * * * *","schedule_mode":"cron式","target_dir":"/tmp/test-backup","ts":"2026-09-22T05:13:15Z"}
{"event":"start","level":"INFO","message":"バックアップ開始","mode":"archive","target":"/tmp/test-backup","ts":"2026-09-22T05:14:15Z"}
{"event":"archive_start","level":"INFO","message":"圧縮開始","output":"/tmp/kizuna-backups/test-backup_20260922_051415.tar.gz","target":"/tmp/test-backup","ts":"2026-09-22T05:14:15Z"}
{"event":"archive_complete","level":"INFO","message":"圧縮完了: 180.0 B","path":"/tmp/kizuna-backups/test-backup_20260922_051415.tar.gz","sha256":"d395094d073f8083aa4e6d641192dedc9395c72fd7006415979bfcd597108586","size":180,"ts":"2026-09-22T05:14:15Z"}
{"dest":"user@localhost","dir":"/srv/kizuna-backup-test","event":"transfer_start","level":"INFO","message":"転送開始","ts":"2026-09-22T05:14:15Z"}
{"dest":"user@localhost","event":"transfer_complete","level":"INFO","message":"転送完了","path":"/srv/kizuna-backup-test/test-backup_20260922_051415.tar.gz","ts":"2026-09-22T05:14:16Z"}
{"count":2,"dir":"/tmp/kizuna-backups","event":"rotation_not_needed","keep":3,"level":"INFO","message":"世代管理不要 (保持数以内)","pattern":"test-backup_*.tar.gz","ts":"2026-09-22T05:14:16Z"}
{"deleted_count":0,"dir":"/tmp/kizuna-backups","event":"rotation_complete","keep":3,"level":"INFO","message":"世代管理完了: 保持数 3 / 削除件数 0","pattern":"test-backup_*.tar.gz","ts":"2026-09-22T05:14:16Z"}
{"event":"remote_rotation_not_needed","keep":3,"level":"INFO","message":"リモート世代管理不要 (保持数以内)","pattern":"test-backup_*.tar.gz","remote_dir":"/srv/kizuna-backup-test","ts":"2026-09-22T05:14:16Z"}
{"deleted_count":0,"event":"remote_rotation_complete","keep":3,"level":"INFO","message":"リモート世代管理完了: 保持数 3 / 削除件数 0","pattern":"test-backup_*.tar.gz","remote_dir":"/srv/kizuna-backup-test","ts":"2026-09-22T05:14:16Z"}
{"duration_sec":1.43846028,"event":"success","level":"INFO","message":"バックアップ成功 (所要時間 1s)","size":180,"ts":"2026-09-22T05:14:16Z"}
{"event":"start","level":"INFO","message":"バックアップ開始","mode":"archive","target":"/tmp/test-backup","ts":"2026-09-22T05:16:15Z"}
{"event":"archive_start","level":"INFO","message":"圧縮開始","output":"/tmp/kizuna-backups/test-backup_20260922_051615.tar.gz","target":"/tmp/test-backup","ts":"2026-09-22T05:16:15Z"}
{"event":"archive_complete","level":"INFO","message":"圧縮完了: 180.0 B","path":"/tmp/kizuna-backups/test-backup_20260922_051615.tar.gz","sha256":"d395094d073f8083aa4e6d641192dedc9395c72fd7006415979bfcd597108586","size":180,"ts":"2026-09-22T05:16:15Z"}
{"dest":"user@localhost","dir":"/srv/kizuna-backup-test","event":"transfer_start","level":"INFO","message":"転送開始","ts":"2026-09-22T05:16:15Z"}
{"dest":"user@localhost","event":"transfer_complete","level":"INFO","message":"転送完了","path":"/srv/kizuna-backup-test/test-backup_20260922_051615.tar.gz","ts":"2026-09-22T05:16:16Z"}
{"count":3,"dir":"/tmp/kizuna-backups","event":"rotation_not_needed","keep":3,"level":"INFO","message":"世代管理不要 (保持数以内)","pattern":"test-backup_*.tar.gz","ts":"2026-09-22T05:16:16Z"}
{"deleted_count":0,"dir":"/tmp/kizuna-backups","event":"rotation_complete","keep":3,"level":"INFO","message":"世代管理完了: 保持数 3 / 削除件数 0","pattern":"test-backup_*.tar.gz","ts":"2026-09-22T05:16:16Z"}
{"event":"remote_rotation_not_needed","keep":3,"level":"INFO","message":"リモート世代管理不要 (保持数以内)","pattern":"test-backup_*.tar.gz","remote_dir":"/srv/kizuna-backup-test","ts":"2026-09-22T05:16:16Z"}
{"deleted_count":0,"event":"remote_rotation_complete","keep":3,"level":"INFO","message":"リモート世代管理完了: 保持数 3 / 削除件数 0","pattern":"test-backup_*.tar.gz","remote_dir":"/srv/kizuna-backup-test","ts":"2026-09-22T05:16:16Z"}
{"duration_sec":1.445131704,"event":"success","level":"INFO","message":"バックアップ成功 (所要時間 1s)","size":180,"ts":"2026-09-22T05:16:16Z"}
{"event":"start","level":"INFO","message":"バックアップ開始","mode":"archive","target":"/tmp/test-backup","ts":"2026-09-22T05:18:15Z"}
{"event":"archive_start","level":"INFO","message":"圧縮開始","output":"/tmp/kizuna-backups/test-backup_20260922_051815.tar.gz","target":"/tmp/test-backup","ts":"2026-09-22T05:18:15Z"}
{"event":"archive_complete","level":"INFO","message":"圧縮完了: 180.0 B","path":"/tmp/kizuna-backups/test-backup_20260922_051815.tar.gz","sha256":"d395094d073f8083aa4e6d641192dedc9395c72fd7006415979bfcd597108586","size":180,"ts":"2026-09-22T05:18:15Z"}
{"dest":"user@localhost","dir":"/srv/kizuna-backup-test","event":"transfer_start","level":"INFO","message":"転送開始","ts":"2026-09-22T05:18:15Z"}
{"dest":"user@localhost","event":"transfer_complete","level":"INFO","message":"転送完了","path":"/srv/kizuna-backup-test/test-backup_20260922_051815.tar.gz","ts":"2026-09-22T05:18:16Z"}
{"event":"rotate_delete","level":"INFO","message":"世代管理で削除: test-backup_20260922_051227.tar.gz","path":"/tmp/kizuna-backups/test-backup_20260922_051227.tar.gz","ts":"2026-09-22T05:18:16Z"}
{"deleted_count":1,"dir":"/tmp/kizuna-backups","event":"rotation_complete","keep":3,"level":"INFO","message":"世代管理完了: 保持数 3 / 削除件数 1","pattern":"test-backup_*.tar.gz","ts":"2026-09-22T05:18:16Z"}
{"event":"remote_rotate_delete","level":"INFO","message":"リモート世代管理で削除: test-backup_20260922_051227.tar.gz","path":"/srv/kizuna-backup-test/test-backup_20260922_051227.tar.gz","ts":"2026-09-22T05:18:17Z"}
{"deleted_count":1,"event":"remote_rotation_complete","keep":3,"level":"INFO","message":"リモート世代管理完了: 保持数 3 / 削除件数 1","pattern":"test-backup_*.tar.gz","remote_dir":"/srv/kizuna-backup-test","ts":"2026-09-22T05:18:17Z"}
{"duration_sec":1.742334997,"event":"success","level":"INFO","message":"バックアップ成功 (所要時間 2s)","size":180,"ts":"2026-09-22T05:18:17Z"}
{"event":"start","level":"INFO","message":"バックアップ開始","mode":"archive","target":"/tmp/test-backup","ts":"2026-09-22T05:20:15Z"}
{"event":"archive_start","level":"INFO","message":"圧縮開始","output":"/tmp/kizuna-backups/test-backup_20260922_052015.tar.gz","target":"/tmp/test-backup","ts":"2026-09-22T05:20:15Z"}
{"event":"archive_complete","level":"INFO","message":"圧縮完了: 180.0 B","path":"/tmp/kizuna-backups/test-backup_20260922_052015.tar.gz","sha256":"d395094d073f8083aa4e6d641192dedc9395c72fd7006415979bfcd597108586","size":180,"ts":"2026-09-22T05:20:15Z"}
{"dest":"user@localhost","dir":"/srv/kizuna-backup-test","event":"transfer_start","level":"INFO","message":"転送開始","ts":"2026-09-22T05:20:15Z"}
{"dest":"user@localhost","event":"transfer_complete","level":"INFO","message":"転送完了","path":"/srv/kizuna-backup-test/test-backup_20260922_052015.tar.gz","ts":"2026-09-22T05:20:16Z"}
{"event":"rotate_delete","level":"INFO","message":"世代管理で削除: test-backup_20260922_051415.tar.gz","path":"/tmp/kizuna-backups/test-backup_20260922_051415.tar.gz","ts":"2026-09-22T05:20:16Z"}
{"deleted_count":1,"dir":"/tmp/kizuna-backups","event":"rotation_complete","keep":3,"level":"INFO","message":"世代管理完了: 保持数 3 / 削除件数 1","pattern":"test-backup_*.tar.gz","ts":"2026-09-22T05:20:16Z"}
{"event":"remote_rotate_delete","level":"INFO","message":"リモート世代管理で削除: test-backup_20260922_051415.tar.gz","path":"/srv/kizuna-backup-test/test-backup_20260922_051415.tar.gz","ts":"2026-09-22T05:20:17Z"}
{"deleted_count":1,"event":"remote_rotation_complete","keep":3,"level":"INFO","message":"リモート世代管理完了: 保持数 3 / 削除件数 1","pattern":"test-backup_*.tar.gz","remote_dir":"/srv/kizuna-backup-test","ts":"2026-09-22T05:20:17Z"}
{"duration_sec":1.731713208,"event":"success","level":"INFO","message":"バックアップ成功 (所要時間 2s)","size":180,"ts":"2026-09-22T05:20:17Z"}
{"event":"start","level":"INFO","message":"バックアップ開始","mode":"archive","target":"/tmp/test-backup","ts":"2026-09-22T05:22:15Z"}
{"event":"archive_start","level":"INFO","message":"圧縮開始","output":"/tmp/kizuna-backups/test-backup_20260922_052215.tar.gz","target":"/tmp/test-backup","ts":"2026-09-22T05:22:15Z"}
{"event":"archive_complete","level":"INFO","message":"圧縮完了: 180.0 B","path":"/tmp/kizuna-backups/test-backup_20260922_052215.tar.gz","sha256":"d395094d073f8083aa4e6d641192dedc9395c72fd7006415979bfcd597108586","size":180,"ts":"2026-09-22T05:22:15Z"}
{"dest":"user@localhost","dir":"/srv/kizuna-backup-test","event":"transfer_start","level":"INFO","message":"転送開始","ts":"2026-09-22T05:22:15Z"}
{"dest":"user@localhost","event":"transfer_complete","level":"INFO","message":"転送完了","path":"/srv/kizuna-backup-test/test-backup_20260922_052215.tar.gz","ts":"2026-09-22T05:22:16Z"}
{"event":"rotate_delete","level":"INFO","message":"世代管理で削除: test-backup_20260922_051615.tar.gz","path":"/tmp/kizuna-backups/test-backup_20260922_051615.tar.gz","ts":"2026-09-22T05:22:16Z"}
{"deleted_count":1,"dir":"/tmp/kizuna-backups","event":"rotation_complete","keep":3,"level":"INFO","message":"世代管理完了: 保持数 3 / 削除件数 1","pattern":"test-backup_*.tar.gz","ts":"2026-09-22T05:22:16Z"}
{"event":"remote_rotate_delete","level":"INFO","message":"リモート世代管理で削除: test-backup_20260922_051615.tar.gz","path":"/srv/kizuna-backup-test/test-backup_20260922_051615.tar.gz","ts":"2026-09-22T05:22:17Z"}
{"deleted_count":1,"event":"remote_rotation_complete","keep":3,"level":"INFO","message":"リモート世代管理完了: 保持数 3 / 削除件数 1","pattern":"test-backup_*.tar.gz","remote_dir":"/srv/kizuna-backup-test","ts":"2026-09-22T05:22:17Z"}
{"duration_sec":1.722409856,"event":"success","level":"INFO","message":"バックアップ成功 (所要時間 2s)","size":180,"ts":"2026-09-22T05:22:17Z"}
{"event":"start","level":"INFO","message":"バックアップ開始","mode":"archive","target":"/tmp/test-backup","ts":"2026-09-22T05:24:15Z"}
{"event":"archive_start","level":"INFO","message":"圧縮開始","output":"/tmp/kizuna-backups/test-backup_20260922_052415.tar.gz","target":"/tmp/test-backup","ts":"2026-09-22T05:24:15Z"}
{"event":"archive_complete","level":"INFO","message":"圧縮完了: 180.0 B","path":"/tmp/kizuna-backups/test-backup_20260922_052415.tar.gz","sha256":"d395094d073f8083aa4e6d641192dedc9395c72fd7006415979bfcd597108586","size":180,"ts":"2026-09-22T05:24:15Z"}
{"dest":"user@localhost","dir":"/srv/kizuna-backup-test","event":"transfer_start","level":"INFO","message":"転送開始","ts":"2026-09-22T05:24:15Z"}
{"dest":"user@localhost","event":"transfer_complete","level":"INFO","message":"転送完了","path":"/srv/kizuna-backup-test/test-backup_20260922_052415.tar.gz","ts":"2026-09-22T05:24:16Z"}
{"event":"rotate_delete","level":"INFO","message":"世代管理で削除: test-backup_20260922_051815.tar.gz","path":"/tmp/kizuna-backups/test-backup_20260922_051815.tar.gz","ts":"2026-09-22T05:24:16Z"}
{"deleted_count":1,"dir":"/tmp/kizuna-backups","event":"rotation_complete","keep":3,"level":"INFO","message":"世代管理完了: 保持数 3 / 削除件数 1","pattern":"test-backup_*.tar.gz","ts":"2026-09-22T05:24:16Z"}
{"event":"remote_rotate_delete","level":"INFO","message":"リモート世代管理で削除: test-backup_20260922_051815.tar.gz","path":"/srv/kizuna-backup-test/test-backup_20260922_051815.tar.gz","ts":"2026-09-22T05:24:17Z"}
{"deleted_count":1,"event":"remote_rotation_complete","keep":3,"level":"INFO","message":"リモート世代管理完了: 保持数 3 / 削除件数 1","pattern":"test-backup_*.tar.gz","remote_dir":"/srv/kizuna-backup-test","ts":"2026-09-22T05:24:17Z"}
{"duration_sec":1.7189523599999998,"event":"success","level":"INFO","message":"バックアップ成功 (所要時間 2s)","size":180,"ts":"2026-09-22T05:24:17Z"}
{"event":"start","level":"INFO","message":"バックアップ開始","mode":"archive","target":"/tmp/test-backup","ts":"2026-09-22T05:26:15Z"}
{"event":"archive_start","level":"INFO","message":"圧縮開始","output":"/tmp/kizuna-backups/test-backup_20260922_052615.tar.gz","target":"/tmp/test-backup","ts":"2026-09-22T05:26:15Z"}
{"event":"archive_complete","level":"INFO","message":"圧縮完了: 180.0 B","path":"/tmp/kizuna-backups/test-backup_20260922_052615.tar.gz","sha256":"d395094d073f8083aa4e6d641192dedc9395c72fd7006415979bfcd597108586","size":180,"ts":"2026-09-22T05:26:15Z"}
{"dest":"user@localhost","dir":"/srv/kizuna-backup-test","event":"transfer_start","level":"INFO","message":"転送開始","ts":"2026-09-22T05:26:15Z"}
{"dest":"user@localhost","event":"transfer_complete","level":"INFO","message":"転送完了","path":"/srv/kizuna-backup-test/test-backup_20260922_052615.tar.gz","ts":"2026-09-22T05:26:16Z"}
{"event":"rotate_delete","level":"INFO","message":"世代管理で削除: test-backup_20260922_052015.tar.gz","path":"/tmp/kizuna-backups/test-backup_20260922_052015.tar.gz","ts":"2026-09-22T05:26:16Z"}
{"deleted_count":1,"dir":"/tmp/kizuna-backups","event":"rotation_complete","keep":3,"level":"INFO","message":"世代管理完了: 保持数 3 / 削除件数 1","pattern":"test-backup_*.tar.gz","ts":"2026-09-22T05:26:16Z"}
{"event":"remote_rotate_delete","level":"INFO","message":"リモート世代管理で削除: test-backup_20260922_052015.tar.gz","path":"/srv/kizuna-backup-test/test-backup_20260922_052015.tar.gz","ts":"2026-09-22T05:26:17Z"}
{"deleted_count":1,"event":"remote_rotation_complete","keep":3,"level":"INFO","message":"リモート世代管理完了: 保持数 3 / 削除件数 1","pattern":"test-backup_*.tar.gz","remote_dir":"/srv/kizuna-backup-test","ts":"2026-09-22T05:26:17Z"}
{"duration_sec":1.739689157,"event":"success","level":"INFO","message":"バックアップ成功 (所要時間 2s)","size":180,"ts":"2026-09-22T05:26:17Z"}
{"event":"start","level":"INFO","message":"バックアップ開始","mode":"archive","target":"/tmp/test-backup","ts":"2026-09-22T05:28:15Z"}
{"event":"archive_start","level":"INFO","message":"圧縮開始","output":"/tmp/kizuna-backups/test-backup_20260922_052815.tar.gz","target":"/tmp/test-backup","ts":"2026-09-22T05:28:15Z"}
{"event":"archive_complete","level":"INFO","message":"圧縮完了: 180.0 B","path":"/tmp/kizuna-backups/test-backup_20260922_052815.tar.gz","sha256":"d395094d073f8083aa4e6d641192dedc9395c72fd7006415979bfcd597108586","size":180,"ts":"2026-09-22T05:28:15Z"}
{"dest":"user@localhost","dir":"/srv/kizuna-backup-test","event":"transfer_start","level":"INFO","message":"転送開始","ts":"2026-09-22T05:28:15Z"}
{"dest":"user@localhost","event":"transfer_complete","level":"INFO","message":"転送完了","path":"/srv/kizuna-backup-test/test-backup_20260922_052815.tar.gz","ts":"2026-09-22T05:28:16Z"}
{"event":"rotate_delete","level":"INFO","message":"世代管理で削除: test-backup_20260922_052215.tar.gz","path":"/tmp/kizuna-backups/test-backup_20260922_052215.tar.gz","ts":"2026-09-22T05:28:16Z"}
{"deleted_count":1,"dir":"/tmp/kizuna-backups","event":"rotation_complete","keep":3,"level":"INFO","message":"世代管理完了: 保持数 3 / 削除件数 1","pattern":"test-backup_*.tar.gz","ts":"2026-09-22T05:28:16Z"}
{"event":"remote_rotate_delete","level":"INFO","message":"リモート世代管理で削除: test-backup_20260922_052215.tar.gz","path":"/srv/kizuna-backup-test/test-backup_20260922_052215.tar.gz","ts":"2026-09-22T05:28:17Z"}
{"deleted_count":1,"event":"remote_rotation_complete","keep":3,"level":"INFO","message":"リモート世代管理完了: 保持数 3 / 削除件数 1","pattern":"test-backup_*.tar.gz","remote_dir":"/srv/kizuna-backup-test","ts":"2026-09-22T05:28:17Z"}
{"duration_sec":1.749665633,"event":"success","level":"INFO","message":"バックアップ成功 (所要時間 2s)","size":180,"ts":"2026-09-22T05:28:17Z"}
{"event":"start","level":"INFO","message":"バックアップ開始","mode":"archive","target":"/tmp/test-backup","ts":"2026-09-22T05:30:15Z"}
{"event":"archive_start","level":"INFO","message":"圧縮開始","output":"/tmp/kizuna-backups/test-backup_20260922_053015.tar.gz","target":"/tmp/test-backup","ts":"2026-09-22T05:30:15Z"}
{"event":"archive_complete","level":"INFO","message":"圧縮完了: 180.0 B","path":"/tmp/kizuna-backups/test-backup_20260922_053015.tar.gz","sha256":"d395094d073f8083aa4e6d641192dedc9395c72fd7006415979bfcd597108586","size":180,"ts":"2026-09-22T05:30:15Z"}
{"dest":"user@localhost","dir":"/srv/kizuna-backup-test","event":"transfer_start","level":"INFO","message":"転送開始","ts":"2026-09-22T05:30:15Z"}
{"dest":"user@localhost","event":"transfer_complete","level":"INFO","message":"転送完了","path":"/srv/kizuna-backup-test/test-backup_20260922_053015.tar.gz","ts":"2026-09-22T05:30:16Z"}
{"event":"rotate_delete","level":"INFO","message":"世代管理で削除: test-backup_20260922_052415.tar.gz","path":"/tmp/kizuna-backups/test-backup_20260922_052415.tar.gz","ts":"2026-09-22T05:30:16Z"}
{"deleted_count":1,"dir":"/tmp/kizuna-backups","event":"rotation_complete","keep":3,"level":"INFO","message":"世代管理完了: 保持数 3 / 削除件数 1","pattern":"test-backup_*.tar.gz","ts":"2026-09-22T05:30:16Z"}
{"event":"remote_rotate_delete","level":"INFO","message":"リモート世代管理で削除: test-backup_20260922_052415.tar.gz","path":"/srv/kizuna-backup-test/test-backup_20260922_052415.tar.gz","ts":"2026-09-22T05:30:17Z"}
{"deleted_count":1,"event":"remote_rotation_complete","keep":3,"level":"INFO","message":"リモート世代管理完了: 保持数 3 / 削除件数 1","pattern":"test-backup_*.tar.gz","remote_dir":"/srv/kizuna-backup-test","ts":"2026-09-22T05:30:17Z"}
{"duration_sec":1.750644737,"event":"success","level":"INFO","message":"バックアップ成功 (所要時間 2s)","size":180,"ts":"2026-09-22T05:30:17Z"}
{"event":"start","level":"INFO","message":"バックアップ開始","mode":"archive","target":"/tmp/test-backup","ts":"2026-09-22T05:32:15Z"}
{"event":"archive_start","level":"INFO","message":"圧縮開始","output":"/tmp/kizuna-backups/test-backup_20260922_053215.tar.gz","target":"/tmp/test-backup","ts":"2026-09-22T05:32:15Z"}
{"event":"archive_complete","level":"INFO","message":"圧縮完了: 180.0 B","path":"/tmp/kizuna-backups/test-backup_20260922_053215.tar.gz","sha256":"d395094d073f8083aa4e6d641192dedc9395c72fd7006415979bfcd597108586","size":180,"ts":"2026-09-22T05:32:15Z"}
{"dest":"user@localhost","dir":"/srv/kizuna-backup-test","event":"transfer_start","level":"INFO","message":"転送開始","ts":"2026-09-22T05:32:15Z"}
{"dest":"user@localhost","event":"transfer_complete","level":"INFO","message":"転送完了","path":"/srv/kizuna-backup-test/test-backup_20260922_053215.tar.gz","ts":"2026-09-22T05:32:16Z"}
{"event":"rotate_delete","level":"INFO","message":"世代管理で削除: test-backup_20260922_052615.tar.gz","path":"/tmp/kizuna-backups/test-backup_20260922_052615.tar.gz","ts":"2026-09-22T05:32:16Z"}
{"deleted_count":1,"dir":"/tmp/kizuna-backups","event":"rotation_complete","keep":3,"level":"INFO","message":"世代管理完了: 保持数 3 / 削除件数 1","pattern":"test-backup_*.tar.gz","ts":"2026-09-22T05:32:16Z"}
{"event":"remote_rotate_delete","level":"INFO","message":"リモート世代管理で削除: test-backup_20260922_052615.tar.gz","path":"/srv/kizuna-backup-test/test-backup_20260922_052615.tar.gz","ts":"2026-09-22T05:32:17Z"}
{"deleted_count":1,"event":"remote_rotation_complete","keep":3,"level":"INFO","message":"リモート世代管理完了: 保持数 3 / 削除件数 1","pattern":"test-backup_*.tar.gz","remote_dir":"/srv/kizuna-backup-test","ts":"2026-09-22T05:32:17Z"}
{"duration_sec":1.7452979389999999,"event":"success","level":"INFO","message":"バックアップ成功 (所要時間 2s)","size":180,"ts":"2026-09-22T05:32:17Z"}
{"event":"configured","interval_sec":3600,"level":"INFO","message":"設定を反映しました","mode":"archive","schedule_expr":"*/2 * * * *","schedule_mode":"cron式","target_dir":"/tmp/test-backup","ts":"2026-09-22T05:33:40Z"}
{"event":"configured","interval_sec":3600,"level":"INFO","message":"設定を反映しました","mode":"archive","schedule_expr":"*/2 * * * *","schedule_mode":"cron式","target_dir":"/tmp/test-backup","ts":"2026-09-22T05:34:13Z"}
{"event":"start","level":"INFO","message":"バックアップ開始","mode":"archive","target":"/tmp/test-backup","ts":"2026-09-22T05:36:13Z"}
{"event":"archive_start","level":"INFO","message":"圧縮開始","output":"/tmp/kizuna-backups/test-backup_20260922_053613.tar.gz","target":"/tmp/test-backup","ts":"2026-09-22T05:36:13Z"}
{"event":"archive_complete","level":"INFO","message":"圧縮完了: 180.0 B","path":"/tmp/kizuna-backups/test-backup_20260922_053613.tar.gz","sha256":"d395094d073f8083aa4e6d641192dedc9395c72fd7006415979bfcd597108586","size":180,"ts":"2026-09-22T05:36:13Z"}
{"dest":"user@localhost","dir":"/srv/kizuna-backup-test","event":"transfer_start","level":"INFO","message":"転送開始","ts":"2026-09-22T05:36:13Z"}
{"dest":"user@localhost","event":"transfer_complete","level":"INFO","message":"転送完了","path":"/srv/kizuna-backup-test/test-backup_20260922_053613.tar.gz","ts":"2026-09-22T05:36:14Z"}
{"event":"rotate_delete","level":"INFO","message":"世代管理で削除: test-backup_20260922_052815.tar.gz","path":"/tmp/kizuna-backups/test-backup_20260922_052815.tar.gz","ts":"2026-09-22T05:36:14Z"}
{"deleted_count":1,"dir":"/tmp/kizuna-backups","event":"rotation_complete","keep":3,"level":"INFO","message":"世代管理完了: 保持数 3 / 削除件数 1","pattern":"test-backup_*.tar.gz","ts":"2026-09-22T05:36:14Z"}
{"event":"remote_rotate_delete","level":"INFO","message":"リモート世代管理で削除: test-backup_20260922_052815.tar.gz","path":"/srv/kizuna-backup-test/test-backup_20260922_052815.tar.gz","ts":"2026-09-22T05:36:15Z"}
{"deleted_count":1,"event":"remote_rotation_complete","keep":3,"level":"INFO","message":"リモート世代管理完了: 保持数 3 / 削除件数 1","pattern":"test-backup_*.tar.gz","remote_dir":"/srv/kizuna-backup-test","ts":"2026-09-22T05:36:15Z"}
{"duration_sec":1.727355095,"event":"success","level":"INFO","message":"バックアップ成功 (所要時間 2s)","size":180,"ts":"2026-09-22T05:36:15Z"}
{"event":"start","level":"INFO","message":"バックアップ開始","mode":"archive","target":"/tmp/test-backup","ts":"2026-09-22T05:37:45Z"}
{"event":"archive_start","level":"INFO","message":"圧縮開始","output":"/tmp/kizuna-backups/test-backup_20260922_053745.tar.gz","target":"/tmp/test-backup","ts":"2026-09-22T05:37:45Z"}
{"event":"archive_complete","level":"INFO","message":"圧縮完了: 180.0 B","path":"/tmp/kizuna-backups/test-backup_20260922_053745.tar.gz","sha256":"d395094d073f8083aa4e6d641192dedc9395c72fd7006415979bfcd597108586","size":180,"ts":"2026-09-22T05:37:45Z"}
{"dest":"user@localhost","dir":"/srv/kizuna-backup-test","event":"transfer_start","level":"INFO","message":"転送開始","ts":"2026-09-22T05:37:45Z"}
{"dest":"user@localhost","event":"transfer_complete","level":"INFO","message":"転送完了","path":"/srv/kizuna-backup-test/test-backup_20260922_053745.tar.gz","ts":"2026-09-22T05:37:46Z"}
{"event":"rotate_delete","level":"INFO","message":"世代管理で削除: test-backup_20260922_053015.tar.gz","path":"/tmp/kizuna-backups/test-backup_20260922_053015.tar.gz","ts":"2026-09-22T05:37:46Z"}
{"deleted_count":1,"dir":"/tmp/kizuna-backups","event":"rotation_complete","keep":3,"level":"INFO","message":"世代管理完了: 保持数 3 / 削除件数 1","pattern":"test-backup_*.tar.gz","ts":"2026-09-22T05:37:46Z"}
{"event":"remote_rotate_delete","level":"INFO","message":"リモート世代管理で削除: test-backup_20260922_053015.tar.gz","path":"/srv/kizuna-backup-test/test-backup_20260922_053015.tar.gz","ts":"2026-09-22T05:37:47Z"}
{"deleted_count":1,"event":"remote_rotation_complete","keep":3,"level":"INFO","message":"リモート世代管理完了: 保持数 3 / 削除件数 1","pattern":"test-backup_*.tar.gz","remote_dir":"/srv/kizuna-backup-test","ts":"2026-09-22T05:37:47Z"}
{"duration_sec":1.7215261750000002,"event":"success","level":"INFO","message":"バックアップ成功 (所要時間 2s)","size":180,"ts":"2026-09-22T05:37:47Z"}
{"event":"start","level":"INFO","message":"バックアップ開始","mode":"archive","target":"/tmp/test-backup","ts":"2026-09-22T05:38:13Z"}
{"event":"archive_start","level":"INFO","message":"圧縮開始","output":"/tmp/kizuna-backups/test-backup_20260922_053813.tar.gz","target":"/tmp/test-backup","ts":"2026-09-22T05:38:13Z"}
{"event":"archive_complete","level":"INFO","message":"圧縮完了: 180.0 B","path":"/tmp/kizuna-backups/test-backup_20260922_053813.tar.gz","sha256":"d395094d073f8083aa4e6d641192dedc9395c72fd7006415979bfcd597108586","size":180,"ts":"2026-09-22T05:38:13Z"}
{"dest":"user@localhost","dir":"/srv/kizuna-backup-test","event":"transfer_start","level":"INFO","message":"転送開始","ts":"2026-09-22T05:38:13Z"}
{"dest":"user@localhost","event":"transfer_complete","level":"INFO","message":"転送完了","path":"/srv/kizuna-backup-test/test-backup_20260922_053813.tar.gz","ts":"2026-09-22T05:38:13Z"}
{"event":"rotate_delete","level":"INFO","message":"世代管理で削除: test-backup_20260922_053215.tar.gz","path":"/tmp/kizuna-backups/test-backup_20260922_053215.tar.gz","ts":"2026-09-22T05:38:13Z"}
{"deleted_count":1,"dir":"/tmp/kizuna-backups","event":"rotation_complete","keep":3,"level":"INFO","message":"世代管理完了: 保持数 3 / 削除件数 1","pattern":"test-backup_*.tar.gz","ts":"2026-09-22T05:38:13Z"}
{"event":"remote_rotate_delete","level":"INFO","message":"リモート世代管理で削除: test-backup_20260922_053215.tar.gz","path":"/srv/kizuna-backup-test/test-backup_20260922_053215.tar.gz","ts":"2026-09-22T05:38:14Z"}
{"deleted_count":1,"event":"remote_rotation_complete","keep":3,"level":"INFO","message":"リモート世代管理完了: 保持数 3 / 削除件数 1","pattern":"test-backup_*.tar.gz","remote_dir":"/srv/kizuna-backup-test","ts":"2026-09-22T05:38:14Z"}
{"duration_sec":1.190120281,"event":"success","level":"INFO","message":"バックアップ成功 (所要時間 1s)","size":180,"ts":"2026-09-22T05:38:14Z"}
{"event":"start","level":"INFO","message":"バックアップ開始","mode":"archive","target":"/tmp/test-backup","ts":"2026-09-22T05:40:13Z"}
{"event":"archive_start","level":"INFO","message":"圧縮開始","output":"/tmp/kizuna-backups/test-backup_20260922_054013.tar.gz","target":"/tmp/test-backup","ts":"2026-09-22T05:40:13Z"}
{"event":"archive_complete","level":"INFO","message":"圧縮完了: 180.0 B","path":"/tmp/kizuna-backups/test-backup_20260922_054013.tar.gz","sha256":"d395094d073f8083aa4e6d641192dedc9395c72fd7006415979bfcd597108586","size":180,"ts":"2026-09-22T05:40:13Z"}
{"dest":"user@localhost","dir":"/srv/kizuna-backup-test","event":"transfer_start","level":"INFO","message":"転送開始","ts":"2026-09-22T05:40:13Z"}
{"dest":"user@localhost","event":"transfer_complete","level":"INFO","message":"転送完了","path":"/srv/kizuna-backup-test/test-backup_20260922_054013.tar.gz","ts":"2026-09-22T05:40:14Z"}
{"event":"rotate_delete","level":"INFO","message":"世代管理で削除: test-backup_20260922_053613.tar.gz","path":"/tmp/kizuna-backups/test-backup_20260922_053613.tar.gz","ts":"2026-09-22T05:40:14Z"}
{"deleted_count":1,"dir":"/tmp/kizuna-backups","event":"rotation_complete","keep":3,"level":"INFO","message":"世代管理完了: 保持数 3 / 削除件数 1","pattern":"test-backup_*.tar.gz","ts":"2026-09-22T05:40:14Z"}
{"event":"remote_rotate_delete","level":"INFO","message":"リモート世代管理で削除: test-backup_20260922_053613.tar.gz","path":"/srv/kizuna-backup-test/test-backup_20260922_053613.tar.gz","ts":"2026-09-22T05:40:15Z"}
{"deleted_count":1,"event":"remote_rotation_complete","keep":3,"level":"INFO","message":"リモート世代管理完了: 保持数 3 / 削除件数 1","pattern":"test-backup_*.tar.gz","remote_dir":"/srv/kizuna-backup-test","ts":"2026-09-22T05:40:15Z"}
{"duration_sec":1.759661868,"event":"success","level":"INFO","message":"バックアップ成功 (所要時間 2s)","size":180,"ts":"2026-09-22T05:40:15Z"}
{"event":"start","level":"INFO","message":"バックアップ開始","mode":"archive","target":"/tmp/test-backup","ts":"2026-09-22T05:42:13Z"}
{"event":"archive_start","level":"INFO","message":"圧縮開始","output":"/tmp/kizuna-backups/test-backup_20260922_054213.tar.gz","target":"/tmp/test-backup","ts":"2026-09-22T05:42:13Z"}
{"event":"archive_complete","level":"INFO","message":"圧縮完了: 180.0 B","path":"/tmp/kizuna-backups/test-backup_20260922_054213.tar.gz","sha256":"d395094d073f8083aa4e6d641192dedc9395c72fd7006415979bfcd597108586","size":180,"ts":"2026-09-22T05:42:13Z"}
{"dest":"user@localhost","dir":"/srv/kizuna-backup-test","event":"transfer_start","level":"INFO","message":"転送開始","ts":"2026-09-22T05:42:13Z"}
{"dest":"user@localhost","event":"transfer_complete","level":"INFO","message":"転送完了","path":"/srv/kizuna-backup-test/test-backup_20260922_054213.tar.gz","ts":"2026-09-22T05:42:14Z"}
{"event":"rotate_delete","level":"INFO","message":"世代管理で削除: test-backup_20260922_053745.tar.gz","path":"/tmp/kizuna-backups/test-backup_20260922_053745.tar.gz","ts":"2026-09-22T05:42:14Z"}
{"deleted_count":1,"dir":"/tmp/kizuna-backups","event":"rotation_complete","keep":3,"level":"INFO","message":"世代管理完了: 保持数 3 / 削除件数 1","pattern":"test-backup_*.tar.gz","ts":"2026-09-22T05:42:14Z"}
{"event":"remote_rotate_delete","level":"INFO","message":"リモート世代管理で削除: test-backup_20260922_053745.tar.gz","path":"/srv/kizuna-backup-test/test-backup_20260922_053745.tar.gz","ts":"2026-09-22T05:42:15Z"}
{"deleted_count":1,"event":"remote_rotation_complete","keep":3,"level":"INFO","message":"リモート世代管理完了: 保持数 3 / 削除件数 1","pattern":"test-backup_*.tar.gz","remote_dir":"/srv/kizuna-backup-test","ts":"2026-09-22T05:42:15Z"}
{"duration_sec":1.745031081,"event":"success","level":"INFO","message":"バックアップ成功 (所要時間 2s)","size":180,"ts":"2026-09-22T05:42:15Z"}
{"event":"start","level":"INFO","message":"バックアップ開始","mode":"archive","target":"/tmp/test-backup","ts":"2026-09-22T05:44:13Z"}
{"event":"archive_start","level":"INFO","message":"圧縮開始","output":"/tmp/kizuna-backups/test-backup_20260922_054413.tar.gz","target":"/tmp/test-backup","ts":"2026-09-22T05:44:13Z"}
{"event":"archive_complete","level":"INFO","message":"圧縮完了: 180.0 B","path":"/tmp/kizuna-backups/test-backup_20260922_054413.tar.gz","sha256":"d395094d073f8083aa4e6d641192dedc9395c72fd7006415979bfcd597108586","size":180,"ts":"2026-09-22T05:44:13Z"}
{"dest":"user@localhost","dir":"/srv/kizuna-backup-test","event":"transfer_start","level":"INFO","message":"転送開始","ts":"2026-09-22T05:44:13Z"}
{"dest":"user@localhost","event":"transfer_complete","level":"INFO","message":"転送完了","path":"/srv/kizuna-backup-test/test-backup_20260922_054413.tar.gz","ts":"2026-09-22T05:44:14Z"}
{"event":"rotate_delete","level":"INFO","message":"世代管理で削除: test-backup_20260922_053813.tar.gz","path":"/tmp/kizuna-backups/test-backup_20260922_053813.tar.gz","ts":"2026-09-22T05:44:14Z"}
{"deleted_count":1,"dir":"/tmp/kizuna-backups","event":"rotation_complete","keep":3,"level":"INFO","message":"世代管理完了: 保持数 3 / 削除件数 1","pattern":"test-backup_*.tar.gz","ts":"2026-09-22T05:44:14Z"}
{"event":"remote_rotate_delete","level":"INFO","message":"リモート世代管理で削除: test-backup_20260922_053813.tar.gz","path":"/srv/kizuna-backup-test/test-backup_20260922_053813.tar.gz","ts":"2026-09-22T05:44:15Z"}
{"deleted_count":1,"event":"remote_rotation_complete","keep":3,"level":"INFO","message":"リモート世代管理完了: 保持数 3 / 削除件数 1","pattern":"test-backup_*.tar.gz","remote_dir":"/srv/kizuna-backup-test","ts":"2026-09-22T05:44:15Z"}
{"duration_sec":1.7404070200000001,"event":"success","level":"INFO","message":"バックアップ成功 (所要時間 2s)","size":180,"ts":"2026-09-22T05:44:15Z"}
{"event":"start","level":"INFO","message":"バックアップ開始","mode":"archive","target":"/tmp/test-backup","ts":"2026-09-22T05:46:13Z"}
{"event":"archive_start","level":"INFO","message":"圧縮開始","output":"/tmp/kizuna-backups/test-backup_20260922_054613.tar.gz","target":"/tmp/test-backup","ts":"2026-09-22T05:46:13Z"}
{"event":"archive_complete","level":"INFO","message":"圧縮完了: 180.0 B","path":"/tmp/kizuna-backups/test-backup_20260922_054613.tar.gz","sha256":"d395094d073f8083aa4e6d641192dedc9395c72fd7006415979bfcd597108586","size":180,"ts":"2026-09-22T05:46:13Z"}
{"dest":"user@localhost","dir":"/srv/kizuna-backup-test","event":"transfer_start","level":"INFO","message":"転送開始","ts":"2026-09-22T05:46:13Z"}
{"dest":"user@localhost","event":"transfer_complete","level":"INFO","message":"転送完了","path":"/srv/kizuna-backup-test/test-backup_20260922_054613.tar.gz","ts":"2026-09-22T05:46:14Z"}
{"event":"rotate_delete","level":"INFO","message":"世代管理で削除: test-backup_20260922_054013.tar.gz","path":"/tmp/kizuna-backups/test-backup_20260922_054013.tar.gz","ts":"2026-09-22T05:46:14Z"}
{"deleted_count":1,"dir":"/tmp/kizuna-backups","event":"rotation_complete","keep":3,"level":"INFO","message":"世代管理完了: 保持数 3 / 削除件数 1","pattern":"test-backup_*.tar.gz","ts":"2026-09-22T05:46:14Z"}
{"event":"remote_rotate_delete","level":"INFO","message":"リモート世代管理で削除: test-backup_20260922_054013.tar.gz","path":"/srv/kizuna-backup-test/test-backup_20260922_054013.tar.gz","ts":"2026-09-22T05:46:15Z"}
{"deleted_count":1,"event":"remote_rotation_complete","keep":3,"level":"INFO","message":"リモート世代管理完了: 保持数 3 / 削除件数 1","pattern":"test-backup_*.tar.gz","remote_dir":"/srv/kizuna-backup-test","ts":"2026-09-22T05:46:15Z"}
{"duration_sec":1.729139323,"event":"success","level":"INFO","message":"バックアップ成功 (所要時間 2s)","size":180,"ts":"2026-09-22T05:46:15Z"}
{"event":"start","level":"INFO","message":"バックアップ開始","mode":"archive","target":"/tmp/test-backup","ts":"2026-09-22T05:48:13Z"}
{"event":"archive_start","level":"INFO","message":"圧縮開始","output":"/tmp/kizuna-backups/test-backup_20260922_054813.tar.gz","target":"/tmp/test-backup","ts":"2026-09-22T05:48:13Z"}
{"event":"archive_complete","level":"INFO","message":"圧縮完了: 180.0 B","path":"/tmp/kizuna-backups/test-backup_20260922_054813.tar.gz","sha256":"d395094d073f8083aa4e6d641192dedc9395c72fd7006415979bfcd597108586","size":180,"ts":"2026-09-22T05:48:13Z"}
{"dest":"user@localhost","dir":"/srv/kizuna-backup-test","event":"transfer_start","level":"INFO","message":"転送開始","ts":"2026-09-22T05:48:13Z"}
{"dest":"user@localhost","event":"transfer_complete","level":"INFO","message":"転送完了","path":"/srv/kizuna-backup-test/test-backup_20260922_054813.tar.gz","ts":"2026-09-22T05:48:14Z"}
{"event":"rotate_delete","level":"INFO","message":"世代管理で削除: test-backup_20260922_054213.tar.gz","path":"/tmp/kizuna-backups/test-backup_20260922_054213.tar.gz","ts":"2026-09-22T05:48:14Z"}
{"deleted_count":1,"dir":"/tmp/kizuna-backups","event":"rotation_complete","keep":3,"level":"INFO","message":"世代管理完了: 保持数 3 / 削除件数 1","pattern":"test-backup_*.tar.gz","ts":"2026-09-22T05:48:14Z"}
{"event":"remote_rotate_delete","level":"INFO","message":"リモート世代管理で削除: test-backup_20260922_054213.tar.gz","path":"/srv/kizuna-backup-test/test-backup_20260922_054213.tar.gz","ts":"2026-09-22T05:48:15Z"}
{"deleted_count":1,"event":"remote_rotation_complete","keep":3,"level":"INFO","message":"リモート世代管理完了: 保持数 3 / 削除件数 1","pattern":"test-backup_*.tar.gz","remote_dir":"/srv/kizuna-backup-test","ts":"2026-09-22T05:48:15Z"}
{"duration_sec":1.745592757,"event":"success","level":"INFO","message":"バックアップ成功 (所要時間 2s)","size":180,"ts":"2026-09-22T05:48:15Z"}
{"event":"start","level":"INFO","message":"バックアップ開始","mode":"archive","target":"/tmp/test-backup","ts":"2026-09-22T05:50:13Z"}
{"event":"archive_start","level":"INFO","message":"圧縮開始","output":"/tmp/kizuna-backups/test-backup_20260922_055013.tar.gz","target":"/tmp/test-backup","ts":"2026-09-22T05:50:13Z"}
{"event":"archive_complete","level":"INFO","message":"圧縮完了: 180.0 B","path":"/tmp/kizuna-backups/test-backup_20260922_055013.tar.gz","sha256":"d395094d073f8083aa4e6d641192dedc9395c72fd7006415979bfcd597108586","size":180,"ts":"2026-09-22T05:50:13Z"}
{"dest":"user@localhost","dir":"/srv/kizuna-backup-test","event":"transfer_start","level":"INFO","message":"転送開始","ts":"2026-09-22T05:50:13Z"}
{"dest":"user@localhost","event":"transfer_complete","level":"INFO","message":"転送完了","path":"/srv/kizuna-backup-test/test-backup_20260922_055013.tar.gz","ts":"2026-09-22T05:50:14Z"}
{"event":"rotate_delete","level":"INFO","message":"世代管理で削除: test-backup_20260922_054413.tar.gz","path":"/tmp/kizuna-backups/test-backup_20260922_054413.tar.gz","ts":"2026-09-22T05:50:14Z"}
{"deleted_count":1,"dir":"/tmp/kizuna-backups","event":"rotation_complete","keep":3,"level":"INFO","message":"世代管理完了: 保持数 3 / 削除件数 1","pattern":"test-backup_*.tar.gz","ts":"2026-09-22T05:50:14Z"}
{"event":"remote_rotate_delete","level":"INFO","message":"リモート世代管理で削除: test-backup_20260922_054413.tar.gz","path":"/srv/kizuna-backup-test/test-backup_20260922_054413.tar.gz","ts":"2026-09-22T05:50:15Z"}
{"deleted_count":1,"event":"remote_rotation_complete","keep":3,"level":"INFO","message":"リモート世代管理完了: 保持数 3 / 削除件数 1","pattern":"test-backup_*.tar.gz","remote_dir":"/srv/kizuna-backup-test","ts":"2026-09-22T05:50:15Z"}
{"duration_sec":1.751108398,"event":"success","level":"INFO","message":"バックアップ成功 (所要時間 2s)","size":180,"ts":"2026-09-22T05:50:15Z"}
{"event":"start","level":"INFO","message":"バックアップ開始","mode":"archive","target":"/tmp/test-backup","ts":"2026-09-22T05:52:13Z"}
{"event":"archive_start","level":"INFO","message":"圧縮開始","output":"/tmp/kizuna-backups/test-backup_20260922_055213.tar.gz","target":"/tmp/test-backup","ts":"2026-09-22T05:52:13Z"}
{"event":"archive_complete","level":"INFO","message":"圧縮完了: 180.0 B","path":"/tmp/kizuna-backups/test-backup_20260922_055213.tar.gz","sha256":"d395094d073f8083aa4e6d641192dedc9395c72fd7006415979bfcd597108586","size":180,"ts":"2026-09-22T05:52:13Z"}
{"dest":"user@localhost","dir":"/srv/kizuna-backup-test","event":"transfer_start","level":"INFO","message":"転送開始","ts":"2026-09-22T05:52:13Z"}
{"dest":"user@localhost","event":"transfer_complete","level":"INFO","message":"転送完了","path":"/srv/kizuna-backup-test/test-backup_20260922_055213.tar.gz","ts":"2026-09-22T05:52:14Z"}
{"event":"rotate_delete","level":"INFO","message":"世代管理で削除: test-backup_20260922_054613.tar.gz","path":"/tmp/kizuna-backups/test-backup_20260922_054613.tar.gz","ts":"2026-09-22T05:52:14Z"}
{"deleted_count":1,"dir":"/tmp/kizuna-backups","event":"rotation_complete","keep":3,"level":"INFO","message":"世代管理完了: 保持数 3 / 削除件数 1","pattern":"test-backup_*.tar.gz","ts":"2026-09-22T05:52:14Z"}
{"event":"remote_rotate_delete","level":"INFO","message":"リモート世代管理で削除: test-backup_20260922_054613.tar.gz","path":"/srv/kizuna-backup-test/test-backup_20260922_054613.tar.gz","ts":"2026-09-22T05:52:15Z"}
{"deleted_count":1,"event":"remote_rotation_complete","keep":3,"level":"INFO","message":"リモート世代管理完了: 保持数 3 / 削除件数 1","pattern":"test-backup_*.tar.gz","remote_dir":"/srv/kizuna-backup-test","ts":"2026-09-22T05:52:15Z"}
{"duration_sec":1.738328485,"event":"success","level":"INFO","message":"バックアップ成功 (所要時間 2s)","size":180,"ts":"2026-09-22T05:52:15Z"}
{"event":"start","level":"INFO","message":"バックアップ開始","mode":"archive","target":"/tmp/test-backup","ts":"2026-09-22T05:54:13Z"}
{"event":"archive_start","level":"INFO","message":"圧縮開始","output":"/tmp/kizuna-backups/test-backup_20260922_055413.tar.gz","target":"/tmp/test-backup","ts":"2026-09-22T05:54:13Z"}
{"event":"archive_complete","level":"INFO","message":"圧縮完了: 180.0 B","path":"/tmp/kizuna-backups/test-backup_20260922_055413.tar.gz","sha256":"d395094d073f8083aa4e6d641192dedc9395c72fd7006415979bfcd597108586","size":180,"ts":"2026-09-22T05:54:13Z"}
{"dest":"user@localhost","dir":"/srv/kizuna-backup-test","event":"transfer_start","level":"INFO","message":"転送開始","ts":"2026-09-22T05:54:13Z"}
{"dest":"user@localhost","event":"transfer_complete","level":"INFO","message":"転送完了","path":"/srv/kizuna-backup-test/test-backup_20260922_055413.tar.gz","ts":"2026-09-22T05:54:14Z"}
{"event":"rotate_delete","level":"INFO","message":"世代管理で削除: test-backup_20260922_054813.tar.gz","path":"/tmp/kizuna-backups/test-backup_20260922_054813.tar.gz","ts":"2026-09-22T05:54:14Z"}
{"deleted_count":1,"dir":"/tmp/kizuna-backups","event":"rotation_complete","keep":3,"level":"INFO","message":"世代管理完了: 保持数 3 / 削除件数 1","pattern":"test-backup_*.tar.gz","ts":"2026-09-22T05:54:14Z"}
{"event":"remote_rotate_delete","level":"INFO","message":"リモート世代管理で削除: test-backup_20260922_054813.tar.gz","path":"/srv/kizuna-backup-test/test-backup_20260922_054813.tar.gz","ts":"2026-09-22T05:54:15Z"}
{"deleted_count":1,"event":"remote_rotation_complete","keep":3,"level":"INFO","message":"リモート世代管理完了: 保持数 3 / 削除件数 1","pattern":"test-backup_*.tar.gz","remote_dir":"/srv/kizuna-backup-test","ts":"2026-09-22T05:54:15Z"}
{"duration_sec":1.72748032,"event":"success","level":"INFO","message":"バックアップ成功 (所要時間 2s)","size":180,"ts":"2026-09-22T05:54:15Z"}
{"event":"start","level":"INFO","message":"バックアップ開始","mode":"archive","target":"/tmp/test-backup","ts":"2026-09-22T05:56:13Z"}
{"event":"archive_start","level":"INFO","message":"圧縮開始","output":"/tmp/kizuna-backups/test-backup_20260922_055613.tar.gz","target":"/tmp/test-backup","ts":"2026-09-22T05:56:13Z"}
{"event":"archive_complete","level":"INFO","message":"圧縮完了: 180.0 B","path":"/tmp/kizuna-backups/test-backup_20260922_055613.tar.gz","sha256":"d395094d073f8083aa4e6d641192dedc9395c72fd7006415979bfcd597108586","size":180,"ts":"2026-09-22T05:56:13Z"}
{"dest":"user@localhost","dir":"/srv/kizuna-backup-test","event":"transfer_start","level":"INFO","message":"転送開始","ts":"2026-09-22T05:56:13Z"}
{"dest":"user@localhost","event":"transfer_complete","level":"INFO","message":"転送完了","path":"/srv/kizuna-backup-test/test-backup_20260922_055613.tar.gz","ts":"2026-09-22T05:56:14Z"}
{"event":"rotate_delete","level":"INFO","message":"世代管理で削除: test-backup_20260922_055013.tar.gz","path":"/tmp/kizuna-backups/test-backup_20260922_055013.tar.gz","ts":"2026-09-22T05:56:14Z"}
{"deleted_count":1,"dir":"/tmp/kizuna-backups","event":"rotation_complete","keep":3,"level":"INFO","message":"世代管理完了: 保持数 3 / 削除件数 1","pattern":"test-backup_*.tar.gz","ts":"2026-09-22T05:56:14Z"}
{"event":"remote_rotate_delete","level":"INFO","message":"リモート世代管理で削除: test-backup_20260922_055013.tar.gz","path":"/srv/kizuna-backup-test/test-backup_20260922_055013.tar.gz","ts":"2026-09-22T05:56:15Z"}
{"deleted_count":1,"event":"remote_rotation_complete","keep":3,"level":"INFO","message":"リモート世代管理完了: 保持数 3 / 削除件数 1","pattern":"test-backup_*.tar.gz","remote_dir":"/srv/kizuna-backup-test","ts":"2026-09-22T05:56:15Z"}
{"duration_sec":1.8479737859999998,"event":"success","level":"INFO","message":"バックアップ成功 (所要時間 2s)","size":180,"ts":"2026-09-22T05:56:15Z"}
{"event":"start","level":"INFO","message":"バックアップ開始","mode":"archive","target":"/tmp/test-backup","ts":"2026-09-22T05:58:13Z"}
{"event":"archive_start","level":"INFO","message":"圧縮開始","output":"/tmp/kizuna-backups/test-backup_20260922_055813.tar.gz","target":"/tmp/test-backup","ts":"2026-09-22T05:58:13Z"}
{"event":"archive_complete","level":"INFO","message":"圧縮完了: 180.0 B","path":"/tmp/kizuna-backups/test-backup_20260922_055813.tar.gz","sha256":"d395094d073f8083aa4e6d641192dedc9395c72fd7006415979bfcd597108586","size":180,"ts":"2026-09-22T05:58:13Z"}
{"dest":"user@localhost","dir":"/srv/kizuna-backup-test","event":"transfer_start","level":"INFO","message":"転送開始","ts":"2026-09-22T05:58:13Z"}
{"dest":"user@localhost","event":"transfer_complete","level":"INFO","message":"転送完了","path":"/srv/kizuna-backup-test/test-backup_20260922_055813.tar.gz","ts":"2026-09-22T05:58:14Z"}
{"event":"rotate_delete","level":"INFO","message":"世代管理で削除: test-backup_20260922_055213.tar.gz","path":"/tmp/kizuna-backups/test-backup_20260922_055213.tar.gz","ts":"2026-09-22T05:58:14Z"}
{"deleted_count":1,"dir":"/tmp/kizuna-backups","event":"rotation_complete","keep":3,"level":"INFO","message":"世代管理完了: 保持数 3 / 削除件数 1","pattern":"test-backup_*.tar.gz","ts":"2026-09-22T05:58:14Z"}
{"event":"remote_rotate_delete","level":"INFO","message":"リモート世代管理で削除: test-backup_20260922_055213.tar.gz","path":"/srv/kizuna-backup-test/test-backup_20260922_055213.tar.gz","ts":"2026-09-22T05:58:15Z"}
{"deleted_count":1,"event":"remote_rotation_complete","keep":3,"level":"INFO","message":"リモート世代管理完了: 保持数 3 / 削除件数 1","pattern":"test-backup_*.tar.gz","remote_dir":"/srv/kizuna-backup-test","ts":"2026-09-22T05:58:15Z"}
{"duration_sec":1.7300266,"event":"success","level":"INFO","message":"バックアップ成功 (所要時間 2s)","size":180,"ts":"2026-09-22T05:58:15Z"}
{"event":"start","level":"INFO","message":"バックアップ開始","mode":"archive","target":"/tmp/test-backup","ts":"2026-09-22T06:00:13Z"}
{"event":"archive_start","level":"INFO","message":"圧縮開始","output":"/tmp/kizuna-backups/test-backup_20260922_060013.tar.gz","target":"/tmp/test-backup","ts":"2026-09-22T06:00:13Z"}
{"event":"archive_complete","level":"INFO","message":"圧縮完了: 180.0 B","path":"/tmp/kizuna-backups/test-backup_20260922_060013.tar.gz","sha256":"d395094d073f8083aa4e6d641192dedc9395c72fd7006415979bfcd597108586","size":180,"ts":"2026-09-22T06:00:13Z"}
{"dest":"user@localhost","dir":"/srv/kizuna-backup-test","event":"transfer_start","level":"INFO","message":"転送開始","ts":"2026-09-22T06:00:13Z"}
{"dest":"user@localhost","event":"transfer_complete","level":"INFO","message":"転送完了","path":"/srv/kizuna-backup-test/test-backup_20260922_060013.tar.gz","ts":"2026-09-22T06:00:14Z"}
{"event":"rotate_delete","level":"INFO","message":"世代管理で削除: test-backup_20260922_055413.tar.gz","path":"/tmp/kizuna-backups/test-backup_20260922_055413.tar.gz","ts":"2026-09-22T06:00:14Z"}
{"deleted_count":1,"dir":"/tmp/kizuna-backups","event":"rotation_complete","keep":3,"level":"INFO","message":"世代管理完了: 保持数 3 / 削除件数 1","pattern":"test-backup_*.tar.gz","ts":"2026-09-22T06:00:14Z"}
{"event":"remote_rotate_delete","level":"INFO","message":"リモート世代管理で削除: test-backup_20260922_055413.tar.gz","path":"/srv/kizuna-backup-test/test-backup_20260922_055413.tar.gz","ts":"2026-09-22T06:00:15Z"}
{"deleted_count":1,"event":"remote_rotation_complete","keep":3,"level":"INFO","message":"リモート世代管理完了: 保持数 3 / 削除件数 1","pattern":"test-backup_*.tar.gz","remote_dir":"/srv/kizuna-backup-test","ts":"2026-09-22T06:00:15Z"}
{"duration_sec":1.739738088,"event":"success","level":"INFO","message":"バックアップ成功 (所要時間 2s)","size":180,"ts":"2026-09-22T06:00:15Z"}
{"event":"start","level":"INFO","message":"バックアップ開始","mode":"archive","target":"/tmp/test-backup","ts":"2026-09-22T06:02:13Z"}
{"event":"archive_start","level":"INFO","message":"圧縮開始","output":"/tmp/kizuna-backups/test-backup_20260922_060213.tar.gz","target":"/tmp/test-backup","ts":"2026-09-22T06:02:13Z"}
{"event":"archive_complete","level":"INFO","message":"圧縮完了: 180.0 B","path":"/tmp/kizuna-backups/test-backup_20260922_060213.tar.gz","sha256":"d395094d073f8083aa4e6d641192dedc9395c72fd7006415979bfcd597108586","size":180,"ts":"2026-09-22T06:02:13Z"}
{"dest":"user@localhost","dir":"/srv/kizuna-backup-test","event":"transfer_start","level":"INFO","message":"転送開始","ts":"2026-09-22T06:02:13Z"}
{"dest":"user@localhost","event":"transfer_complete","level":"INFO","message":"転送完了","path":"/srv/kizuna-backup-test/test-backup_20260922_060213.tar.gz","ts":"2026-09-22T06:02:14Z"}
{"event":"rotate_delete","level":"INFO","message":"世代管理で削除: test-backup_20260922_055613.tar.gz","path":"/tmp/kizuna-backups/test-backup_20260922_055613.tar.gz","ts":"2026-09-22T06:02:14Z"}
{"deleted_count":1,"dir":"/tmp/kizuna-backups","event":"rotation_complete","keep":3,"level":"INFO","message":"世代管理完了: 保持数 3 / 削除件数 1","pattern":"test-backup_*.tar.gz","ts":"2026-09-22T06:02:14Z"}
{"event":"remote_rotate_delete","level":"INFO","message":"リモート世代管理で削除: test-backup_20260922_055613.tar.gz","path":"/srv/kizuna-backup-test/test-backup_20260922_055613.tar.gz","ts":"2026-09-22T06:02:15Z"}
{"deleted_count":1,"event":"remote_rotation_complete","keep":3,"level":"INFO","message":"リモート世代管理完了: 保持数 3 / 削除件数 1","pattern":"test-backup_*.tar.gz","remote_dir":"/srv/kizuna-backup-test","ts":"2026-09-22T06:02:15Z"}
{"duration_sec":1.73099559,"event":"success","level":"INFO","message":"バックアップ成功 (所要時間 2s)","size":180,"ts":"2026-09-22T06:02:15Z"}
{"event":"start","level":"INFO","message":"バックアップ開始","mode":"archive","target":"/tmp/test-backup","ts":"2026-09-22T06:04:13Z"}
{"event":"archive_start","level":"INFO","message":"圧縮開始","output":"/tmp/kizuna-backups/test-backup_20260922_060413.tar.gz","target":"/tmp/test-backup","ts":"2026-09-22T06:04:13Z"}
{"event":"archive_complete","level":"INFO","message":"圧縮完了: 180.0 B","path":"/tmp/kizuna-backups/test-backup_20260922_060413.tar.gz","sha256":"d395094d073f8083aa4e6d641192dedc9395c72fd7006415979bfcd597108586","size":180,"ts":"2026-09-22T06:04:13Z"}
{"dest":"user@localhost","dir":"/srv/kizuna-backup-test","event":"transfer_start","level":"INFO","message":"転送開始","ts":"2026-09-22T06:04:13Z"}
{"dest":"user@localhost","event":"transfer_complete","level":"INFO","message":"転送完了","path":"/srv/kizuna-backup-test/test-backup_20260922_060413.tar.gz","ts":"2026-09-22T06:04:14Z"}
{"event":"rotate_delete","level":"INFO","message":"世代管理で削除: test-backup_20260922_055813.tar.gz","path":"/tmp/kizuna-backups/test-backup_20260922_055813.tar.gz","ts":"2026-09-22T06:04:14Z"}
{"deleted_count":1,"dir":"/tmp/kizuna-backups","event":"rotation_complete","keep":3,"level":"INFO","message":"世代管理完了: 保持数 3 / 削除件数 1","pattern":"test-backup_*.tar.gz","ts":"2026-09-22T06:04:14Z"}
{"event":"remote_rotate_delete","level":"INFO","message":"リモート世代管理で削除: test-backup_20260922_055813.tar.gz","path":"/srv/kizuna-backup-test/test-backup_20260922_055813.tar.gz","ts":"2026-09-22T06:04:15Z"}
{"deleted_count":1,"event":"remote_rotation_complete","keep":3,"level":"INFO","message":"リモート世代管理完了: 保持数 3 / 削除件数 1","pattern":"test-backup_*.tar.gz","remote_dir":"/srv/kizuna-backup-test","ts":"2026-09-22T06:04:15Z"}
{"duration_sec":1.728046865,"event":"success","level":"INFO","message":"バックアップ成功 (所要時間 2s)","size":180,"ts":"2026-09-22T06:04:15Z"}
{"event":"start","level":"INFO","message":"バックアップ開始","mode":"archive","target":"/tmp/test-backup","ts":"2026-09-22T06:06:13Z"}
{"event":"archive_start","level":"INFO","message":"圧縮開始","output":"/tmp/kizuna-backups/test-backup_20260922_060613.tar.gz","target":"/tmp/test-backup","ts":"2026-09-22T06:06:13Z"}
{"event":"archive_complete","level":"INFO","message":"圧縮完了: 180.0 B","path":"/tmp/kizuna-backups/test-backup_20260922_060613.tar.gz","sha256":"d395094d073f8083aa4e6d641192dedc9395c72fd7006415979bfcd597108586","size":180,"ts":"2026-09-22T06:06:13Z"}
{"dest":"user@localhost","dir":"/srv/kizuna-backup-test","event":"transfer_start","level":"INFO","message":"転送開始","ts":"2026-09-22T06:06:13Z"}
{"dest":"user@localhost","event":"transfer_complete","level":"INFO","message":"転送完了","path":"/srv/kizuna-backup-test/test-backup_20260922_060613.tar.gz","ts":"2026-09-22T06:06:14Z"}
{"event":"rotate_delete","level":"INFO","message":"世代管理で削除: test-backup_20260922_060013.tar.gz","path":"/tmp/kizuna-backups/test-backup_20260922_060013.tar.gz","ts":"2026-09-22T06:06:14Z"}
{"deleted_count":1,"dir":"/tmp/kizuna-backups","event":"rotation_complete","keep":3,"level":"INFO","message":"世代管理完了: 保持数 3 / 削除件数 1","pattern":"test-backup_*.tar.gz","ts":"2026-09-22T06:06:14Z"}
{"event":"remote_rotate_delete","level":"INFO","message":"リモート世代管理で削除: test-backup_20260922_060013.tar.gz","path":"/srv/kizuna-backup-test/test-backup_20260922_060013.tar.gz","ts":"2026-09-22T06:06:15Z"}
{"deleted_count":1,"event":"remote_rotation_complete","keep":3,"level":"INFO","message":"リモート世代管理完了: 保持数 3 / 削除件数 1","pattern":"test-backup_*.tar.gz","remote_dir":"/srv/kizuna-backup-test","ts":"2026-09-22T06:06:15Z"}
{"duration_sec":1.7496048819999999,"event":"success","level":"INFO","message":"バックアップ成功 (所要時間 2s)","size":180,"ts":"2026-09-22T06:06:15Z"}
{"event":"start","level":"INFO","message":"バックアップ開始","mode":"archive","target":"/tmp/test-backup","ts":"2026-09-22T06:08:13Z"}
{"event":"archive_start","level":"INFO","message":"圧縮開始","output":"/tmp/kizuna-backups/test-backup_20260922_060813.tar.gz","target":"/tmp/test-backup","ts":"2026-09-22T06:08:13Z"}
{"event":"archive_complete","level":"INFO","message":"圧縮完了: 180.0 B","path":"/tmp/kizuna-backups/test-backup_20260922_060813.tar.gz","sha256":"d395094d073f8083aa4e6d641192dedc9395c72fd7006415979bfcd597108586","size":180,"ts":"2026-09-22T06:08:13Z"}
{"dest":"user@localhost","dir":"/srv/kizuna-backup-test","event":"transfer_start","level":"INFO","message":"転送開始","ts":"2026-09-22T06:08:13Z"}
{"dest":"user@localhost","event":"transfer_complete","level":"INFO","message":"転送完了","path":"/srv/kizuna-backup-test/test-backup_20260922_060813.tar.gz","ts":"2026-09-22T06:08:14Z"}
{"event":"rotate_delete","level":"INFO","message":"世代管理で削除: test-backup_20260922_060213.tar.gz","path":"/tmp/kizuna-backups/test-backup_20260922_060213.tar.gz","ts":"2026-09-22T06:08:14Z"}
{"deleted_count":1,"dir":"/tmp/kizuna-backups","event":"rotation_complete","keep":3,"level":"INFO","message":"世代管理完了: 保持数 3 / 削除件数 1","pattern":"test-backup_*.tar.gz","ts":"2026-09-22T06:08:14Z"}
{"event":"remote_rotate_delete","level":"INFO","message":"リモート世代管理で削除: test-backup_20260922_060213.tar.gz","path":"/srv/kizuna-backup-test/test-backup_20260922_060213.tar.gz","ts":"2026-09-22T06:08:15Z"}
{"deleted_count":1,"event":"remote_rotation_complete","keep":3,"level":"INFO","message":"リモート世代管理完了: 保持数 3 / 削除件数 1","pattern":"test-backup_*.tar.gz","remote_dir":"/srv/kizuna-backup-test","ts":"2026-09-22T06:08:15Z"}
{"duration_sec":1.7498260669999999,"event":"success","level":"INFO","message":"バックアップ成功 (所要時間 2s)","size":180,"ts":"2026-09-22T06:08:15Z"}
{"event":"start","level":"INFO","message":"バックアップ開始","mode":"archive","target":"/tmp/test-backup","ts":"2026-09-22T06:10:13Z"}
{"event":"archive_start","level":"INFO","message":"圧縮開始","output":"/tmp/kizuna-backups/test-backup_20260922_061013.tar.gz","target":"/tmp/test-backup","ts":"2026-09-22T06:10:13Z"}
{"event":"archive_complete","level":"INFO","message":"圧縮完了: 180.0 B","path":"/tmp/kizuna-backups/test-backup_20260922_061013.tar.gz","sha256":"d395094d073f8083aa4e6d641192dedc9395c72fd7006415979bfcd597108586","size":180,"ts":"2026-09-22T06:10:13Z"}
{"dest":"user@localhost","dir":"/srv/kizuna-backup-test","event":"transfer_start","level":"INFO","message":"転送開始","ts":"2026-09-22T06:10:13Z"}
{"dest":"user@localhost","event":"transfer_complete","level":"INFO","message":"転送完了","path":"/srv/kizuna-backup-test/test-backup_20260922_061013.tar.gz","ts":"2026-09-22T06:10:14Z"}
{"event":"rotate_delete","level":"INFO","message":"世代管理で削除: test-backup_20260922_060413.tar.gz","path":"/tmp/kizuna-backups/test-backup_20260922_060413.tar.gz","ts":"2026-09-22T06:10:14Z"}
{"deleted_count":1,"dir":"/tmp/kizuna-backups","event":"rotation_complete","keep":3,"level":"INFO","message":"世代管理完了: 保持数 3 / 削除件数 1","pattern":"test-backup_*.tar.gz","ts":"2026-09-22T06:10:14Z"}
{"event":"remote_rotate_delete","level":"INFO","message":"リモート世代管理で削除: test-backup_20260922_060413.tar.gz","path":"/srv/kizuna-backup-test/test-backup_20260922_060413.tar.gz","ts":"2026-09-22T06:10:15Z"}
{"deleted_count":1,"event":"remote_rotation_complete","keep":3,"level":"INFO","message":"リモート世代管理完了: 保持数 3 / 削除件数 1","pattern":"test-backup_*.tar.gz","remote_dir":"/srv/kizuna-backup-test","ts":"2026-09-22T06:10:15Z"}
{"duration_sec":1.742543331,"event":"success","level":"INFO","message":"バックアップ成功 (所要時間 2s)","size":180,"ts":"2026-09-22T06:10:15Z"}
{"event":"start","level":"INFO","message":"バックアップ開始","mode":"archive","target":"/tmp/test-backup","ts":"2026-09-22T06:12:13Z"}
{"event":"archive_start","level":"INFO","message":"圧縮開始","output":"/tmp/kizuna-backups/test-backup_20260922_061213.tar.gz","target":"/tmp/test-backup","ts":"2026-09-22T06:12:13Z"}
{"event":"archive_complete","level":"INFO","message":"圧縮完了: 180.0 B","path":"/tmp/kizuna-backups/test-backup_20260922_061213.tar.gz","sha256":"d395094d073f8083aa4e6d641192dedc9395c72fd7006415979bfcd597108586","size":180,"ts":"2026-09-22T06:12:13Z"}
{"dest":"user@localhost","dir":"/srv/kizuna-backup-test","event":"transfer_start","level":"INFO","message":"転送開始","ts":"2026-09-22T06:12:13Z"}
{"dest":"user@localhost","event":"transfer_complete","level":"INFO","message":"転送完了","path":"/srv/kizuna-backup-test/test-backup_20260922_061213.tar.gz","ts":"2026-09-22T06:12:14Z"}
{"event":"rotate_delete","level":"INFO","message":"世代管理で削除: test-backup_20260922_060613.tar.gz","path":"/tmp/kizuna-backups/test-backup_20260922_060613.tar.gz","ts":"2026-09-22T06:12:14Z"}
{"deleted_count":1,"dir":"/tmp/kizuna-backups","event":"rotation_complete","keep":3,"level":"INFO","message":"世代管理完了: 保持数 3 / 削除件数 1","pattern":"test-backup_*.tar.gz","ts":"2026-09-22T06:12:14Z"}
{"event":"remote_rotate_delete","level":"INFO","message":"リモート世代管理で削除: test-backup_20260922_060613.tar.gz","path":"/srv/kizuna-backup-test/test-backup_20260922_060613.tar.gz","ts":"2026-09-22T06:12:15Z"}
{"deleted_count":1,"event":"remote_rotation_complete","keep":3,"level":"INFO","message":"リモート世代管理完了: 保持数 3 / 削除件数 1","pattern":"test-backup_*.tar.gz","remote_dir":"/srv/kizuna-backup-test","ts":"2026-09-22T06:12:15Z"}
{"duration_sec":1.732997887,"event":"success","level":"INFO","message":"バックアップ成功 (所要時間 2s)","size":180,"ts":"2026-09-22T06:12:15Z"}
{"event":"start","level":"INFO","message":"バックアップ開始","mode":"archive","target":"/tmp/test-backup","ts":"2026-09-22T06:14:13Z"}
{"event":"archive_start","level":"INFO","message":"圧縮開始","output":"/tmp/kizuna-backups/test-backup_20260922_061413.tar.gz","target":"/tmp/test-backup","ts":"2026-09-22T06:14:13Z"}
{"event":"archive_complete","level":"INFO","message":"圧縮完了: 180.0 B","path":"/tmp/kizuna-backups/test-backup_20260922_061413.tar.gz","sha256":"d395094d073f8083aa4e6d641192dedc9395c72fd7006415979bfcd597108586","size":180,"ts":"2026-09-22T06:14:13Z"}
{"dest":"user@localhost","dir":"/srv/kizuna-backup-test","event":"transfer_start","level":"INFO","message":"転送開始","ts":"2026-09-22T06:14:13Z"}
{"dest":"user@localhost","event":"transfer_complete","level":"INFO","message":"転送完了","path":"/srv/kizuna-backup-test/test-backup_20260922_061413.tar.gz","ts":"2026-09-22T06:14:14Z"}
{"event":"rotate_delete","level":"INFO","message":"世代管理で削除: test-backup_20260922_060813.tar.gz","path":"/tmp/kizuna-backups/test-backup_20260922_060813.tar.gz","ts":"2026-09-22T06:14:14Z"}
{"deleted_count":1,"dir":"/tmp/kizuna-backups","event":"rotation_complete","keep":3,"level":"INFO","message":"世代管理完了: 保持数 3 / 削除件数 1","pattern":"test-backup_*.tar.gz","ts":"2026-09-22T06:14:14Z"}
{"event":"remote_rotate_delete","level":"INFO","message":"リモート世代管理で削除: test-backup_20260922_060813.tar.gz","path":"/srv/kizuna-backup-test/test-backup_20260922_060813.tar.gz","ts":"2026-09-22T06:14:15Z"}
{"deleted_count":1,"event":"remote_rotation_complete","keep":3,"level":"INFO","message":"リモート世代管理完了: 保持数 3 / 削除件数 1","pattern":"test-backup_*.tar.gz","remote_dir":"/srv/kizuna-backup-test","ts":"2026-09-22T06:14:15Z"}
{"duration_sec":1.7425348010000001,"event":"success","level":"INFO","message":"バックアップ成功 (所要時間 2s)","size":180,"ts":"2026-09-22T06:14:15Z"}
{"event":"start","level":"INFO","message":"バックアップ開始","mode":"archive","target":"/tmp/test-backup","ts":"2026-09-22T06:16:13Z"}
{"event":"archive_start","level":"INFO","message":"圧縮開始","output":"/tmp/kizuna-backups/test-backup_20260922_061613.tar.gz","target":"/tmp/test-backup","ts":"2026-09-22T06:16:13Z"}
{"event":"archive_complete","level":"INFO","message":"圧縮完了: 180.0 B","path":"/tmp/kizuna-backups/test-backup_20260922_061613.tar.gz","sha256":"d395094d073f8083aa4e6d641192dedc9395c72fd7006415979bfcd597108586","size":180,"ts":"2026-09-22T06:16:13Z"}
{"dest":"user@localhost","dir":"/srv/kizuna-backup-test","event":"transfer_start","level":"INFO","message":"転送開始","ts":"2026-09-22T06:16:13Z"}
{"dest":"user@localhost","event":"transfer_complete","level":"INFO","message":"転送完了","path":"/srv/kizuna-backup-test/test-backup_20260922_061613.tar.gz","ts":"2026-09-22T06:16:14Z"}
{"event":"rotate_delete","level":"INFO","message":"世代管理で削除: test-backup_20260922_061013.tar.gz","path":"/tmp/kizuna-backups/test-backup_20260922_061013.tar.gz","ts":"2026-09-22T06:16:14Z"}
{"deleted_count":1,"dir":"/tmp/kizuna-backups","event":"rotation_complete","keep":3,"level":"INFO","message":"世代管理完了: 保持数 3 / 削除件数 1","pattern":"test-backup_*.tar.gz","ts":"2026-09-22T06:16:14Z"}
{"event":"remote_rotate_delete","level":"INFO","message":"リモート世代管理で削除: test-backup_20260922_061013.tar.gz","path":"/srv/kizuna-backup-test/test-backup_20260922_061013.tar.gz","ts":"2026-09-22T06:16:15Z"}
{"deleted_count":1,"event":"remote_rotation_complete","keep":3,"level":"INFO","message":"リモート世代管理完了: 保持数 3 / 削除件数 1","pattern":"test-backup_*.tar.gz","remote_dir":"/srv/kizuna-backup-test","ts":"2026-09-22T06:16:15Z"}
{"duration_sec":1.7482677340000001,"event":"success","level":"INFO","message":"バックアップ成功 (所要時間 2s)","size":180,"ts":"2026-09-22T06:16:15Z"}
{"event":"start","level":"INFO","message":"バックアップ開始","mode":"archive","target":"/tmp/test-backup","ts":"2026-09-22T06:18:13Z"}
{"event":"archive_start","level":"INFO","message":"圧縮開始","output":"/tmp/kizuna-backups/test-backup_20260922_061813.tar.gz","target":"/tmp/test-backup","ts":"2026-09-22T06:18:13Z"}
{"event":"archive_complete","level":"INFO","message":"圧縮完了: 180.0 B","path":"/tmp/kizuna-backups/test-backup_20260922_061813.tar.gz","sha256":"d395094d073f8083aa4e6d641192dedc9395c72fd7006415979bfcd597108586","size":180,"ts":"2026-09-22T06:18:13Z"}
{"dest":"user@localhost","dir":"/srv/kizuna-backup-test","event":"transfer_start","level":"INFO","message":"転送開始","ts":"2026-09-22T06:18:13Z"}
{"dest":"user@localhost","event":"transfer_complete","level":"INFO","message":"転送完了","path":"/srv/kizuna-backup-test/test-backup_20260922_061813.tar.gz","ts":"2026-09-22T06:18:14Z"}
{"event":"rotate_delete","level":"INFO","message":"世代管理で削除: test-backup_20260922_061213.tar.gz","path":"/tmp/kizuna-backups/test-backup_20260922_061213.tar.gz","ts":"2026-09-22T06:18:14Z"}
{"deleted_count":1,"dir":"/tmp/kizuna-backups","event":"rotation_complete","keep":3,"level":"INFO","message":"世代管理完了: 保持数 3 / 削除件数 1","pattern":"test-backup_*.tar.gz","ts":"2026-09-22T06:18:14Z"}
{"event":"remote_rotate_delete","level":"INFO","message":"リモート世代管理で削除: test-backup_20260922_061213.tar.gz","path":"/srv/kizuna-backup-test/test-backup_20260922_061213.tar.gz","ts":"2026-09-22T06:18:15Z"}
{"deleted_count":1,"event":"remote_rotation_complete","keep":3,"level":"INFO","message":"リモート世代管理完了: 保持数 3 / 削除件数 1","pattern":"test-backup_*.tar.gz","remote_dir":"/srv/kizuna-backup-test","ts":"2026-09-22T06:18:15Z"}
{"duration_sec":1.727510417,"event":"success","level":"INFO","message":"バックアップ成功 (所要時間 2s)","size":180,"ts":"2026-09-22T06:18:15Z"}
{"event":"start","level":"INFO","message":"バックアップ開始","mode":"archive","target":"/tmp/test-backup","ts":"2026-09-22T06:20:13Z"}
{"event":"archive_start","level":"INFO","message":"圧縮開始","output":"/tmp/kizuna-backups/test-backup_20260922_062013.tar.gz","target":"/tmp/test-backup","ts":"2026-09-22T06:20:13Z"}
{"event":"archive_complete","level":"INFO","message":"圧縮完了: 180.0 B","path":"/tmp/kizuna-backups/test-backup_20260922_062013.tar.gz","sha256":"d395094d073f8083aa4e6d641192dedc9395c72fd7006415979bfcd597108586","size":180,"ts":"2026-09-22T06:20:13Z"}
{"dest":"user@localhost","dir":"/srv/kizuna-backup-test","event":"transfer_start","level":"INFO","message":"転送開始","ts":"2026-09-22T06:20:13Z"}
{"dest":"user@localhost","event":"transfer_complete","level":"INFO","message":"転送完了","path":"/srv/kizuna-backup-test/test-backup_20260922_062013.tar.gz","ts":"2026-09-22T06:20:14Z"}
{"event":"rotate_delete","level":"INFO","message":"世代管理で削除: test-backup_20260922_061413.tar.gz","path":"/tmp/kizuna-backups/test-backup_20260922_061413.tar.gz","ts":"2026-09-22T06:20:14Z"}
{"deleted_count":1,"dir":"/tmp/kizuna-backups","event":"rotation_complete","keep":3,"level":"INFO","message":"世代管理完了: 保持数 3 / 削除件数 1","pattern":"test-backup_*.tar.gz","ts":"2026-09-22T06:20:14Z"}
{"event":"remote_rotate_delete","level":"INFO","message":"リモート世代管理で削除: test-backup_20260922_061413.tar.gz","path":"/srv/kizuna-backup-test/test-backup_20260922_061413.tar.gz","ts":"2026-09-22T06:20:15Z"}
{"deleted_count":1,"event":"remote_rotation_complete","keep":3,"level":"INFO","message":"リモート世代管理完了: 保持数 3 / 削除件数 1","pattern":"test-backup_*.tar.gz","remote_dir":"/srv/kizuna-backup-test","ts":"2026-09-22T06:20:15Z"}
{"duration_sec":1.7457990859999999,"event":"success","level":"INFO","message":"バックアップ成功 (所要時間 2s)","size":180,"ts":"2026-09-22T06:20:15Z"}
{"event":"start","level":"INFO","message":"バックアップ開始","mode":"archive","target":"/tmp/test-backup","ts":"2026-09-22T06:22:13Z"}
{"event":"archive_start","level":"INFO","message":"圧縮開始","output":"/tmp/kizuna-backups/test-backup_20260922_062213.tar.gz","target":"/tmp/test-backup","ts":"2026-09-22T06:22:13Z"}
{"event":"archive_complete","level":"INFO","message":"圧縮完了: 180.0 B","path":"/tmp/kizuna-backups/test-backup_20260922_062213.tar.gz","sha256":"d395094d073f8083aa4e6d641192dedc9395c72fd7006415979bfcd597108586","size":180,"ts":"2026-09-22T06:22:13Z"}
{"dest":"user@localhost","dir":"/srv/kizuna-backup-test","event":"transfer_start","level":"INFO","message":"転送開始","ts":"2026-09-22T06:22:13Z"}
{"dest":"user@localhost","event":"transfer_complete","level":"INFO","message":"転送完了","path":"/srv/kizuna-backup-test/test-backup_20260922_062213.tar.gz","ts":"2026-09-22T06:22:14Z"}
{"event":"rotate_delete","level":"INFO","message":"世代管理で削除: test-backup_20260922_061613.tar.gz","path":"/tmp/kizuna-backups/test-backup_20260922_061613.tar.gz","ts":"2026-09-22T06:22:14Z"}
{"deleted_count":1,"dir":"/tmp/kizuna-backups","event":"rotation_complete","keep":3,"level":"INFO","message":"世代管理完了: 保持数 3 / 削除件数 1","pattern":"test-backup_*.tar.gz","ts":"2026-09-22T06:22:14Z"}
{"event":"remote_rotate_delete","level":"INFO","message":"リモート世代管理で削除: test-backup_20260922_061613.tar.gz","path":"/srv/kizuna-backup-test/test-backup_20260922_061613.tar.gz","ts":"2026-09-22T06:22:15Z"}
{"deleted_count":1,"event":"remote_rotation_complete","keep":3,"level":"INFO","message":"リモート世代管理完了: 保持数 3 / 削除件数 1","pattern":"test-backup_*.tar.gz","remote_dir":"/srv/kizuna-backup-test","ts":"2026-09-22T06:22:15Z"}
{"duration_sec":1.738110491,"event":"success","level":"INFO","message":"バックアップ成功 (所要時間 2s)","size":180,"ts":"2026-09-22T06:22:15Z"}
{"event":"start","level":"INFO","message":"バックアップ開始","mode":"archive","target":"/tmp/test-backup","ts":"2026-09-22T06:24:13Z"}
{"event":"archive_start","level":"INFO","message":"圧縮開始","output":"/tmp/kizuna-backups/test-backup_20260922_062413.tar.gz","target":"/tmp/test-backup","ts":"2026-09-22T06:24:13Z"}
{"event":"archive_complete","level":"INFO","message":"圧縮完了: 180.0 B","path":"/tmp/kizuna-backups/test-backup_20260922_062413.tar.gz","sha256":"d395094d073f8083aa4e6d641192dedc9395c72fd7006415979bfcd597108586","size":180,"ts":"2026-09-22T06:24:13Z"}
{"dest":"user@localhost","dir":"/srv/kizuna-backup-test","event":"transfer_start","level":"INFO","message":"転送開始","ts":"2026-09-22T06:24:13Z"}
{"dest":"user@localhost","event":"transfer_complete","level":"INFO","message":"転送完了","path":"/srv/kizuna-backup-test/test-backup_20260922_062413.tar.gz","ts":"2026-09-22T06:24:14Z"}
{"event":"rotate_delete","level":"INFO","message":"世代管理で削除: test-backup_20260922_061813.tar.gz","path":"/tmp/kizuna-backups/test-backup_20260922_061813.tar.gz","ts":"2026-09-22T06:24:14Z"}
{"deleted_count":1,"dir":"/tmp/kizuna-backups","event":"rotation_complete","keep":3,"level":"INFO","message":"世代管理完了: 保持数 3 / 削除件数 1","pattern":"test-backup_*.tar.gz","ts":"2026-09-22T06:24:14Z"}
{"event":"remote_rotate_delete","level":"INFO","message":"リモート世代管理で削除: test-backup_20260922_061813.tar.gz","path":"/srv/kizuna-backup-test/test-backup_20260922_061813.tar.gz","ts":"2026-09-22T06:24:15Z"}
{"deleted_count":1,"event":"remote_rotation_complete","keep":3,"level":"INFO","message":"リモート世代管理完了: 保持数 3 / 削除件数 1","pattern":"test-backup_*.tar.gz","remote_dir":"/srv/kizuna-backup-test","ts":"2026-09-22T06:24:15Z"}
{"duration_sec":1.756089239,"event":"success","level":"INFO","message":"バックアップ成功 (所要時間 2s)","size":180,"ts":"2026-09-22T06:24:15Z"}
{"event":"start","level":"INFO","message":"バックアップ開始","mode":"archive","target":"/tmp/test-backup","ts":"2026-09-22T06:26:13Z"}
{"event":"archive_start","level":"INFO","message":"圧縮開始","output":"/tmp/kizuna-backups/test-backup_20260922_062613.tar.gz","target":"/tmp/test-backup","ts":"2026-09-22T06:26:13Z"}
{"event":"archive_complete","level":"INFO","message":"圧縮完了: 180.0 B","path":"/tmp/kizuna-backups/test-backup_20260922_062613.tar.gz","sha256":"d395094d073f8083aa4e6d641192dedc9395c72fd7006415979bfcd597108586","size":180,"ts":"2026-09-22T06:26:13Z"}
{"dest":"user@localhost","dir":"/srv/kizuna-backup-test","event":"transfer_start","level":"INFO","message":"転送開始","ts":"2026-09-22T06:26:13Z"}
{"dest":"user@localhost","event":"transfer_complete","level":"INFO","message":"転送完了","path":"/srv/kizuna-backup-test/test-backup_20260922_062613.tar.gz","ts":"2026-09-22T06:26:14Z"}
{"event":"rotate_delete","level":"INFO","message":"世代管理で削除: test-backup_20260922_062013.tar.gz","path":"/tmp/kizuna-backups/test-backup_20260922_062013.tar.gz","ts":"2026-09-22T06:26:14Z"}
{"deleted_count":1,"dir":"/tmp/kizuna-backups","event":"rotation_complete","keep":3,"level":"INFO","message":"世代管理完了: 保持数 3 / 削除件数 1","pattern":"test-backup_*.tar.gz","ts":"2026-09-22T06:26:14Z"}
{"event":"remote_rotate_delete","level":"INFO","message":"リモート世代管理で削除: test-backup_20260922_062013.tar.gz","path":"/srv/kizuna-backup-test/test-backup_20260922_062013.tar.gz","ts":"2026-09-22T06:26:15Z"}
{"deleted_count":1,"event":"remote_rotation_complete","keep":3,"level":"INFO","message":"リモート世代管理完了: 保持数 3 / 削除件数 1","pattern":"test-backup_*.tar.gz","remote_dir":"/srv/kizuna-backup-test","ts":"2026-09-22T06:26:15Z"}
{"duration_sec":1.751921268,"event":"success","level":"INFO","message":"バックアップ成功 (所要時間 2s)","size":180,"ts":"2026-09-22T06:26:15Z"}
{"event":"start","level":"INFO","message":"バックアップ開始","mode":"archive","target":"/tmp/test-backup","ts":"2026-09-22T06:28:13Z"}
{"event":"archive_start","level":"INFO","message":"圧縮開始","output":"/tmp/kizuna-backups/test-backup_20260922_062813.tar.gz","target":"/tmp/test-backup","ts":"2026-09-22T06:28:13Z"}
{"event":"archive_complete","level":"INFO","message":"圧縮完了: 180.0 B","path":"/tmp/kizuna-backups/test-backup_20260922_062813.tar.gz","sha256":"d395094d073f8083aa4e6d641192dedc9395c72fd7006415979bfcd597108586","size":180,"ts":"2026-09-22T06:28:13Z"}
{"dest":"user@localhost","dir":"/srv/kizuna-backup-test","event":"transfer_start","level":"INFO","message":"転送開始","ts":"2026-09-22T06:28:13Z"}
{"dest":"user@localhost","event":"transfer_complete","level":"INFO","message":"転送完了","path":"/srv/kizuna-backup-test/test-backup_20260922_062813.tar.gz","ts":"2026-09-22T06:28:14Z"}
{"event":"rotate_delete","level":"INFO","message":"世代管理で削除: test-backup_20260922_062213.tar.gz","path":"/tmp/kizuna-backups/test-backup_20260922_062213.tar.gz","ts":"2026-09-22T06:28:14Z"}
{"deleted_count":1,"dir":"/tmp/kizuna-backups","event":"rotation_complete","keep":3,"level":"INFO","message":"世代管理完了: 保持数 3 / 削除件数 1","pattern":"test-backup_*.tar.gz","ts":"2026-09-22T06:28:14Z"}
{"event":"remote_rotate_delete","level":"INFO","message":"リモート世代管理で削除: test-backup_20260922_062213.tar.gz","path":"/srv/kizuna-backup-test/test-backup_20260922_062213.tar.gz","ts":"2026-09-22T06:28:15Z"}
{"deleted_count":1,"event":"remote_rotation_complete","keep":3,"level":"INFO","message":"リモート世代管理完了: 保持数 3 / 削除件数 1","pattern":"test-backup_*.tar.gz","remote_dir":"/srv/kizuna-backup-test","ts":"2026-09-22T06:28:15Z"}
{"duration_sec":1.906156088,"event":"success","level":"INFO","message":"バックアップ成功 (所要時間 2s)","size":180,"ts":"2026-09-22T06:28:15Z"}
{"event":"start","level":"INFO","message":"バックアップ開始","mode":"archive","target":"/tmp/test-backup","ts":"2026-09-22T06:30:13Z"}
{"event":"archive_start","level":"INFO","message":"圧縮開始","output":"/tmp/kizuna-backups/test-backup_20260922_063013.tar.gz","target":"/tmp/test-backup","ts":"2026-09-22T06:30:13Z"}
{"event":"archive_complete","level":"INFO","message":"圧縮完了: 180.0 B","path":"/tmp/kizuna-backups/test-backup_20260922_063013.tar.gz","sha256":"d395094d073f8083aa4e6d641192dedc9395c72fd7006415979bfcd597108586","size":180,"ts":"2026-09-22T06:30:13Z"}
{"dest":"user@localhost","dir":"/srv/kizuna-backup-test","event":"transfer_start","level":"INFO","message":"転送開始","ts":"2026-09-22T06:30:13Z"}
{"dest":"user@localhost","event":"transfer_complete","level":"INFO","message":"転送完了","path":"/srv/kizuna-backup-test/test-backup_20260922_063013.tar.gz","ts":"2026-09-22T06:30:14Z"}
{"event":"rotate_delete","level":"INFO","message":"世代管理で削除: test-backup_20260922_062413.tar.gz","path":"/tmp/kizuna-backups/test-backup_20260922_062413.tar.gz","ts":"2026-09-22T06:30:14Z"}
{"deleted_count":1,"dir":"/tmp/kizuna-backups","event":"rotation_complete","keep":3,"level":"INFO","message":"世代管理完了: 保持数 3 / 削除件数 1","pattern":"test-backup_*.tar.gz","ts":"2026-09-22T06:30:14Z"}
{"event":"remote_rotate_delete","level":"INFO","message":"リモート世代管理で削除: test-backup_20260922_062413.tar.gz","path":"/srv/kizuna-backup-test/test-backup_20260922_062413.tar.gz","ts":"2026-09-22T06:30:15Z"}
{"deleted_count":1,"event":"remote_rotation_complete","keep":3,"level":"INFO","message":"リモート世代管理完了: 保持数 3 / 削除件数 1","pattern":"test-backup_*.tar.gz","remote_dir":"/srv/kizuna-backup-test","ts":"2026-09-22T06:30:15Z"}
{"duration_sec":1.770212972,"event":"success","level":"INFO","message":"バックアップ成功 (所要時間 2s)","size":180,"ts":"2026-09-22T06:30:15Z"}
{"event":"start","level":"INFO","message":"バックアップ開始","mode":"archive","target":"/tmp/test-backup","ts":"2026-09-22T06:32:13Z"}
{"event":"archive_start","level":"INFO","message":"圧縮開始","output":"/tmp/kizuna-backups/test-backup_20260922_063213.tar.gz","target":"/tmp/test-backup","ts":"2026-09-22T06:32:13Z"}
{"event":"archive_complete","level":"INFO","message":"圧縮完了: 180.0 B","path":"/tmp/kizuna-backups/test-backup_20260922_063213.tar.gz","sha256":"d395094d073f8083aa4e6d641192dedc9395c72fd7006415979bfcd597108586","size":180,"ts":"2026-09-22T06:32:13Z"}
{"dest":"user@localhost","dir":"/srv/kizuna-backup-test","event":"transfer_start","level":"INFO","message":"転送開始","ts":"2026-09-22T06:32:13Z"}
{"dest":"user@localhost","event":"transfer_complete","level":"INFO","message":"転送完了","path":"/srv/kizuna-backup-test/test-backup_20260922_063213.tar.gz","ts":"2026-09-22T06:32:14Z"}
{"event":"rotate_delete","level":"INFO","message":"世代管理で削除: test-backup_20260922_062613.tar.gz","path":"/tmp/kizuna-backups/test-backup_20260922_062613.tar.gz","ts":"2026-09-22T06:32:14Z"}
{"deleted_count":1,"dir":"/tmp/kizuna-backups","event":"rotation_complete","keep":3,"level":"INFO","message":"世代管理完了: 保持数 3 / 削除件数 1","pattern":"test-backup_*.tar.gz","ts":"2026-09-22T06:32:14Z"}
{"event":"remote_rotate_delete","level":"INFO","message":"リモート世代管理で削除: test-backup_20260922_062613.tar.gz","path":"/srv/kizuna-backup-test/test-backup_20260922_062613.tar.gz","ts":"2026-09-22T06:32:15Z"}
{"deleted_count":1,"event":"remote_rotation_complete","keep":3,"level":"INFO","message":"リモート世代管理完了: 保持数 3 / 削除件数 1","pattern":"test-backup_*.tar.gz","remote_dir":"/srv/kizuna-backup-test","ts":"2026-09-22T06:32:15Z"}
{"duration_sec":1.763258465,"event":"success","level":"INFO","message":"バックアップ成功 (所要時間 2s)","size":180,"ts":"2026-09-22T06:32:15Z"}
{"event":"start","level":"INFO","message":"バックアップ開始","mode":"archive","target":"/tmp/test-backup","ts":"2026-09-22T06:34:13Z"}
{"event":"archive_start","level":"INFO","message":"圧縮開始","output":"/tmp/kizuna-backups/test-backup_20260922_063413.tar.gz","target":"/tmp/test-backup","ts":"2026-09-22T06:34:13Z"}
{"event":"archive_complete","level":"INFO","message":"圧縮完了: 180.0 B","path":"/tmp/kizuna-backups/test-backup_20260922_063413.tar.gz","sha256":"d395094d073f8083aa4e6d641192dedc9395c72fd7006415979bfcd597108586","size":180,"ts":"2026-09-22T06:34:13Z"}
{"dest":"user@localhost","dir":"/srv/kizuna-backup-test","event":"transfer_start","level":"INFO","message":"転送開始","ts":"2026-09-22T06:34:13Z"}
{"dest":"user@localhost","event":"transfer_complete","level":"INFO","message":"転送完了","path":"/srv/kizuna-backup-test/test-backup_20260922_063413.tar.gz","ts":"2026-09-22T06:34:14Z"}
{"event":"rotate_delete","level":"INFO","message":"世代管理で削除: test-backup_20260922_062813.tar.gz","path":"/tmp/kizuna-backups/test-backup_20260922_062813.tar.gz","ts":"2026-09-22T06:34:14Z"}
{"deleted_count":1,"dir":"/tmp/kizuna-backups","event":"rotation_complete","keep":3,"level":"INFO","message":"世代管理完了: 保持数 3 / 削除件数 1","pattern":"test-backup_*.tar.gz","ts":"2026-09-22T06:34:14Z"}
{"event":"remote_rotate_delete","level":"INFO","message":"リモート世代管理で削除: test-backup_20260922_062813.tar.gz","path":"/srv/kizuna-backup-test/test-backup_20260922_062813.tar.gz","ts":"2026-09-22T06:34:15Z"}
{"deleted_count":1,"event":"remote_rotation_complete","keep":3,"level":"INFO","message":"リモート世代管理完了: 保持数 3 / 削除件数 1","pattern":"test-backup_*.tar.gz","remote_dir":"/srv/kizuna-backup-test","ts":"2026-09-22T06:34:15Z"}
{"duration_sec":1.749121996,"event":"success","level":"INFO","message":"バックアップ成功 (所要時間 2s)","size":180,"ts":"2026-09-22T06:34:15Z"}
{"event":"start","level":"INFO","message":"バックアップ開始","mode":"archive","target":"/tmp/test-backup","ts":"2026-09-22T06:36:13Z"}
{"event":"archive_start","level":"INFO","message":"圧縮開始","output":"/tmp/kizuna-backups/test-backup_20260922_063613.tar.gz","target":"/tmp/test-backup","ts":"2026-09-22T06:36:13Z"}
{"event":"archive_complete","level":"INFO","message":"圧縮完了: 180.0 B","path":"/tmp/kizuna-backups/test-backup_20260922_063613.tar.gz","sha256":"d395094d073f8083aa4e6d641192dedc9395c72fd7006415979bfcd597108586","size":180,"ts":"2026-09-22T06:36:13Z"}
{"dest":"user@localhost","dir":"/srv/kizuna-backup-test","event":"transfer_start","level":"INFO","message":"転送開始","ts":"2026-09-22T06:36:13Z"}
{"dest":"user@localhost","event":"transfer_complete","level":"INFO","message":"転送完了","path":"/srv/kizuna-backup-test/test-backup_20260922_063613.tar.gz","ts":"2026-09-22T06:36:14Z"}
{"event":"rotate_delete","level":"INFO","message":"世代管理で削除: test-backup_20260922_063013.tar.gz","path":"/tmp/kizuna-backups/test-backup_20260922_063013.tar.gz","ts":"2026-09-22T06:36:14Z"}
{"deleted_count":1,"dir":"/tmp/kizuna-backups","event":"rotation_complete","keep":3,"level":"INFO","message":"世代管理完了: 保持数 3 / 削除件数 1","pattern":"test-backup_*.tar.gz","ts":"2026-09-22T06:36:14Z"}
{"event":"remote_rotate_delete","level":"INFO","message":"リモート世代管理で削除: test-backup_20260922_063013.tar.gz","path":"/srv/kizuna-backup-test/test-backup_20260922_063013.tar.gz","ts":"2026-09-22T06:36:15Z"}
{"deleted_count":1,"event":"remote_rotation_complete","keep":3,"level":"INFO","message":"リモート世代管理完了: 保持数 3 / 削除件数 1","pattern":"test-backup_*.tar.gz","remote_dir":"/srv/kizuna-backup-test","ts":"2026-09-22T06:36:15Z"}
{"duration_sec":1.777316237,"event":"success","level":"INFO","message":"バックアップ成功 (所要時間 2s)","size":180,"ts":"2026-09-22T06:36:15Z"}
{"event":"start","level":"INFO","message":"バックアップ開始","mode":"archive","target":"/tmp/test-backup","ts":"2026-09-22T06:38:13Z"}
{"event":"archive_start","level":"INFO","message":"圧縮開始","output":"/tmp/kizuna-backups/test-backup_20260922_063813.tar.gz","target":"/tmp/test-backup","ts":"2026-09-22T06:38:13Z"}
{"event":"archive_complete","level":"INFO","message":"圧縮完了: 180.0 B","path":"/tmp/kizuna-backups/test-backup_20260922_063813.tar.gz","sha256":"d395094d073f8083aa4e6d641192dedc9395c72fd7006415979bfcd597108586","size":180,"ts":"2026-09-22T06:38:13Z"}
{"dest":"user@localhost","dir":"/srv/kizuna-backup-test","event":"transfer_start","level":"INFO","message":"転送開始","ts":"2026-09-22T06:38:13Z"}
{"dest":"user@localhost","event":"transfer_complete","level":"INFO","message":"転送完了","path":"/srv/kizuna-backup-test/test-backup_20260922_063813.tar.gz","ts":"2026-09-22T06:38:14Z"}
{"event":"rotate_delete","level":"INFO","message":"世代管理で削除: test-backup_20260922_063213.tar.gz","path":"/tmp/kizuna-backups/test-backup_20260922_063213.tar.gz","ts":"2026-09-22T06:38:14Z"}
{"deleted_count":1,"dir":"/tmp/kizuna-backups","event":"rotation_complete","keep":3,"level":"INFO","message":"世代管理完了: 保持数 3 / 削除件数 1","pattern":"test-backup_*.tar.gz","ts":"2026-09-22T06:38:14Z"}
{"event":"remote_rotate_delete","level":"INFO","message":"リモート世代管理で削除: test-backup_20260922_063213.tar.gz","path":"/srv/kizuna-backup-test/test-backup_20260922_063213.tar.gz","ts":"2026-09-22T06:38:15Z"}
{"deleted_count":1,"event":"remote_rotation_complete","keep":3,"level":"INFO","message":"リモート世代管理完了: 保持数 3 / 削除件数 1","pattern":"test-backup_*.tar.gz","remote_dir":"/srv/kizuna-backup-test","ts":"2026-09-22T06:38:15Z"}
{"duration_sec":1.767985365,"event":"success","level":"INFO","message":"バックアップ成功 (所要時間 2s)","size":180,"ts":"2026-09-22T06:38:15Z"}
{"event":"start","level":"INFO","message":"バックアップ開始","mode":"archive","target":"/tmp/test-backup","ts":"2026-09-22T06:40:13Z"}
{"event":"archive_start","level":"INFO","message":"圧縮開始","output":"/tmp/kizuna-backups/test-backup_20260922_064013.tar.gz","target":"/tmp/test-backup","ts":"2026-09-22T06:40:13Z"}
{"event":"archive_complete","level":"INFO","message":"圧縮完了: 180.0 B","path":"/tmp/kizuna-backups/test-backup_20260922_064013.tar.gz","sha256":"d395094d073f8083aa4e6d641192dedc9395c72fd7006415979bfcd597108586","size":180,"ts":"2026-09-22T06:40:13Z"}
{"dest":"user@localhost","dir":"/srv/kizuna-backup-test","event":"transfer_start","level":"INFO","message":"転送開始","ts":"2026-09-22T06:40:13Z"}
{"dest":"user@localhost","event":"transfer_complete","level":"INFO","message":"転送完了","path":"/srv/kizuna-backup-test/test-backup_20260922_064013.tar.gz","ts":"2026-09-22T06:40:14Z"}
{"event":"rotate_delete","level":"INFO","message":"世代管理で削除: test-backup_20260922_063413.tar.gz","path":"/tmp/kizuna-backups/test-backup_20260922_063413.tar.gz","ts":"2026-09-22T06:40:14Z"}
{"deleted_count":1,"dir":"/tmp/kizuna-backups","event":"rotation_complete","keep":3,"level":"INFO","message":"世代管理完了: 保持数 3 / 削除件数 1","pattern":"test-backup_*.tar.gz","ts":"2026-09-22T06:40:14Z"}
{"event":"remote_rotate_delete","level":"INFO","message":"リモート世代管理で削除: test-backup_20260922_063413.tar.gz","path":"/srv/kizuna-backup-test/test-backup_20260922_063413.tar.gz","ts":"2026-09-22T06:40:15Z"}
{"deleted_count":1,"event":"remote_rotation_complete","keep":3,"level":"INFO","message":"リモート世代管理完了: 保持数 3 / 削除件数 1","pattern":"test-backup_*.tar.gz","remote_dir":"/srv/kizuna-backup-test","ts":"2026-09-22T06:40:15Z"}
{"duration_sec":1.744826823,"event":"success","level":"INFO","message":"バックアップ成功 (所要時間 2s)","size":180,"ts":"2026-09-22T06:40:15Z"}
{"event":"start","level":"INFO","message":"バックアップ開始","mode":"archive","target":"/tmp/test-backup","ts":"2026-09-22T06:42:13Z"}
{"event":"archive_start","level":"INFO","message":"圧縮開始","output":"/tmp/kizuna-backups/test-backup_20260922_064213.tar.gz","target":"/tmp/test-backup","ts":"2026-09-22T06:42:13Z"}
{"event":"archive_complete","level":"INFO","message":"圧縮完了: 180.0 B","path":"/tmp/kizuna-backups/test-backup_20260922_064213.tar.gz","sha256":"d395094d073f8083aa4e6d641192dedc9395c72fd7006415979bfcd597108586","size":180,"ts":"2026-09-22T06:42:13Z"}
{"dest":"user@localhost","dir":"/srv/kizuna-backup-test","event":"transfer_start","level":"INFO","message":"転送開始","ts":"2026-09-22T06:42:13Z"}
{"dest":"user@localhost","event":"transfer_complete","level":"INFO","message":"転送完了","path":"/srv/kizuna-backup-test/test-backup_20260922_064213.tar.gz","ts":"2026-09-22T06:42:14Z"}
{"event":"rotate_delete","level":"INFO","message":"世代管理で削除: test-backup_20260922_063613.tar.gz","path":"/tmp/kizuna-backups/test-backup_20260922_063613.tar.gz","ts":"2026-09-22T06:42:14Z"}
{"deleted_count":1,"dir":"/tmp/kizuna-backups","event":"rotation_complete","keep":3,"level":"INFO","message":"世代管理完了: 保持数 3 / 削除件数 1","pattern":"test-backup_*.tar.gz","ts":"2026-09-22T06:42:14Z"}
{"event":"remote_rotate_delete","level":"INFO","message":"リモート世代管理で削除: test-backup_20260922_063613.tar.gz","path":"/srv/kizuna-backup-test/test-backup_20260922_063613.tar.gz","ts":"2026-09-22T06:42:15Z"}
{"deleted_count":1,"event":"remote_rotation_complete","keep":3,"level":"INFO","message":"リモート世代管理完了: 保持数 3 / 削除件数 1","pattern":"test-backup_*.tar.gz","remote_dir":"/srv/kizuna-backup-test","ts":"2026-09-22T06:42:15Z"}
{"duration_sec":1.7420399720000002,"event":"success","level":"INFO","message":"バックアップ成功 (所要時間 2s)","size":180,"ts":"2026-09-22T06:42:15Z"}
{"event":"start","level":"INFO","message":"バックアップ開始","mode":"archive","target":"/tmp/test-backup","ts":"2026-09-22T06:44:13Z"}
{"event":"archive_start","level":"INFO","message":"圧縮開始","output":"/tmp/kizuna-backups/test-backup_20260922_064413.tar.gz","target":"/tmp/test-backup","ts":"2026-09-22T06:44:13Z"}
{"event":"archive_complete","level":"INFO","message":"圧縮完了: 180.0 B","path":"/tmp/kizuna-backups/test-backup_20260922_064413.tar.gz","sha256":"d395094d073f8083aa4e6d641192dedc9395c72fd7006415979bfcd597108586","size":180,"ts":"2026-09-22T06:44:13Z"}
{"dest":"user@localhost","dir":"/srv/kizuna-backup-test","event":"transfer_start","level":"INFO","message":"転送開始","ts":"2026-09-22T06:44:13Z"}
{"dest":"user@localhost","event":"transfer_complete","level":"INFO","message":"転送完了","path":"/srv/kizuna-backup-test/test-backup_20260922_064413.tar.gz","ts":"2026-09-22T06:44:14Z"}
{"event":"rotate_delete","level":"INFO","message":"世代管理で削除: test-backup_20260922_063813.tar.gz","path":"/tmp/kizuna-backups/test-backup_20260922_063813.tar.gz","ts":"2026-09-22T06:44:14Z"}
{"deleted_count":1,"dir":"/tmp/kizuna-backups","event":"rotation_complete","keep":3,"level":"INFO","message":"世代管理完了: 保持数 3 / 削除件数 1","pattern":"test-backup_*.tar.gz","ts":"2026-09-22T06:44:14Z"}
{"event":"remote_rotate_delete","level":"INFO","message":"リモート世代管理で削除: test-backup_20260922_063813.tar.gz","path":"/srv/kizuna-backup-test/test-backup_20260922_063813.tar.gz","ts":"2026-09-22T06:44:15Z"}
{"deleted_count":1,"event":"remote_rotation_complete","keep":3,"level":"INFO","message":"リモート世代管理完了: 保持数 3 / 削除件数 1","pattern":"test-backup_*.tar.gz","remote_dir":"/srv/kizuna-backup-test","ts":"2026-09-22T06:44:15Z"}
{"duration_sec":1.7579365340000002,"event":"success","level":"INFO","message":"バックアップ成功 (所要時間 2s)","size":180,"ts":"2026-09-22T06:44:15Z"}
{"event":"start","level":"INFO","message":"バックアップ開始","mode":"archive","target":"/tmp/test-backup","ts":"2026-09-22T06:46:13Z"}
{"event":"archive_start","level":"INFO","message":"圧縮開始","output":"/tmp/kizuna-backups/test-backup_20260922_064613.tar.gz","target":"/tmp/test-backup","ts":"2026-09-22T06:46:13Z"}
{"event":"archive_complete","level":"INFO","message":"圧縮完了: 180.0 B","path":"/tmp/kizuna-backups/test-backup_20260922_064613.tar.gz","sha256":"d395094d073f8083aa4e6d641192dedc9395c72fd7006415979bfcd597108586","size":180,"ts":"2026-09-22T06:46:13Z"}
{"dest":"user@localhost","dir":"/srv/kizuna-backup-test","event":"transfer_start","level":"INFO","message":"転送開始","ts":"2026-09-22T06:46:13Z"}
{"dest":"user@localhost","event":"transfer_complete","level":"INFO","message":"転送完了","path":"/srv/kizuna-backup-test/test-backup_20260922_064613.tar.gz","ts":"2026-09-22T06:46:14Z"}
{"event":"rotate_delete","level":"INFO","message":"世代管理で削除: test-backup_20260922_064013.tar.gz","path":"/tmp/kizuna-backups/test-backup_20260922_064013.tar.gz","ts":"2026-09-22T06:46:14Z"}
{"deleted_count":1,"dir":"/tmp/kizuna-backups","event":"rotation_complete","keep":3,"level":"INFO","message":"世代管理完了: 保持数 3 / 削除件数 1","pattern":"test-backup_*.tar.gz","ts":"2026-09-22T06:46:14Z"}
{"event":"remote_rotate_delete","level":"INFO","message":"リモート世代管理で削除: test-backup_20260922_064013.tar.gz","path":"/srv/kizuna-backup-test/test-backup_20260922_064013.tar.gz","ts":"2026-09-22T06:46:15Z"}
{"deleted_count":1,"event":"remote_rotation_complete","keep":3,"level":"INFO","message":"リモート世代管理完了: 保持数 3 / 削除件数 1","pattern":"test-backup_*.tar.gz","remote_dir":"/srv/kizuna-backup-test","ts":"2026-09-22T06:46:15Z"}
{"duration_sec":1.737561458,"event":"success","level":"INFO","message":"バックアップ成功 (所要時間 2s)","size":180,"ts":"2026-09-22T06:46:15Z"}
{"event":"start","level":"INFO","message":"バックアップ開始","mode":"archive","target":"/tmp/test-backup","ts":"2026-09-22T06:48:13Z"}
{"event":"archive_start","level":"INFO","message":"圧縮開始","output":"/tmp/kizuna-backups/test-backup_20260922_064813.tar.gz","target":"/tmp/test-backup","ts":"2026-09-22T06:48:13Z"}
{"event":"archive_complete","level":"INFO","message":"圧縮完了: 180.0 B","path":"/tmp/kizuna-backups/test-backup_20260922_064813.tar.gz","sha256":"d395094d073f8083aa4e6d641192dedc9395c72fd7006415979bfcd597108586","size":180,"ts":"2026-09-22T06:48:13Z"}
{"dest":"user@localhost","dir":"/srv/kizuna-backup-test","event":"transfer_start","level":"INFO","message":"転送開始","ts":"2026-09-22T06:48:13Z"}
{"dest":"user@localhost","event":"transfer_complete","level":"INFO","message":"転送完了","path":"/srv/kizuna-backup-test/test-backup_20260922_064813.tar.gz","ts":"2026-09-22T06:48:14Z"}
{"event":"rotate_delete","level":"INFO","message":"世代管理で削除: test-backup_20260922_064213.tar.gz","path":"/tmp/kizuna-backups/test-backup_20260922_064213.tar.gz","ts":"2026-09-22T06:48:14Z"}
{"deleted_count":1,"dir":"/tmp/kizuna-backups","event":"rotation_complete","keep":3,"level":"INFO","message":"世代管理完了: 保持数 3 / 削除件数 1","pattern":"test-backup_*.tar.gz","ts":"2026-09-22T06:48:14Z"}
{"event":"remote_rotate_delete","level":"INFO","message":"リモート世代管理で削除: test-backup_20260922_064213.tar.gz","path":"/srv/kizuna-backup-test/test-backup_20260922_064213.tar.gz","ts":"2026-09-22T06:48:15Z"}
{"deleted_count":1,"event":"remote_rotation_complete","keep":3,"level":"INFO","message":"リモート世代管理完了: 保持数 3 / 削除件数 1","pattern":"test-backup_*.tar.gz","remote_dir":"/srv/kizuna-backup-test","ts":"2026-09-22T06:48:15Z"}
{"duration_sec":1.731555371,"event":"success","level":"INFO","message":"バックアップ成功 (所要時間 2s)","size":180,"ts":"2026-09-22T06:48:15Z"}
{"event":"start","level":"INFO","message":"バックアップ開始","mode":"archive","target":"/tmp/test-backup","ts":"2026-09-22T06:50:13Z"}
{"event":"archive_start","level":"INFO","message":"圧縮開始","output":"/tmp/kizuna-backups/test-backup_20260922_065013.tar.gz","target":"/tmp/test-backup","ts":"2026-09-22T06:50:13Z"}
{"event":"archive_complete","level":"INFO","message":"圧縮完了: 180.0 B","path":"/tmp/kizuna-backups/test-backup_20260922_065013.tar.gz","sha256":"d395094d073f8083aa4e6d641192dedc9395c72fd7006415979bfcd597108586","size":180,"ts":"2026-09-22T06:50:13Z"}
{"dest":"user@localhost","dir":"/srv/kizuna-backup-test","event":"transfer_start","level":"INFO","message":"転送開始","ts":"2026-09-22T06:50:13Z"}
{"dest":"user@localhost","event":"transfer_complete","level":"INFO","message":"転送完了","path":"/srv/kizuna-backup-test/test-backup_20260922_065013.tar.gz","ts":"2026-09-22T06:50:14Z"}
{"event":"rotate_delete","level":"INFO","message":"世代管理で削除: test-backup_20260922_064413.tar.gz","path":"/tmp/kizuna-backups/test-backup_20260922_064413.tar.gz","ts":"2026-09-22T06:50:14Z"}
{"deleted_count":1,"dir":"/tmp/kizuna-backups","event":"rotation_complete","keep":3,"level":"INFO","message":"世代管理完了: 保持数 3 / 削除件数 1","pattern":"test-backup_*.tar.gz","ts":"2026-09-22T06:50:14Z"}
{"event":"remote_rotate_delete","level":"INFO","message":"リモート世代管理で削除: test-backup_20260922_064413.tar.gz","path":"/srv/kizuna-backup-test/test-backup_20260922_064413.tar.gz","ts":"2026-09-22T06:50:15Z"}
{"deleted_count":1,"event":"remote_rotation_complete","keep":3,"level":"INFO","message":"リモート世代管理完了: 保持数 3 / 削除件数 1","pattern":"test-backup_*.tar.gz","remote_dir":"/srv/kizuna-backup-test","ts":"2026-09-22T06:50:15Z"}
{"duration_sec":1.748996704,"event":"success","level":"INFO","message":"バックアップ成功 (所要時間 2s)","size":180,"ts":"2026-09-22T06:50:15Z"}
{"event":"start","level":"INFO","message":"バックアップ開始","mode":"archive","target":"/tmp/test-backup","ts":"2026-09-22T06:52:13Z"}
{"event":"archive_start","level":"INFO","message":"圧縮開始","output":"/tmp/kizuna-backups/test-backup_20260922_065213.tar.gz","target":"/tmp/test-backup","ts":"2026-09-22T06:52:13Z"}
{"event":"archive_complete","level":"INFO","message":"圧縮完了: 180.0 B","path":"/tmp/kizuna-backups/test-backup_20260922_065213.tar.gz","sha256":"d395094d073f8083aa4e6d641192dedc9395c72fd7006415979bfcd597108586","size":180,"ts":"2026-09-22T06:52:13Z"}
{"dest":"user@localhost","dir":"/srv/kizuna-backup-test","event":"transfer_start","level":"INFO","message":"転送開始","ts":"2026-09-22T06:52:13Z"}
{"dest":"user@localhost","event":"transfer_complete","level":"INFO","message":"転送完了","path":"/srv/kizuna-backup-test/test-backup_20260922_065213.tar.gz","ts":"2026-09-22T06:52:14Z"}
{"event":"rotate_delete","level":"INFO","message":"世代管理で削除: test-backup_20260922_064613.tar.gz","path":"/tmp/kizuna-backups/test-backup_20260922_064613.tar.gz","ts":"2026-09-22T06:52:14Z"}
{"deleted_count":1,"dir":"/tmp/kizuna-backups","event":"rotation_complete","keep":3,"level":"INFO","message":"世代管理完了: 保持数 3 / 削除件数 1","pattern":"test-backup_*.tar.gz","ts":"2026-09-22T06:52:14Z"}
{"event":"remote_rotate_delete","level":"INFO","message":"リモート世代管理で削除: test-backup_20260922_064613.tar.gz","path":"/srv/kizuna-backup-test/test-backup_20260922_064613.tar.gz","ts":"2026-09-22T06:52:15Z"}
{"deleted_count":1,"event":"remote_rotation_complete","keep":3,"level":"INFO","message":"リモート世代管理完了: 保持数 3 / 削除件数 1","pattern":"test-backup_*.tar.gz","remote_dir":"/srv/kizuna-backup-test","ts":"2026-09-22T06:52:15Z"}
{"duration_sec":1.745422376,"event":"success","level":"INFO","message":"バックアップ成功 (所要時間 2s)","size":180,"ts":"2026-09-22T06:52:15Z"}
{"event":"start","level":"INFO","message":"バックアップ開始","mode":"archive","target":"/tmp/test-backup","ts":"2026-09-22T06:54:13Z"}
{"event":"archive_start","level":"INFO","message":"圧縮開始","output":"/tmp/kizuna-backups/test-backup_20260922_065413.tar.gz","target":"/tmp/test-backup","ts":"2026-09-22T06:54:13Z"}
{"event":"archive_complete","level":"INFO","message":"圧縮完了: 180.0 B","path":"/tmp/kizuna-backups/test-backup_20260922_065413.tar.gz","sha256":"d395094d073f8083aa4e6d641192dedc9395c72fd7006415979bfcd597108586","size":180,"ts":"2026-09-22T06:54:13Z"}
{"dest":"user@localhost","dir":"/srv/kizuna-backup-test","event":"transfer_start","level":"INFO","message":"転送開始","ts":"2026-09-22T06:54:13Z"}
{"dest":"user@localhost","event":"transfer_complete","level":"INFO","message":"転送完了","path":"/srv/kizuna-backup-test/test-backup_20260922_065413.tar.gz","ts":"2026-09-22T06:54:14Z"}
{"event":"rotate_delete","level":"INFO","message":"世代管理で削除: test-backup_20260922_064813.tar.gz","path":"/tmp/kizuna-backups/test-backup_20260922_064813.tar.gz","ts":"2026-09-22T06:54:14Z"}
{"deleted_count":1,"dir":"/tmp/kizuna-backups","event":"rotation_complete","keep":3,"level":"INFO","message":"世代管理完了: 保持数 3 / 削除件数 1","pattern":"test-backup_*.tar.gz","ts":"2026-09-22T06:54:14Z"}
{"event":"remote_rotate_delete","level":"INFO","message":"リモート世代管理で削除: test-backup_20260922_064813.tar.gz","path":"/srv/kizuna-backup-test/test-backup_20260922_064813.tar.gz","ts":"2026-09-22T06:54:15Z"}
{"deleted_count":1,"event":"remote_rotation_complete","keep":3,"level":"INFO","message":"リモート世代管理完了: 保持数 3 / 削除件数 1","pattern":"test-backup_*.tar.gz","remote_dir":"/srv/kizuna-backup-test","ts":"2026-09-22T06:54:15Z"}
{"duration_sec":1.751964485,"event":"success","level":"INFO","message":"バックアップ成功 (所要時間 2s)","size":180,"ts":"2026-09-22T06:54:15Z"}
{"event":"start","level":"INFO","message":"バックアップ開始","mode":"archive","target":"/tmp/test-backup","ts":"2026-09-22T06:56:13Z"}
{"event":"archive_start","level":"INFO","message":"圧縮開始","output":"/tmp/kizuna-backups/test-backup_20260922_065613.tar.gz","target":"/tmp/test-backup","ts":"2026-09-22T06:56:13Z"}
{"event":"archive_complete","level":"INFO","message":"圧縮完了: 180.0 B","path":"/tmp/kizuna-backups/test-backup_20260922_065613.tar.gz","sha256":"d395094d073f8083aa4e6d641192dedc9395c72fd7006415979bfcd597108586","size":180,"ts":"2026-09-22T06:56:13Z"}
{"dest":"user@localhost","dir":"/srv/kizuna-backup-test","event":"transfer_start","level":"INFO","message":"転送開始","ts":"2026-09-22T06:56:13Z"}
{"dest":"user@localhost","event":"transfer_complete","level":"INFO","message":"転送完了","path":"/srv/kizuna-backup-test/test-backup_20260922_065613.tar.gz","ts":"2026-09-22T06:56:14Z"}
{"event":"rotate_delete","level":"INFO","message":"世代管理で削除: test-backup_20260922_065013.tar.gz","path":"/tmp/kizuna-backups/test-backup_20260922_065013.tar.gz","ts":"2026-09-22T06:56:14Z"}
{"deleted_count":1,"dir":"/tmp/kizuna-backups","event":"rotation_complete","keep":3,"level":"INFO","message":"世代管理完了: 保持数 3 / 削除件数 1","pattern":"test-backup_*.tar.gz","ts":"2026-09-22T06:56:14Z"}
{"event":"remote_rotate_delete","level":"INFO","message":"リモート世代管理で削除: test-backup_20260922_065013.tar.gz","path":"/srv/kizuna-backup-test/test-backup_20260922_065013.tar.gz","ts":"2026-09-22T06:56:15Z"}
{"deleted_count":1,"event":"remote_rotation_complete","keep":3,"level":"INFO","message":"リモート世代管理完了: 保持数 3 / 削除件数 1","pattern":"test-backup_*.tar.gz","remote_dir":"/srv/kizuna-backup-test","ts":"2026-09-22T06:56:15Z"}
{"duration_sec":2.208447751,"event":"success","level":"INFO","message":"バックアップ成功 (所要時間 2s)","size":180,"ts":"2026-09-22T06:56:15Z"}
{"event":"start","level":"INFO","message":"バックアップ開始","mode":"archive","target":"/tmp/test-backup","ts":"2026-09-22T06:58:13Z"}
{"event":"archive_start","level":"INFO","message":"圧縮開始","output":"/tmp/kizuna-backups/test-backup_20260922_065813.tar.gz","target":"/tmp/test-backup","ts":"2026-09-22T06:58:13Z"}
{"event":"archive_complete","level":"INFO","message":"圧縮完了: 180.0 B","path":"/tmp/kizuna-backups/test-backup_20260922_065813.tar.gz","sha256":"d395094d073f8083aa4e6d641192dedc9395c72fd7006415979bfcd597108586","size":180,"ts":"2026-09-22T06:58:13Z"}
{"dest":"user@localhost","dir":"/srv/kizuna-backup-test","event":"transfer_start","level":"INFO","message":"転送開始","ts":"2026-09-22T06:58:13Z"}
{"dest":"user@localhost","event":"transfer_complete","level":"INFO","message":"転送完了","path":"/srv/kizuna-backup-test/test-backup_20260922_065813.tar.gz","ts":"2026-09-22T06:58:14Z"}
{"event":"rotate_delete","level":"INFO","message":"世代管理で削除: test-backup_20260922_065213.tar.gz","path":"/tmp/kizuna-backups/test-backup_20260922_065213.tar.gz","ts":"2026-09-22T06:58:14Z"}
{"deleted_count":1,"dir":"/tmp/kizuna-backups","event":"rotation_complete","keep":3,"level":"INFO","message":"世代管理完了: 保持数 3 / 削除件数 1","pattern":"test-backup_*.tar.gz","ts":"2026-09-22T06:58:14Z"}
{"event":"remote_rotate_delete","level":"INFO","message":"リモート世代管理で削除: test-backup_20260922_065213.tar.gz","path":"/srv/kizuna-backup-test/test-backup_20260922_065213.tar.gz","ts":"2026-09-22T06:58:15Z"}
{"deleted_count":1,"event":"remote_rotation_complete","keep":3,"level":"INFO","message":"リモート世代管理完了: 保持数 3 / 削除件数 1","pattern":"test-backup_*.tar.gz","remote_dir":"/srv/kizuna-backup-test","ts":"2026-09-22T06:58:15Z"}
{"duration_sec":1.775081433,"event":"success","level":"INFO","message":"バックアップ成功 (所要時間 2s)","size":180,"ts":"2026-09-22T06:58:15Z"}
{"event":"start","level":"INFO","message":"バックアップ開始","mode":"archive","target":"/tmp/test-backup","ts":"2026-09-22T07:00:13Z"}
{"event":"archive_start","level":"INFO","message":"圧縮開始","output":"/tmp/kizuna-backups/test-backup_20260922_070013.tar.gz","target":"/tmp/test-backup","ts":"2026-09-22T07:00:13Z"}
{"event":"archive_complete","level":"INFO","message":"圧縮完了: 180.0 B","path":"/tmp/kizuna-backups/test-backup_20260922_070013.tar.gz","sha256":"d395094d073f8083aa4e6d641192dedc9395c72fd7006415979bfcd597108586","size":180,"ts":"2026-09-22T07:00:13Z"}
{"dest":"user@localhost","dir":"/srv/kizuna-backup-test","event":"transfer_start","level":"INFO","message":"転送開始","ts":"2026-09-22T07:00:13Z"}
{"dest":"user@localhost","event":"transfer_complete","level":"INFO","message":"転送完了","path":"/srv/kizuna-backup-test/test-backup_20260922_070013.tar.gz","ts":"2026-09-22T07:00:14Z"}
{"event":"rotate_delete","level":"INFO","message":"世代管理で削除: test-backup_20260922_065413.tar.gz","path":"/tmp/kizuna-backups/test-backup_20260922_065413.tar.gz","ts":"2026-09-22T07:00:14Z"}
{"deleted_count":1,"dir":"/tmp/kizuna-backups","event":"rotation_complete","keep":3,"level":"INFO","message":"世代管理完了: 保持数 3 / 削除件数 1","pattern":"test-backup_*.tar.gz","ts":"2026-09-22T07:00:14Z"}
{"event":"remote_rotate_delete","level":"INFO","message":"リモート世代管理で削除: test-backup_20260922_065413.tar.gz","path":"/srv/kizuna-backup-test/test-backup_20260922_065413.tar.gz","ts":"2026-09-22T07:00:14Z"}
{"deleted_count":1,"event":"remote_rotation_complete","keep":3,"level":"INFO","message":"リモート世代管理完了: 保持数 3 / 削除件数 1","pattern":"test-backup_*.tar.gz","remote_dir":"/srv/kizuna-backup-test","ts":"2026-09-22T07:00:14Z"}
{"duration_sec":1.721588171,"event":"success","level":"INFO","message":"バックアップ成功 (所要時間 2s)","size":180,"ts":"2026-09-22T07:00:14Z"}
{"event":"start","level":"INFO","message":"バックアップ開始","mode":"archive","target":"/tmp/test-backup","ts":"2026-09-22T07:02:13Z"}
{"event":"archive_start","level":"INFO","message":"圧縮開始","output":"/tmp/kizuna-backups/test-backup_20260922_070213.tar.gz","target":"/tmp/test-backup","ts":"2026-09-22T07:02:13Z"}
{"event":"archive_complete","level":"INFO","message":"圧縮完了: 180.0 B","path":"/tmp/kizuna-backups/test-backup_20260922_070213.tar.gz","sha256":"d395094d073f8083aa4e6d641192dedc9395c72fd7006415979bfcd597108586","size":180,"ts":"2026-09-22T07:02:13Z"}
{"dest":"user@localhost","dir":"/srv/kizuna-backup-test","event":"transfer_start","level":"INFO","message":"転送開始","ts":"2026-09-22T07:02:13Z"}
{"dest":"user@localhost","event":"transfer_complete","level":"INFO","message":"転送完了","path":"/srv/kizuna-backup-test/test-backup_20260922_070213.tar.gz","ts":"2026-09-22T07:02:14Z"}
{"event":"rotate_delete","level":"INFO","message":"世代管理で削除: test-backup_20260922_065613.tar.gz","path":"/tmp/kizuna-backups/test-backup_20260922_065613.tar.gz","ts":"2026-09-22T07:02:14Z"}
{"deleted_count":1,"dir":"/tmp/kizuna-backups","event":"rotation_complete","keep":3,"level":"INFO","message":"世代管理完了: 保持数 3 / 削除件数 1","pattern":"test-backup_*.tar.gz","ts":"2026-09-22T07:02:14Z"}
{"event":"remote_rotate_delete","level":"INFO","message":"リモート世代管理で削除: test-backup_20260922_065613.tar.gz","path":"/srv/kizuna-backup-test/test-backup_20260922_065613.tar.gz","ts":"2026-09-22T07:02:15Z"}
{"deleted_count":1,"event":"remote_rotation_complete","keep":3,"level":"INFO","message":"リモート世代管理完了: 保持数 3 / 削除件数 1","pattern":"test-backup_*.tar.gz","remote_dir":"/srv/kizuna-backup-test","ts":"2026-09-22T07:02:15Z"}
{"duration_sec":1.728646119,"event":"success","level":"INFO","message":"バックアップ成功 (所要時間 2s)","size":180,"ts":"2026-09-22T07:02:15Z"}
{"event":"start","level":"INFO","message":"バックアップ開始","mode":"archive","target":"/tmp/test-backup","ts":"2026-09-22T07:04:13Z"}
{"event":"archive_start","level":"INFO","message":"圧縮開始","output":"/tmp/kizuna-backups/test-backup_20260922_070413.tar.gz","target":"/tmp/test-backup","ts":"2026-09-22T07:04:13Z"}
{"event":"archive_complete","level":"INFO","message":"圧縮完了: 180.0 B","path":"/tmp/kizuna-backups/test-backup_20260922_070413.tar.gz","sha256":"d395094d073f8083aa4e6d641192dedc9395c72fd7006415979bfcd597108586","size":180,"ts":"2026-09-22T07:04:13Z"}
{"dest":"user@localhost","dir":"/srv/kizuna-backup-test","event":"transfer_start","level":"INFO","message":"転送開始","ts":"2026-09-22T07:04:13Z"}
{"dest":"user@localhost","event":"transfer_complete","level":"INFO","message":"転送完了","path":"/srv/kizuna-backup-test/test-backup_20260922_070413.tar.gz","ts":"2026-09-22T07:04:14Z"}
{"event":"rotate_delete","level":"INFO","message":"世代管理で削除: test-backup_20260922_065813.tar.gz","path":"/tmp/kizuna-backups/test-backup_20260922_065813.tar.gz","ts":"2026-09-22T07:04:14Z"}
{"deleted_count":1,"dir":"/tmp/kizuna-backups","event":"rotation_complete","keep":3,"level":"INFO","message":"世代管理完了: 保持数 3 / 削除件数 1","pattern":"test-backup_*.tar.gz","ts":"2026-09-22T07:04:14Z"}
{"event":"remote_rotate_delete","level":"INFO","message":"リモート世代管理で削除: test-backup_20260922_065813.tar.gz","path":"/srv/kizuna-backup-test/test-backup_20260922_065813.tar.gz","ts":"2026-09-22T07:04:15Z"}
{"deleted_count":1,"event":"remote_rotation_complete","keep":3,"level":"INFO","message":"リモート世代管理完了: 保持数 3 / 削除件数 1","pattern":"test-backup_*.tar.gz","remote_dir":"/srv/kizuna-backup-test","ts":"2026-09-22T07:04:15Z"}
{"duration_sec":1.735056758,"event":"success","level":"INFO","message":"バックアップ成功 (所要時間 2s)","size":180,"ts":"2026-09-22T07:04:15Z"}
{"event":"start","level":"INFO","message":"バックアップ開始","mode":"archive","target":"/tmp/test-backup","ts":"2026-09-22T07:06:13Z"}
{"event":"archive_start","level":"INFO","message":"圧縮開始","output":"/tmp/kizuna-backups/test-backup_20260922_070613.tar.gz","target":"/tmp/test-backup","ts":"2026-09-22T07:06:13Z"}
{"event":"archive_complete","level":"INFO","message":"圧縮完了: 180.0 B","path":"/tmp/kizuna-backups/test-backup_20260922_070613.tar.gz","sha256":"d395094d073f8083aa4e6d641192dedc9395c72fd7006415979bfcd597108586","size":180,"ts":"2026-09-22T07:06:13Z"}
{"dest":"user@localhost","dir":"/srv/kizuna-backup-test","event":"transfer_start","level":"INFO","message":"転送開始","ts":"2026-09-22T07:06:13Z"}
{"dest":"user@localhost","event":"transfer_complete","level":"INFO","message":"転送完了","path":"/srv/kizuna-backup-test/test-backup_20260922_070613.tar.gz","ts":"2026-09-22T07:06:14Z"}
{"event":"rotate_delete","level":"INFO","message":"世代管理で削除: test-backup_20260922_070013.tar.gz","path":"/tmp/kizuna-backups/test-backup_20260922_070013.tar.gz","ts":"2026-09-22T07:06:14Z"}
{"deleted_count":1,"dir":"/tmp/kizuna-backups","event":"rotation_complete","keep":3,"level":"INFO","message":"世代管理完了: 保持数 3 / 削除件数 1","pattern":"test-backup_*.tar.gz","ts":"2026-09-22T07:06:14Z"}
{"event":"remote_rotate_delete","level":"INFO","message":"リモート世代管理で削除: test-backup_20260922_070013.tar.gz","path":"/srv/kizuna-backup-test/test-backup_20260922_070013.tar.gz","ts":"2026-09-22T07:06:15Z"}
{"deleted_count":1,"event":"remote_rotation_complete","keep":3,"level":"INFO","message":"リモート世代管理完了: 保持数 3 / 削除件数 1","pattern":"test-backup_*.tar.gz","remote_dir":"/srv/kizuna-backup-test","ts":"2026-09-22T07:06:15Z"}
{"duration_sec":1.74643445,"event":"success","level":"INFO","message":"バックアップ成功 (所要時間 2s)","size":180,"ts":"2026-09-22T07:06:15Z"}
{"event":"start","level":"INFO","message":"バックアップ開始","mode":"archive","target":"/tmp/test-backup","ts":"2026-09-22T07:08:13Z"}
{"event":"archive_start","level":"INFO","message":"圧縮開始","output":"/tmp/kizuna-backups/test-backup_20260922_070813.tar.gz","target":"/tmp/test-backup","ts":"2026-09-22T07:08:13Z"}
{"event":"archive_complete","level":"INFO","message":"圧縮完了: 180.0 B","path":"/tmp/kizuna-backups/test-backup_20260922_070813.tar.gz","sha256":"d395094d073f8083aa4e6d641192dedc9395c72fd7006415979bfcd597108586","size":180,"ts":"2026-09-22T07:08:13Z"}
{"dest":"user@localhost","dir":"/srv/kizuna-backup-test","event":"transfer_start","level":"INFO","message":"転送開始","ts":"2026-09-22T07:08:13Z"}
{"dest":"user@localhost","event":"transfer_complete","level":"INFO","message":"転送完了","path":"/srv/kizuna-backup-test/test-backup_20260922_070813.tar.gz","ts":"2026-09-22T07:08:14Z"}
{"event":"rotate_delete","level":"INFO","message":"世代管理で削除: test-backup_20260922_070213.tar.gz","path":"/tmp/kizuna-backups/test-backup_20260922_070213.tar.gz","ts":"2026-09-22T07:08:14Z"}
{"deleted_count":1,"dir":"/tmp/kizuna-backups","event":"rotation_complete","keep":3,"level":"INFO","message":"世代管理完了: 保持数 3 / 削除件数 1","pattern":"test-backup_*.tar.gz","ts":"2026-09-22T07:08:14Z"}
{"event":"remote_rotate_delete","level":"INFO","message":"リモート世代管理で削除: test-backup_20260922_070213.tar.gz","path":"/srv/kizuna-backup-test/test-backup_20260922_070213.tar.gz","ts":"2026-09-22T07:08:15Z"}
{"deleted_count":1,"event":"remote_rotation_complete","keep":3,"level":"INFO","message":"リモート世代管理完了: 保持数 3 / 削除件数 1","pattern":"test-backup_*.tar.gz","remote_dir":"/srv/kizuna-backup-test","ts":"2026-09-22T07:08:15Z"}
{"duration_sec":1.743523379,"event":"success","level":"INFO","message":"バックアップ成功 (所要時間 2s)","size":180,"ts":"2026-09-22T07:08:15Z"}
{"event":"start","level":"INFO","message":"バックアップ開始","mode":"archive","target":"/tmp/test-backup","ts":"2026-09-22T07:10:13Z"}
{"event":"archive_start","level":"INFO","message":"圧縮開始","output":"/tmp/kizuna-backups/test-backup_20260922_071013.tar.gz","target":"/tmp/test-backup","ts":"2026-09-22T07:10:13Z"}
{"event":"archive_complete","level":"INFO","message":"圧縮完了: 180.0 B","path":"/tmp/kizuna-backups/test-backup_20260922_071013.tar.gz","sha256":"d395094d073f8083aa4e6d641192dedc9395c72fd7006415979bfcd597108586","size":180,"ts":"2026-09-22T07:10:13Z"}
{"dest":"user@localhost","dir":"/srv/kizuna-backup-test","event":"transfer_start","level":"INFO","message":"転送開始","ts":"2026-09-22T07:10:13Z"}
{"dest":"user@localhost","event":"transfer_complete","level":"INFO","message":"転送完了","path":"/srv/kizuna-backup-test/test-backup_20260922_071013.tar.gz","ts":"2026-09-22T07:10:14Z"}
{"event":"rotate_delete","level":"INFO","message":"世代管理で削除: test-backup_20260922_070413.tar.gz","path":"/tmp/kizuna-backups/test-backup_20260922_070413.tar.gz","ts":"2026-09-22T07:10:14Z"}
{"deleted_count":1,"dir":"/tmp/kizuna-backups","event":"rotation_complete","keep":3,"level":"INFO","message":"世代管理完了: 保持数 3 / 削除件数 1","pattern":"test-backup_*.tar.gz","ts":"2026-09-22T07:10:14Z"}
{"event":"remote_rotate_delete","level":"INFO","message":"リモート世代管理で削除: test-backup_20260922_070413.tar.gz","path":"/srv/kizuna-backup-test/test-backup_20260922_070413.tar.gz","ts":"2026-09-22T07:10:15Z"}
{"deleted_count":1,"event":"remote_rotation_complete","keep":3,"level":"INFO","message":"リモート世代管理完了: 保持数 3 / 削除件数 1","pattern":"test-backup_*.tar.gz","remote_dir":"/srv/kizuna-backup-test","ts":"2026-09-22T07:10:15Z"}
{"duration_sec":1.7452252320000001,"event":"success","level":"INFO","message":"バックアップ成功 (所要時間 2s)","size":180,"ts":"2026-09-22T07:10:15Z"}
{"event":"start","level":"INFO","message":"バックアップ開始","mode":"archive","target":"/tmp/test-backup","ts":"2026-09-22T07:12:13Z"}
{"event":"archive_start","level":"INFO","message":"圧縮開始","output":"/tmp/kizuna-backups/test-backup_20260922_071213.tar.gz","target":"/tmp/test-backup","ts":"2026-09-22T07:12:13Z"}
{"event":"archive_complete","level":"INFO","message":"圧縮完了: 180.0 B","path":"/tmp/kizuna-backups/test-backup_20260922_071213.tar.gz","sha256":"d395094d073f8083aa4e6d641192dedc9395c72fd7006415979bfcd597108586","size":180,"ts":"2026-09-22T07:12:13Z"}
{"dest":"user@localhost","dir":"/srv/kizuna-backup-test","event":"transfer_start","level":"INFO","message":"転送開始","ts":"2026-09-22T07:12:13Z"}
{"dest":"user@localhost","event":"transfer_complete","level":"INFO","message":"転送完了","path":"/srv/kizuna-backup-test/test-backup_20260922_071213.tar.gz","ts":"2026-09-22T07:12:14Z"}
{"event":"rotate_delete","level":"INFO","message":"世代管理で削除: test-backup_20260922_070613.tar.gz","path":"/tmp/kizuna-backups/test-backup_20260922_070613.tar.gz","ts":"2026-09-22T07:12:14Z"}
{"deleted_count":1,"dir":"/tmp/kizuna-backups","event":"rotation_complete","keep":3,"level":"INFO","message":"世代管理完了: 保持数 3 / 削除件数 1","pattern":"test-backup_*.tar.gz","ts":"2026-09-22T07:12:14Z"}
{"event":"remote_rotate_delete","level":"INFO","message":"リモート世代管理で削除: test-backup_20260922_070613.tar.gz","path":"/srv/kizuna-backup-test/test-backup_20260922_070613.tar.gz","ts":"2026-09-22T07:12:15Z"}
{"deleted_count":1,"event":"remote_rotation_complete","keep":3,"level":"INFO","message":"リモート世代管理完了: 保持数 3 / 削除件数 1","pattern":"test-backup_*.tar.gz","remote_dir":"/srv/kizuna-backup-test","ts":"2026-09-22T07:12:15Z"}
{"duration_sec":1.7563385569999999,"event":"success","level":"INFO","message":"バックアップ成功 (所要時間 2s)","size":180,"ts":"2026-09-22T07:12:15Z"}
{"event":"start","level":"INFO","message":"バックアップ開始","mode":"archive","target":"/tmp/test-backup","ts":"2026-09-22T07:14:13Z"}
{"event":"archive_start","level":"INFO","message":"圧縮開始","output":"/tmp/kizuna-backups/test-backup_20260922_071413.tar.gz","target":"/tmp/test-backup","ts":"2026-09-22T07:14:13Z"}
{"event":"archive_complete","level":"INFO","message":"圧縮完了: 180.0 B","path":"/tmp/kizuna-backups/test-backup_20260922_071413.tar.gz","sha256":"d395094d073f8083aa4e6d641192dedc9395c72fd7006415979bfcd597108586","size":180,"ts":"2026-09-22T07:14:13Z"}
{"dest":"user@localhost","dir":"/srv/kizuna-backup-test","event":"transfer_start","level":"INFO","message":"転送開始","ts":"2026-09-22T07:14:13Z"}
{"dest":"user@localhost","event":"transfer_complete","level":"INFO","message":"転送完了","path":"/srv/kizuna-backup-test/test-backup_20260922_071413.tar.gz","ts":"2026-09-22T07:14:14Z"}
{"event":"rotate_delete","level":"INFO","message":"世代管理で削除: test-backup_20260922_070813.tar.gz","path":"/tmp/kizuna-backups/test-backup_20260922_070813.tar.gz","ts":"2026-09-22T07:14:14Z"}
{"deleted_count":1,"dir":"/tmp/kizuna-backups","event":"rotation_complete","keep":3,"level":"INFO","message":"世代管理完了: 保持数 3 / 削除件数 1","pattern":"test-backup_*.tar.gz","ts":"2026-09-22T07:14:14Z"}
{"event":"remote_rotate_delete","level":"INFO","message":"リモート世代管理で削除: test-backup_20260922_070813.tar.gz","path":"/srv/kizuna-backup-test/test-backup_20260922_070813.tar.gz","ts":"2026-09-22T07:14:15Z"}
{"deleted_count":1,"event":"remote_rotation_complete","keep":3,"level":"INFO","message":"リモート世代管理完了: 保持数 3 / 削除件数 1","pattern":"test-backup_*.tar.gz","remote_dir":"/srv/kizuna-backup-test","ts":"2026-09-22T07:14:15Z"}
{"duration_sec":1.743542894,"event":"success","level":"INFO","message":"バックアップ成功 (所要時間 2s)","size":180,"ts":"2026-09-22T07:14:15Z"}
{"event":"start","level":"INFO","message":"バックアップ開始","mode":"archive","target":"/tmp/test-backup","ts":"2026-09-22T07:16:13Z"}
{"event":"archive_start","level":"INFO","message":"圧縮開始","output":"/tmp/kizuna-backups/test-backup_20260922_071613.tar.gz","target":"/tmp/test-backup","ts":"2026-09-22T07:16:13Z"}
{"event":"archive_complete","level":"INFO","message":"圧縮完了: 180.0 B","path":"/tmp/kizuna-backups/test-backup_20260922_071613.tar.gz","sha256":"d395094d073f8083aa4e6d641192dedc9395c72fd7006415979bfcd597108586","size":180,"ts":"2026-09-22T07:16:13Z"}
{"dest":"user@localhost","dir":"/srv/kizuna-backup-test","event":"transfer_start","level":"INFO","message":"転送開始","ts":"2026-09-22T07:16:13Z"}
{"dest":"user@localhost","event":"transfer_complete","level":"INFO","message":"転送完了","path":"/srv/kizuna-backup-test/test-backup_20260922_071613.tar.gz","ts":"2026-09-22T07:16:14Z"}
{"event":"rotate_delete","level":"INFO","message":"世代管理で削除: test-backup_20260922_071013.tar.gz","path":"/tmp/kizuna-backups/test-backup_20260922_071013.tar.gz","ts":"2026-09-22T07:16:14Z"}
{"deleted_count":1,"dir":"/tmp/kizuna-backups","event":"rotation_complete","keep":3,"level":"INFO","message":"世代管理完了: 保持数 3 / 削除件数 1","pattern":"test-backup_*.tar.gz","ts":"2026-09-22T07:16:14Z"}
{"event":"remote_rotate_delete","level":"INFO","message":"リモート世代管理で削除: test-backup_20260922_071013.tar.gz","path":"/srv/kizuna-backup-test/test-backup_20260922_071013.tar.gz","ts":"2026-09-22T07:16:14Z"}
{"deleted_count":1,"event":"remote_rotation_complete","keep":3,"level":"INFO","message":"リモート世代管理完了: 保持数 3 / 削除件数 1","pattern":"test-backup_*.tar.gz","remote_dir":"/srv/kizuna-backup-test","ts":"2026-09-22T07:16:14Z"}
{"duration_sec":1.722200329,"event":"success","level":"INFO","message":"バックアップ成功 (所要時間 2s)","size":180,"ts":"2026-09-22T07:16:14Z"}
{"event":"start","level":"INFO","message":"バックアップ開始","mode":"archive","target":"/tmp/test-backup","ts":"2026-09-22T07:18:13Z"}
{"event":"archive_start","level":"INFO","message":"圧縮開始","output":"/tmp/kizuna-backups/test-backup_20260922_071813.tar.gz","target":"/tmp/test-backup","ts":"2026-09-22T07:18:13Z"}
{"event":"archive_complete","level":"INFO","message":"圧縮完了: 180.0 B","path":"/tmp/kizuna-backups/test-backup_20260922_071813.tar.gz","sha256":"d395094d073f8083aa4e6d641192dedc9395c72fd7006415979bfcd597108586","size":180,"ts":"2026-09-22T07:18:13Z"}
{"dest":"user@localhost","dir":"/srv/kizuna-backup-test","event":"transfer_start","level":"INFO","message":"転送開始","ts":"2026-09-22T07:18:13Z"}
{"dest":"user@localhost","event":"transfer_complete","level":"INFO","message":"転送完了","path":"/srv/kizuna-backup-test/test-backup_20260922_071813.tar.gz","ts":"2026-09-22T07:18:14Z"}
{"event":"rotate_delete","level":"INFO","message":"世代管理で削除: test-backup_20260922_071213.tar.gz","path":"/tmp/kizuna-backups/test-backup_20260922_071213.tar.gz","ts":"2026-09-22T07:18:14Z"}
{"deleted_count":1,"dir":"/tmp/kizuna-backups","event":"rotation_complete","keep":3,"level":"INFO","message":"世代管理完了: 保持数 3 / 削除件数 1","pattern":"test-backup_*.tar.gz","ts":"2026-09-22T07:18:14Z"}
{"event":"remote_rotate_delete","level":"INFO","message":"リモート世代管理で削除: test-backup_20260922_071213.tar.gz","path":"/srv/kizuna-backup-test/test-backup_20260922_071213.tar.gz","ts":"2026-09-22T07:18:15Z"}
{"deleted_count":1,"event":"remote_rotation_complete","keep":3,"level":"INFO","message":"リモート世代管理完了: 保持数 3 / 削除件数 1","pattern":"test-backup_*.tar.gz","remote_dir":"/srv/kizuna-backup-test","ts":"2026-09-22T07:18:15Z"}
{"duration_sec":1.741630931,"event":"success","level":"INFO","message":"バックアップ成功 (所要時間 2s)","size":180,"ts":"2026-09-22T07:18:15Z"}
{"event":"start","level":"INFO","message":"バックアップ開始","mode":"archive","target":"/tmp/test-backup","ts":"2026-09-22T07:20:13Z"}
{"event":"archive_start","level":"INFO","message":"圧縮開始","output":"/tmp/kizuna-backups/test-backup_20260922_072013.tar.gz","target":"/tmp/test-backup","ts":"2026-09-22T07:20:13Z"}
{"event":"archive_complete","level":"INFO","message":"圧縮完了: 180.0 B","path":"/tmp/kizuna-backups/test-backup_20260922_072013.tar.gz","sha256":"d395094d073f8083aa4e6d641192dedc9395c72fd7006415979bfcd597108586","size":180,"ts":"2026-09-22T07:20:13Z"}
{"dest":"user@localhost","dir":"/srv/kizuna-backup-test","event":"transfer_start","level":"INFO","message":"転送開始","ts":"2026-09-22T07:20:13Z"}
{"dest":"user@localhost","event":"transfer_complete","level":"INFO","message":"転送完了","path":"/srv/kizuna-backup-test/test-backup_20260922_072013.tar.gz","ts":"2026-09-22T07:20:14Z"}
{"event":"rotate_delete","level":"INFO","message":"世代管理で削除: test-backup_20260922_071413.tar.gz","path":"/tmp/kizuna-backups/test-backup_20260922_071413.tar.gz","ts":"2026-09-22T07:20:14Z"}
{"deleted_count":1,"dir":"/tmp/kizuna-backups","event":"rotation_complete","keep":3,"level":"INFO","message":"世代管理完了: 保持数 3 / 削除件数 1","pattern":"test-backup_*.tar.gz","ts":"2026-09-22T07:20:14Z"}
{"event":"remote_rotate_delete","level":"INFO","message":"リモート世代管理で削除: test-backup_20260922_071413.tar.gz","path":"/srv/kizuna-backup-test/test-backup_20260922_071413.tar.gz","ts":"2026-09-22T07:20:15Z"}
{"deleted_count":1,"event":"remote_rotation_complete","keep":3,"level":"INFO","message":"リモート世代管理完了: 保持数 3 / 削除件数 1","pattern":"test-backup_*.tar.gz","remote_dir":"/srv/kizuna-backup-test","ts":"2026-09-22T07:20:15Z"}
{"duration_sec":1.75297285,"event":"success","level":"INFO","message":"バックアップ成功 (所要時間 2s)","size":180,"ts":"2026-09-22T07:20:15Z"}
{"event":"start","level":"INFO","message":"バックアップ開始","mode":"archive","target":"/tmp/test-backup","ts":"2026-09-22T07:22:13Z"}
{"event":"archive_start","level":"INFO","message":"圧縮開始","output":"/tmp/kizuna-backups/test-backup_20260922_072213.tar.gz","target":"/tmp/test-backup","ts":"2026-09-22T07:22:13Z"}
{"event":"archive_complete","level":"INFO","message":"圧縮完了: 180.0 B","path":"/tmp/kizuna-backups/test-backup_20260922_072213.tar.gz","sha256":"d395094d073f8083aa4e6d641192dedc9395c72fd7006415979bfcd597108586","size":180,"ts":"2026-09-22T07:22:13Z"}
{"dest":"user@localhost","dir":"/srv/kizuna-backup-test","event":"transfer_start","level":"INFO","message":"転送開始","ts":"2026-09-22T07:22:13Z"}
{"dest":"user@localhost","event":"transfer_complete","level":"INFO","message":"転送完了","path":"/srv/kizuna-backup-test/test-backup_20260922_072213.tar.gz","ts":"2026-09-22T07:22:14Z"}
{"event":"rotate_delete","level":"INFO","message":"世代管理で削除: test-backup_20260922_071613.tar.gz","path":"/tmp/kizuna-backups/test-backup_20260922_071613.tar.gz","ts":"2026-09-22T07:22:14Z"}
{"deleted_count":1,"dir":"/tmp/kizuna-backups","event":"rotation_complete","keep":3,"level":"INFO","message":"世代管理完了: 保持数 3 / 削除件数 1","pattern":"test-backup_*.tar.gz","ts":"2026-09-22T07:22:14Z"}
{"event":"remote_rotate_delete","level":"INFO","message":"リモート世代管理で削除: test-backup_20260922_071613.tar.gz","path":"/srv/kizuna-backup-test/test-backup_20260922_071613.tar.gz","ts":"2026-09-22T07:22:15Z"}
{"deleted_count":1,"event":"remote_rotation_complete","keep":3,"level":"INFO","message":"リモート世代管理完了: 保持数 3 / 削除件数 1","pattern":"test-backup_*.tar.gz","remote_dir":"/srv/kizuna-backup-test","ts":"2026-09-22T07:22:15Z"}
{"duration_sec":1.750318278,"event":"success","level":"INFO","message":"バックアップ成功 (所要時間 2s)","size":180,"ts":"2026-09-22T07:22:15Z"}
{"event":"start","level":"INFO","message":"バックアップ開始","mode":"archive","target":"/tmp/test-backup","ts":"2026-09-22T07:24:13Z"}
{"event":"archive_start","level":"INFO","message":"圧縮開始","output":"/tmp/kizuna-backups/test-backup_20260922_072413.tar.gz","target":"/tmp/test-backup","ts":"2026-09-22T07:24:13Z"}
{"event":"archive_complete","level":"INFO","message":"圧縮完了: 180.0 B","path":"/tmp/kizuna-backups/test-backup_20260922_072413.tar.gz","sha256":"d395094d073f8083aa4e6d641192dedc9395c72fd7006415979bfcd597108586","size":180,"ts":"2026-09-22T07:24:13Z"}
{"dest":"user@localhost","dir":"/srv/kizuna-backup-test","event":"transfer_start","level":"INFO","message":"転送開始","ts":"2026-09-22T07:24:13Z"}
{"dest":"user@localhost","event":"transfer_complete","level":"INFO","message":"転送完了","path":"/srv/kizuna-backup-test/test-backup_20260922_072413.tar.gz","ts":"2026-09-22T07:24:14Z"}
{"event":"rotate_delete","level":"INFO","message":"世代管理で削除: test-backup_20260922_071813.tar.gz","path":"/tmp/kizuna-backups/test-backup_20260922_071813.tar.gz","ts":"2026-09-22T07:24:14Z"}
{"deleted_count":1,"dir":"/tmp/kizuna-backups","event":"rotation_complete","keep":3,"level":"INFO","message":"世代管理完了: 保持数 3 / 削除件数 1","pattern":"test-backup_*.tar.gz","ts":"2026-09-22T07:24:14Z"}
{"event":"remote_rotate_delete","level":"INFO","message":"リモート世代管理で削除: test-backup_20260922_071813.tar.gz","path":"/srv/kizuna-backup-test/test-backup_20260922_071813.tar.gz","ts":"2026-09-22T07:24:15Z"}
{"deleted_count":1,"event":"remote_rotation_complete","keep":3,"level":"INFO","message":"リモート世代管理完了: 保持数 3 / 削除件数 1","pattern":"test-backup_*.tar.gz","remote_dir":"/srv/kizuna-backup-test","ts":"2026-09-22T07:24:15Z"}
{"duration_sec":1.736247948,"event":"success","level":"INFO","message":"バックアップ成功 (所要時間 2s)","size":180,"ts":"2026-09-22T07:24:15Z"}
{"event":"start","level":"INFO","message":"バックアップ開始","mode":"archive","target":"/tmp/test-backup","ts":"2026-09-22T07:26:13Z"}
{"event":"archive_start","level":"INFO","message":"圧縮開始","output":"/tmp/kizuna-backups/test-backup_20260922_072613.tar.gz","target":"/tmp/test-backup","ts":"2026-09-22T07:26:13Z"}
{"event":"archive_complete","level":"INFO","message":"圧縮完了: 180.0 B","path":"/tmp/kizuna-backups/test-backup_20260922_072613.tar.gz","sha256":"d395094d073f8083aa4e6d641192dedc9395c72fd7006415979bfcd597108586","size":180,"ts":"2026-09-22T07:26:13Z"}
{"dest":"user@localhost","dir":"/srv/kizuna-backup-test","event":"transfer_start","level":"INFO","message":"転送開始","ts":"2026-09-22T07:26:13Z"}
{"dest":"user@localhost","event":"transfer_complete","level":"INFO","message":"転送完了","path":"/srv/kizuna-backup-test/test-backup_20260922_072613.tar.gz","ts":"2026-09-22T07:26:14Z"}
{"event":"rotate_delete","level":"INFO","message":"世代管理で削除: test-backup_20260922_072013.tar.gz","path":"/tmp/kizuna-backups/test-backup_20260922_072013.tar.gz","ts":"2026-09-22T07:26:14Z"}
{"deleted_count":1,"dir":"/tmp/kizuna-backups","event":"rotation_complete","keep":3,"level":"INFO","message":"世代管理完了: 保持数 3 / 削除件数 1","pattern":"test-backup_*.tar.gz","ts":"2026-09-22T07:26:14Z"}
{"event":"remote_rotate_delete","level":"INFO","message":"リモート世代管理で削除: test-backup_20260922_072013.tar.gz","path":"/srv/kizuna-backup-test/test-backup_20260922_072013.tar.gz","ts":"2026-09-22T07:26:15Z"}
{"deleted_count":1,"event":"remote_rotation_complete","keep":3,"level":"INFO","message":"リモート世代管理完了: 保持数 3 / 削除件数 1","pattern":"test-backup_*.tar.gz","remote_dir":"/srv/kizuna-backup-test","ts":"2026-09-22T07:26:15Z"}
{"duration_sec":1.753355455,"event":"success","level":"INFO","message":"バックアップ成功 (所要時間 2s)","size":180,"ts":"2026-09-22T07:26:15Z"}
{"event":"start","level":"INFO","message":"バックアップ開始","mode":"archive","target":"/tmp/test-backup","ts":"2026-09-22T07:28:13Z"}
{"event":"archive_start","level":"INFO","message":"圧縮開始","output":"/tmp/kizuna-backups/test-backup_20260922_072813.tar.gz","target":"/tmp/test-backup","ts":"2026-09-22T07:28:13Z"}
{"event":"archive_complete","level":"INFO","message":"圧縮完了: 180.0 B","path":"/tmp/kizuna-backups/test-backup_20260922_072813.tar.gz","sha256":"d395094d073f8083aa4e6d641192dedc9395c72fd7006415979bfcd597108586","size":180,"ts":"2026-09-22T07:28:13Z"}
{"dest":"user@localhost","dir":"/srv/kizuna-backup-test","event":"transfer_start","level":"INFO","message":"転送開始","ts":"2026-09-22T07:28:13Z"}
{"dest":"user@localhost","event":"transfer_complete","level":"INFO","message":"転送完了","path":"/srv/kizuna-backup-test/test-backup_20260922_072813.tar.gz","ts":"2026-09-22T07:28:14Z"}
{"event":"rotate_delete","level":"INFO","message":"世代管理で削除: test-backup_20260922_072213.tar.gz","path":"/tmp/kizuna-backups/test-backup_20260922_072213.tar.gz","ts":"2026-09-22T07:28:14Z"}
{"deleted_count":1,"dir":"/tmp/kizuna-backups","event":"rotation_complete","keep":3,"level":"INFO","message":"世代管理完了: 保持数 3 / 削除件数 1","pattern":"test-backup_*.tar.gz","ts":"2026-09-22T07:28:14Z"}
{"event":"remote_rotate_delete","level":"INFO","message":"リモート世代管理で削除: test-backup_20260922_072213.tar.gz","path":"/srv/kizuna-backup-test/test-backup_20260922_072213.tar.gz","ts":"2026-09-22T07:28:15Z"}
{"deleted_count":1,"event":"remote_rotation_complete","keep":3,"level":"INFO","message":"リモート世代管理完了: 保持数 3 / 削除件数 1","pattern":"test-backup_*.tar.gz","remote_dir":"/srv/kizuna-backup-test","ts":"2026-09-22T07:28:15Z"}
{"duration_sec":1.753771679,"event":"success","level":"INFO","message":"バックアップ成功 (所要時間 2s)","size":180,"ts":"2026-09-22T07:28:15Z"}
{"event":"start","level":"INFO","message":"バックアップ開始","mode":"archive","target":"/tmp/test-backup","ts":"2026-09-22T07:30:13Z"}
{"event":"archive_start","level":"INFO","message":"圧縮開始","output":"/tmp/kizuna-backups/test-backup_20260922_073013.tar.gz","target":"/tmp/test-backup","ts":"2026-09-22T07:30:13Z"}
{"event":"archive_complete","level":"INFO","message":"圧縮完了: 180.0 B","path":"/tmp/kizuna-backups/test-backup_20260922_073013.tar.gz","sha256":"d395094d073f8083aa4e6d641192dedc9395c72fd7006415979bfcd597108586","size":180,"ts":"2026-09-22T07:30:13Z"}
{"dest":"user@localhost","dir":"/srv/kizuna-backup-test","event":"transfer_start","level":"INFO","message":"転送開始","ts":"2026-09-22T07:30:13Z"}
{"dest":"user@localhost","event":"transfer_complete","level":"INFO","message":"転送完了","path":"/srv/kizuna-backup-test/test-backup_20260922_073013.tar.gz","ts":"2026-09-22T07:30:14Z"}
{"event":"rotate_delete","level":"INFO","message":"世代管理で削除: test-backup_20260922_072413.tar.gz","path":"/tmp/kizuna-backups/test-backup_20260922_072413.tar.gz","ts":"2026-09-22T07:30:14Z"}
{"deleted_count":1,"dir":"/tmp/kizuna-backups","event":"rotation_complete","keep":3,"level":"INFO","message":"世代管理完了: 保持数 3 / 削除件数 1","pattern":"test-backup_*.tar.gz","ts":"2026-09-22T07:30:14Z"}
{"event":"remote_rotate_delete","level":"INFO","message":"リモート世代管理で削除: test-backup_20260922_072413.tar.gz","path":"/srv/kizuna-backup-test/test-backup_20260922_072413.tar.gz","ts":"2026-09-22T07:30:15Z"}
{"deleted_count":1,"event":"remote_rotation_complete","keep":3,"level":"INFO","message":"リモート世代管理完了: 保持数 3 / 削除件数 1","pattern":"test-backup_*.tar.gz","remote_dir":"/srv/kizuna-backup-test","ts":"2026-09-22T07:30:15Z"}
{"duration_sec":1.757684622,"event":"success","level":"INFO","message":"バックアップ成功 (所要時間 2s)","size":180,"ts":"2026-09-22T07:30:15Z"}
{"event":"start","level":"INFO","message":"バックアップ開始","mode":"archive","target":"/tmp/test-backup","ts":"2026-09-22T07:32:13Z"}
{"event":"archive_start","level":"INFO","message":"圧縮開始","output":"/tmp/kizuna-backups/test-backup_20260922_073213.tar.gz","target":"/tmp/test-backup","ts":"2026-09-22T07:32:13Z"}
{"event":"archive_complete","level":"INFO","message":"圧縮完了: 180.0 B","path":"/tmp/kizuna-backups/test-backup_20260922_073213.tar.gz","sha256":"d395094d073f8083aa4e6d641192dedc9395c72fd7006415979bfcd597108586","size":180,"ts":"2026-09-22T07:32:13Z"}
{"dest":"user@localhost","dir":"/srv/kizuna-backup-test","event":"transfer_start","level":"INFO","message":"転送開始","ts":"2026-09-22T07:32:13Z"}
{"dest":"user@localhost","event":"transfer_complete","level":"INFO","message":"転送完了","path":"/srv/kizuna-backup-test/test-backup_20260922_073213.tar.gz","ts":"2026-09-22T07:32:14Z"}
{"event":"rotate_delete","level":"INFO","message":"世代管理で削除: test-backup_20260922_072613.tar.gz","path":"/tmp/kizuna-backups/test-backup_20260922_072613.tar.gz","ts":"2026-09-22T07:32:14Z"}
{"deleted_count":1,"dir":"/tmp/kizuna-backups","event":"rotation_complete","keep":3,"level":"INFO","message":"世代管理完了: 保持数 3 / 削除件数 1","pattern":"test-backup_*.tar.gz","ts":"2026-09-22T07:32:14Z"}
{"event":"remote_rotate_delete","level":"INFO","message":"リモート世代管理で削除: test-backup_20260922_072613.tar.gz","path":"/srv/kizuna-backup-test/test-backup_20260922_072613.tar.gz","ts":"2026-09-22T07:32:15Z"}
{"deleted_count":1,"event":"remote_rotation_complete","keep":3,"level":"INFO","message":"リモート世代管理完了: 保持数 3 / 削除件数 1","pattern":"test-backup_*.tar.gz","remote_dir":"/srv/kizuna-backup-test","ts":"2026-09-22T07:32:15Z"}
{"duration_sec":1.739910472,"event":"success","level":"INFO","message":"バックアップ成功 (所要時間 2s)","size":180,"ts":"2026-09-22T07:32:15Z"}
{"event":"start","level":"INFO","message":"バックアップ開始","mode":"archive","target":"/tmp/test-backup","ts":"2026-09-22T07:34:13Z"}
{"event":"archive_start","level":"INFO","message":"圧縮開始","output":"/tmp/kizuna-backups/test-backup_20260922_073413.tar.gz","target":"/tmp/test-backup","ts":"2026-09-22T07:34:13Z"}
{"event":"archive_complete","level":"INFO","message":"圧縮完了: 180.0 B","path":"/tmp/kizuna-backups/test-backup_20260922_073413.tar.gz","sha256":"d395094d073f8083aa4e6d641192dedc9395c72fd7006415979bfcd597108586","size":180,"ts":"2026-09-22T07:34:13Z"}
{"dest":"user@localhost","dir":"/srv/kizuna-backup-test","event":"transfer_start","level":"INFO","message":"転送開始","ts":"2026-09-22T07:34:13Z"}
{"dest":"user@localhost","event":"transfer_complete","level":"INFO","message":"転送完了","path":"/srv/kizuna-backup-test/test-backup_20260922_073413.tar.gz","ts":"2026-09-22T07:34:14Z"}
{"event":"rotate_delete","level":"INFO","message":"世代管理で削除: test-backup_20260922_072813.tar.gz","path":"/tmp/kizuna-backups/test-backup_20260922_072813.tar.gz","ts":"2026-09-22T07:34:14Z"}
{"deleted_count":1,"dir":"/tmp/kizuna-backups","event":"rotation_complete","keep":3,"level":"INFO","message":"世代管理完了: 保持数 3 / 削除件数 1","pattern":"test-backup_*.tar.gz","ts":"2026-09-22T07:34:14Z"}
{"event":"remote_rotate_delete","level":"INFO","message":"リモート世代管理で削除: test-backup_20260922_072813.tar.gz","path":"/srv/kizuna-backup-test/test-backup_20260922_072813.tar.gz","ts":"2026-09-22T07:34:15Z"}
{"deleted_count":1,"event":"remote_rotation_complete","keep":3,"level":"INFO","message":"リモート世代管理完了: 保持数 3 / 削除件数 1","pattern":"test-backup_*.tar.gz","remote_dir":"/srv/kizuna-backup-test","ts":"2026-09-22T07:34:15Z"}
{"duration_sec":1.7590419929999999,"event":"success","level":"INFO","message":"バックアップ成功 (所要時間 2s)","size":180,"ts":"2026-09-22T07:34:15Z"}
{"event":"start","level":"INFO","message":"バックアップ開始","mode":"archive","target":"/tmp/test-backup","ts":"2026-09-22T07:36:13Z"}
{"event":"archive_start","level":"INFO","message":"圧縮開始","output":"/tmp/kizuna-backups/test-backup_20260922_073613.tar.gz","target":"/tmp/test-backup","ts":"2026-09-22T07:36:13Z"}
{"event":"archive_complete","level":"INFO","message":"圧縮完了: 180.0 B","path":"/tmp/kizuna-backups/test-backup_20260922_073613.tar.gz","sha256":"d395094d073f8083aa4e6d641192dedc9395c72fd7006415979bfcd597108586","size":180,"ts":"2026-09-22T07:36:13Z"}
{"dest":"user@localhost","dir":"/srv/kizuna-backup-test","event":"transfer_start","level":"INFO","message":"転送開始","ts":"2026-09-22T07:36:13Z"}
{"dest":"user@localhost","event":"transfer_complete","level":"INFO","message":"転送完了","path":"/srv/kizuna-backup-test/test-backup_20260922_073613.tar.gz","ts":"2026-09-22T07:36:14Z"}
{"event":"rotate_delete","level":"INFO","message":"世代管理で削除: test-backup_20260922_073013.tar.gz","path":"/tmp/kizuna-backups/test-backup_20260922_073013.tar.gz","ts":"2026-09-22T07:36:14Z"}
{"deleted_count":1,"dir":"/tmp/kizuna-backups","event":"rotation_complete","keep":3,"level":"INFO","message":"世代管理完了: 保持数 3 / 削除件数 1","pattern":"test-backup_*.tar.gz","ts":"2026-09-22T07:36:14Z"}
{"event":"remote_rotate_delete","level":"INFO","message":"リモート世代管理で削除: test-backup_20260922_073013.tar.gz","path":"/srv/kizuna-backup-test/test-backup_20260922_073013.tar.gz","ts":"2026-09-22T07:36:14Z"}
{"deleted_count":1,"event":"remote_rotation_complete","keep":3,"level":"INFO","message":"リモート世代管理完了: 保持数 3 / 削除件数 1","pattern":"test-backup_*.tar.gz","remote_dir":"/srv/kizuna-backup-test","ts":"2026-09-22T07:36:14Z"}
{"duration_sec":1.71368994,"event":"success","level":"INFO","message":"バックアップ成功 (所要時間 2s)","size":180,"ts":"2026-09-22T07:36:14Z"}
{"event":"start","level":"INFO","message":"バックアップ開始","mode":"archive","target":"/tmp/test-backup","ts":"2026-09-22T07:38:13Z"}
{"event":"archive_start","level":"INFO","message":"圧縮開始","output":"/tmp/kizuna-backups/test-backup_20260922_073813.tar.gz","target":"/tmp/test-backup","ts":"2026-09-22T07:38:13Z"}
{"event":"archive_complete","level":"INFO","message":"圧縮完了: 180.0 B","path":"/tmp/kizuna-backups/test-backup_20260922_073813.tar.gz","sha256":"d395094d073f8083aa4e6d641192dedc9395c72fd7006415979bfcd597108586","size":180,"ts":"2026-09-22T07:38:13Z"}
{"dest":"user@localhost","dir":"/srv/kizuna-backup-test","event":"transfer_start","level":"INFO","message":"転送開始","ts":"2026-09-22T07:38:13Z"}
{"dest":"user@localhost","event":"transfer_complete","level":"INFO","message":"転送完了","path":"/srv/kizuna-backup-test/test-backup_20260922_073813.tar.gz","ts":"2026-09-22T07:38:14Z"}
{"event":"rotate_delete","level":"INFO","message":"世代管理で削除: test-backup_20260922_073213.tar.gz","path":"/tmp/kizuna-backups/test-backup_20260922_073213.tar.gz","ts":"2026-09-22T07:38:14Z"}
{"deleted_count":1,"dir":"/tmp/kizuna-backups","event":"rotation_complete","keep":3,"level":"INFO","message":"世代管理完了: 保持数 3 / 削除件数 1","pattern":"test-backup_*.tar.gz","ts":"2026-09-22T07:38:14Z"}
{"event":"remote_rotate_delete","level":"INFO","message":"リモート世代管理で削除: test-backup_20260922_073213.tar.gz","path":"/srv/kizuna-backup-test/test-backup_20260922_073213.tar.gz","ts":"2026-09-22T07:38:15Z"}
{"deleted_count":1,"event":"remote_rotation_complete","keep":3,"level":"INFO","message":"リモート世代管理完了: 保持数 3 / 削除件数 1","pattern":"test-backup_*.tar.gz","remote_dir":"/srv/kizuna-backup-test","ts":"2026-09-22T07:38:15Z"}
{"duration_sec":1.735295696,"event":"success","level":"INFO","message":"バックアップ成功 (所要時間 2s)","size":180,"ts":"2026-09-22T07:38:15Z"}
{"event":"start","level":"INFO","message":"バックアップ開始","mode":"archive","target":"/tmp/test-backup","ts":"2026-09-22T07:40:13Z"}
{"event":"archive_start","level":"INFO","message":"圧縮開始","output":"/tmp/kizuna-backups/test-backup_20260922_074013.tar.gz","target":"/tmp/test-backup","ts":"2026-09-22T07:40:13Z"}
{"event":"archive_complete","level":"INFO","message":"圧縮完了: 180.0 B","path":"/tmp/kizuna-backups/test-backup_20260922_074013.tar.gz","sha256":"d395094d073f8083aa4e6d641192dedc9395c72fd7006415979bfcd597108586","size":180,"ts":"2026-09-22T07:40:13Z"}
{"dest":"user@localhost","dir":"/srv/kizuna-backup-test","event":"transfer_start","level":"INFO","message":"転送開始","ts":"2026-09-22T07:40:13Z"}
{"dest":"user@localhost","event":"transfer_complete","level":"INFO","message":"転送完了","path":"/srv/kizuna-backup-test/test-backup_20260922_074013.tar.gz","ts":"2026-09-22T07:40:14Z"}
{"event":"rotate_delete","level":"INFO","message":"世代管理で削除: test-backup_20260922_073413.tar.gz","path":"/tmp/kizuna-backups/test-backup_20260922_073413.tar.gz","ts":"2026-09-22T07:40:14Z"}
{"deleted_count":1,"dir":"/tmp/kizuna-backups","event":"rotation_complete","keep":3,"level":"INFO","message":"世代管理完了: 保持数 3 / 削除件数 1","pattern":"test-backup_*.tar.gz","ts":"2026-09-22T07:40:14Z"}
{"event":"remote_rotate_delete","level":"INFO","message":"リモート世代管理で削除: test-backup_20260922_073413.tar.gz","path":"/srv/kizuna-backup-test/test-backup_20260922_073413.tar.gz","ts":"2026-09-22T07:40:15Z"}
{"deleted_count":1,"event":"remote_rotation_complete","keep":3,"level":"INFO","message":"リモート世代管理完了: 保持数 3 / 削除件数 1","pattern":"test-backup_*.tar.gz","remote_dir":"/srv/kizuna-backup-test","ts":"2026-09-22T07:40:15Z"}
{"duration_sec":1.7557789320000001,"event":"success","level":"INFO","message":"バックアップ成功 (所要時間 2s)","size":180,"ts":"2026-09-22T07:40:15Z"}
{"event":"start","level":"INFO","message":"バックアップ開始","mode":"archive","target":"/tmp/test-backup","ts":"2026-09-22T07:42:13Z"}
{"event":"archive_start","level":"INFO","message":"圧縮開始","output":"/tmp/kizuna-backups/test-backup_20260922_074213.tar.gz","target":"/tmp/test-backup","ts":"2026-09-22T07:42:13Z"}
{"event":"archive_complete","level":"INFO","message":"圧縮完了: 180.0 B","path":"/tmp/kizuna-backups/test-backup_20260922_074213.tar.gz","sha256":"d395094d073f8083aa4e6d641192dedc9395c72fd7006415979bfcd597108586","size":180,"ts":"2026-09-22T07:42:13Z"}
{"dest":"user@localhost","dir":"/srv/kizuna-backup-test","event":"transfer_start","level":"INFO","message":"転送開始","ts":"2026-09-22T07:42:13Z"}
{"dest":"user@localhost","event":"transfer_complete","level":"INFO","message":"転送完了","path":"/srv/kizuna-backup-test/test-backup_20260922_074213.tar.gz","ts":"2026-09-22T07:42:14Z"}
{"event":"rotate_delete","level":"INFO","message":"世代管理で削除: test-backup_20260922_073613.tar.gz","path":"/tmp/kizuna-backups/test-backup_20260922_073613.tar.gz","ts":"2026-09-22T07:42:14Z"}
{"deleted_count":1,"dir":"/tmp/kizuna-backups","event":"rotation_complete","keep":3,"level":"INFO","message":"世代管理完了: 保持数 3 / 削除件数 1","pattern":"test-backup_*.tar.gz","ts":"2026-09-22T07:42:14Z"}
{"event":"remote_rotate_delete","level":"INFO","message":"リモート世代管理で削除: test-backup_20260922_073613.tar.gz","path":"/srv/kizuna-backup-test/test-backup_20260922_073613.tar.gz","ts":"2026-09-22T07:42:15Z"}
{"deleted_count":1,"event":"remote_rotation_complete","keep":3,"level":"INFO","message":"リモート世代管理完了: 保持数 3 / 削除件数 1","pattern":"test-backup_*.tar.gz","remote_dir":"/srv/kizuna-backup-test","ts":"2026-09-22T07:42:15Z"}
{"duration_sec":1.7415646219999998,"event":"success","level":"INFO","message":"バックアップ成功 (所要時間 2s)","size":180,"ts":"2026-09-22T07:42:15Z"}
{"event":"start","level":"INFO","message":"バックアップ開始","mode":"archive","target":"/tmp/test-backup","ts":"2026-09-22T07:44:13Z"}
{"event":"archive_start","level":"INFO","message":"圧縮開始","output":"/tmp/kizuna-backups/test-backup_20260922_074413.tar.gz","target":"/tmp/test-backup","ts":"2026-09-22T07:44:13Z"}
{"event":"archive_complete","level":"INFO","message":"圧縮完了: 180.0 B","path":"/tmp/kizuna-backups/test-backup_20260922_074413.tar.gz","sha256":"d395094d073f8083aa4e6d641192dedc9395c72fd7006415979bfcd597108586","size":180,"ts":"2026-09-22T07:44:13Z"}
{"dest":"user@localhost","dir":"/srv/kizuna-backup-test","event":"transfer_start","level":"INFO","message":"転送開始","ts":"2026-09-22T07:44:13Z"}
{"dest":"user@localhost","event":"transfer_complete","level":"INFO","message":"転送完了","path":"/srv/kizuna-backup-test/test-backup_20260922_074413.tar.gz","ts":"2026-09-22T07:44:14Z"}
{"event":"rotate_delete","level":"INFO","message":"世代管理で削除: test-backup_20260922_073813.tar.gz","path":"/tmp/kizuna-backups/test-backup_20260922_073813.tar.gz","ts":"2026-09-22T07:44:14Z"}
{"deleted_count":1,"dir":"/tmp/kizuna-backups","event":"rotation_complete","keep":3,"level":"INFO","message":"世代管理完了: 保持数 3 / 削除件数 1","pattern":"test-backup_*.tar.gz","ts":"2026-09-22T07:44:14Z"}
{"event":"remote_rotate_delete","level":"INFO","message":"リモート世代管理で削除: test-backup_20260922_073813.tar.gz","path":"/srv/kizuna-backup-test/test-backup_20260922_073813.tar.gz","ts":"2026-09-22T07:44:14Z"}
{"deleted_count":1,"event":"remote_rotation_complete","keep":3,"level":"INFO","message":"リモート世代管理完了: 保持数 3 / 削除件数 1","pattern":"test-backup_*.tar.gz","remote_dir":"/srv/kizuna-backup-test","ts":"2026-09-22T07:44:14Z"}
{"duration_sec":1.7199711610000001,"event":"success","level":"INFO","message":"バックアップ成功 (所要時間 2s)","size":180,"ts":"2026-09-22T07:44:14Z"}
{"event":"start","level":"INFO","message":"バックアップ開始","mode":"archive","target":"/tmp/test-backup","ts":"2026-09-22T07:46:13Z"}
{"event":"archive_start","level":"INFO","message":"圧縮開始","output":"/tmp/kizuna-backups/test-backup_20260922_074613.tar.gz","target":"/tmp/test-backup","ts":"2026-09-22T07:46:13Z"}
{"event":"archive_complete","level":"INFO","message":"圧縮完了: 180.0 B","path":"/tmp/kizuna-backups/test-backup_20260922_074613.tar.gz","sha256":"d395094d073f8083aa4e6d641192dedc9395c72fd7006415979bfcd597108586","size":180,"ts":"2026-09-22T07:46:13Z"}
{"dest":"user@localhost","dir":"/srv/kizuna-backup-test","event":"transfer_start","level":"INFO","message":"転送開始","ts":"2026-09-22T07:46:13Z"}
{"dest":"user@localhost","event":"transfer_complete","level":"INFO","message":"転送完了","path":"/srv/kizuna-backup-test/test-backup_20260922_074613.tar.gz","ts":"2026-09-22T07:46:14Z"}
{"event":"rotate_delete","level":"INFO","message":"世代管理で削除: test-backup_20260922_074013.tar.gz","path":"/tmp/kizuna-backups/test-backup_20260922_074013.tar.gz","ts":"2026-09-22T07:46:14Z"}
{"deleted_count":1,"dir":"/tmp/kizuna-backups","event":"rotation_complete","keep":3,"level":"INFO","message":"世代管理完了: 保持数 3 / 削除件数 1","pattern":"test-backup_*.tar.gz","ts":"2026-09-22T07:46:14Z"}
{"event":"remote_rotate_delete","level":"INFO","message":"リモート世代管理で削除: test-backup_20260922_074013.tar.gz","path":"/srv/kizuna-backup-test/test-backup_20260922_074013.tar.gz","ts":"2026-09-22T07:46:15Z"}
{"deleted_count":1,"event":"remote_rotation_complete","keep":3,"level":"INFO","message":"リモート世代管理完了: 保持数 3 / 削除件数 1","pattern":"test-backup_*.tar.gz","remote_dir":"/srv/kizuna-backup-test","ts":"2026-09-22T07:46:15Z"}
{"duration_sec":1.732296743,"event":"success","level":"INFO","message":"バックアップ成功 (所要時間 2s)","size":180,"ts":"2026-09-22T07:46:15Z"}
{"event":"start","level":"INFO","message":"バックアップ開始","mode":"archive","target":"/tmp/test-backup","ts":"2026-09-22T07:48:13Z"}
{"event":"archive_start","level":"INFO","message":"圧縮開始","output":"/tmp/kizuna-backups/test-backup_20260922_074813.tar.gz","target":"/tmp/test-backup","ts":"2026-09-22T07:48:13Z"}
{"event":"archive_complete","level":"INFO","message":"圧縮完了: 180.0 B","path":"/tmp/kizuna-backups/test-backup_20260922_074813.tar.gz","sha256":"d395094d073f8083aa4e6d641192dedc9395c72fd7006415979bfcd597108586","size":180,"ts":"2026-09-22T07:48:13Z"}
{"dest":"user@localhost","dir":"/srv/kizuna-backup-test","event":"transfer_start","level":"INFO","message":"転送開始","ts":"2026-09-22T07:48:13Z"}
{"dest":"user@localhost","event":"transfer_complete","level":"INFO","message":"転送完了","path":"/srv/kizuna-backup-test/test-backup_20260922_074813.tar.gz","ts":"2026-09-22T07:48:14Z"}
{"event":"rotate_delete","level":"INFO","message":"世代管理で削除: test-backup_20260922_074213.tar.gz","path":"/tmp/kizuna-backups/test-backup_20260922_074213.tar.gz","ts":"2026-09-22T07:48:14Z"}
{"deleted_count":1,"dir":"/tmp/kizuna-backups","event":"rotation_complete","keep":3,"level":"INFO","message":"世代管理完了: 保持数 3 / 削除件数 1","pattern":"test-backup_*.tar.gz","ts":"2026-09-22T07:48:14Z"}
{"event":"remote_rotate_delete","level":"INFO","message":"リモート世代管理で削除: test-backup_20260922_074213.tar.gz","path":"/srv/kizuna-backup-test/test-backup_20260922_074213.tar.gz","ts":"2026-09-22T07:48:15Z"}
{"deleted_count":1,"event":"remote_rotation_complete","keep":3,"level":"INFO","message":"リモート世代管理完了: 保持数 3 / 削除件数 1","pattern":"test-backup_*.tar.gz","remote_dir":"/srv/kizuna-backup-test","ts":"2026-09-22T07:48:15Z"}
{"duration_sec":1.7364596460000001,"event":"success","level":"INFO","message":"バックアップ成功 (所要時間 2s)","size":180,"ts":"2026-09-22T07:48:15Z"}
{"event":"start","level":"INFO","message":"バックアップ開始","mode":"archive","target":"/tmp/test-backup","ts":"2026-09-22T07:50:13Z"}
{"event":"archive_start","level":"INFO","message":"圧縮開始","output":"/tmp/kizuna-backups/test-backup_20260922_075013.tar.gz","target":"/tmp/test-backup","ts":"2026-09-22T07:50:13Z"}
{"event":"archive_complete","level":"INFO","message":"圧縮完了: 180.0 B","path":"/tmp/kizuna-backups/test-backup_20260922_075013.tar.gz","sha256":"d395094d073f8083aa4e6d641192dedc9395c72fd7006415979bfcd597108586","size":180,"ts":"2026-09-22T07:50:13Z"}
{"dest":"user@localhost","dir":"/srv/kizuna-backup-test","event":"transfer_start","level":"INFO","message":"転送開始","ts":"2026-09-22T07:50:13Z"}
{"dest":"user@localhost","event":"transfer_complete","level":"INFO","message":"転送完了","path":"/srv/kizuna-backup-test/test-backup_20260922_075013.tar.gz","ts":"2026-09-22T07:50:14Z"}
{"event":"rotate_delete","level":"INFO","message":"世代管理で削除: test-backup_20260922_074413.tar.gz","path":"/tmp/kizuna-backups/test-backup_20260922_074413.tar.gz","ts":"2026-09-22T07:50:14Z"}
{"deleted_count":1,"dir":"/tmp/kizuna-backups","event":"rotation_complete","keep":3,"level":"INFO","message":"世代管理完了: 保持数 3 / 削除件数 1","pattern":"test-backup_*.tar.gz","ts":"2026-09-22T07:50:14Z"}
{"event":"remote_rotate_delete","level":"INFO","message":"リモート世代管理で削除: test-backup_20260922_074413.tar.gz","path":"/srv/kizuna-backup-test/test-backup_20260922_074413.tar.gz","ts":"2026-09-22T07:50:15Z"}
{"deleted_count":1,"event":"remote_rotation_complete","keep":3,"level":"INFO","message":"リモート世代管理完了: 保持数 3 / 削除件数 1","pattern":"test-backup_*.tar.gz","remote_dir":"/srv/kizuna-backup-test","ts":"2026-09-22T07:50:15Z"}
{"duration_sec":1.747554335,"event":"success","level":"INFO","message":"バックアップ成功 (所要時間 2s)","size":180,"ts":"2026-09-22T07:50:15Z"}
{"event":"start","level":"INFO","message":"バックアップ開始","mode":"archive","target":"/tmp/test-backup","ts":"2026-09-22T07:52:13Z"}
{"event":"archive_start","level":"INFO","message":"圧縮開始","output":"/tmp/kizuna-backups/test-backup_20260922_075213.tar.gz","target":"/tmp/test-backup","ts":"2026-09-22T07:52:13Z"}
{"event":"archive_complete","level":"INFO","message":"圧縮完了: 180.0 B","path":"/tmp/kizuna-backups/test-backup_20260922_075213.tar.gz","sha256":"d395094d073f8083aa4e6d641192dedc9395c72fd7006415979bfcd597108586","size":180,"ts":"2026-09-22T07:52:13Z"}
{"dest":"user@localhost","dir":"/srv/kizuna-backup-test","event":"transfer_start","level":"INFO","message":"転送開始","ts":"2026-09-22T07:52:13Z"}
{"dest":"user@localhost","event":"transfer_complete","level":"INFO","message":"転送完了","path":"/srv/kizuna-backup-test/test-backup_20260922_075213.tar.gz","ts":"2026-09-22T07:52:14Z"}
{"event":"rotate_delete","level":"INFO","message":"世代管理で削除: test-backup_20260922_074613.tar.gz","path":"/tmp/kizuna-backups/test-backup_20260922_074613.tar.gz","ts":"2026-09-22T07:52:14Z"}
{"deleted_count":1,"dir":"/tmp/kizuna-backups","event":"rotation_complete","keep":3,"level":"INFO","message":"世代管理完了: 保持数 3 / 削除件数 1","pattern":"test-backup_*.tar.gz","ts":"2026-09-22T07:52:14Z"}
{"event":"remote_rotate_delete","level":"INFO","message":"リモート世代管理で削除: test-backup_20260922_074613.tar.gz","path":"/srv/kizuna-backup-test/test-backup_20260922_074613.tar.gz","ts":"2026-09-22T07:52:15Z"}
{"deleted_count":1,"event":"remote_rotation_complete","keep":3,"level":"INFO","message":"リモート世代管理完了: 保持数 3 / 削除件数 1","pattern":"test-backup_*.tar.gz","remote_dir":"/srv/kizuna-backup-test","ts":"2026-09-22T07:52:15Z"}
{"duration_sec":1.740747399,"event":"success","level":"INFO","message":"バックアップ成功 (所要時間 2s)","size":180,"ts":"2026-09-22T07:52:15Z"}
{"event":"start","level":"INFO","message":"バックアップ開始","mode":"archive","target":"/tmp/test-backup","ts":"2026-09-22T07:54:13Z"}
{"event":"archive_start","level":"INFO","message":"圧縮開始","output":"/tmp/kizuna-backups/test-backup_20260922_075413.tar.gz","target":"/tmp/test-backup","ts":"2026-09-22T07:54:13Z"}
{"event":"archive_complete","level":"INFO","message":"圧縮完了: 180.0 B","path":"/tmp/kizuna-backups/test-backup_20260922_075413.tar.gz","sha256":"d395094d073f8083aa4e6d641192dedc9395c72fd7006415979bfcd597108586","size":180,"ts":"2026-09-22T07:54:13Z"}
{"dest":"user@localhost","dir":"/srv/kizuna-backup-test","event":"transfer_start","level":"INFO","message":"転送開始","ts":"2026-09-22T07:54:13Z"}
{"dest":"user@localhost","event":"transfer_complete","level":"INFO","message":"転送完了","path":"/srv/kizuna-backup-test/test-backup_20260922_075413.tar.gz","ts":"2026-09-22T07:54:14Z"}
{"event":"rotate_delete","level":"INFO","message":"世代管理で削除: test-backup_20260922_074813.tar.gz","path":"/tmp/kizuna-backups/test-backup_20260922_074813.tar.gz","ts":"2026-09-22T07:54:14Z"}
{"deleted_count":1,"dir":"/tmp/kizuna-backups","event":"rotation_complete","keep":3,"level":"INFO","message":"世代管理完了: 保持数 3 / 削除件数 1","pattern":"test-backup_*.tar.gz","ts":"2026-09-22T07:54:14Z"}
{"event":"remote_rotate_delete","level":"INFO","message":"リモート世代管理で削除: test-backup_20260922_074813.tar.gz","path":"/srv/kizuna-backup-test/test-backup_20260922_074813.tar.gz","ts":"2026-09-22T07:54:15Z"}
{"deleted_count":1,"event":"remote_rotation_complete","keep":3,"level":"INFO","message":"リモート世代管理完了: 保持数 3 / 削除件数 1","pattern":"test-backup_*.tar.gz","remote_dir":"/srv/kizuna-backup-test","ts":"2026-09-22T07:54:15Z"}
{"duration_sec":1.725988803,"event":"success","level":"INFO","message":"バックアップ成功 (所要時間 2s)","size":180,"ts":"2026-09-22T07:54:15Z"}
{"event":"start","level":"INFO","message":"バックアップ開始","mode":"archive","target":"/tmp/test-backup","ts":"2026-09-22T07:56:13Z"}
{"event":"archive_start","level":"INFO","message":"圧縮開始","output":"/tmp/kizuna-backups/test-backup_20260922_075613.tar.gz","target":"/tmp/test-backup","ts":"2026-09-22T07:56:13Z"}
{"event":"archive_complete","level":"INFO","message":"圧縮完了: 180.0 B","path":"/tmp/kizuna-backups/test-backup_20260922_075613.tar.gz","sha256":"d395094d073f8083aa4e6d641192dedc9395c72fd7006415979bfcd597108586","size":180,"ts":"2026-09-22T07:56:13Z"}
{"dest":"user@localhost","dir":"/srv/kizuna-backup-test","event":"transfer_start","level":"INFO","message":"転送開始","ts":"2026-09-22T07:56:13Z"}
{"dest":"user@localhost","event":"transfer_complete","level":"INFO","message":"転送完了","path":"/srv/kizuna-backup-test/test-backup_20260922_075613.tar.gz","ts":"2026-09-22T07:56:14Z"}
{"event":"rotate_delete","level":"INFO","message":"世代管理で削除: test-backup_20260922_075013.tar.gz","path":"/tmp/kizuna-backups/test-backup_20260922_075013.tar.gz","ts":"2026-09-22T07:56:14Z"}
{"deleted_count":1,"dir":"/tmp/kizuna-backups","event":"rotation_complete","keep":3,"level":"INFO","message":"世代管理完了: 保持数 3 / 削除件数 1","pattern":"test-backup_*.tar.gz","ts":"2026-09-22T07:56:14Z"}
{"event":"remote_rotate_delete","level":"INFO","message":"リモート世代管理で削除: test-backup_20260922_075013.tar.gz","path":"/srv/kizuna-backup-test/test-backup_20260922_075013.tar.gz","ts":"2026-09-22T07:56:15Z"}
{"deleted_count":1,"event":"remote_rotation_complete","keep":3,"level":"INFO","message":"リモート世代管理完了: 保持数 3 / 削除件数 1","pattern":"test-backup_*.tar.gz","remote_dir":"/srv/kizuna-backup-test","ts":"2026-09-22T07:56:15Z"}
{"duration_sec":1.738699156,"event":"success","level":"INFO","message":"バックアップ成功 (所要時間 2s)","size":180,"ts":"2026-09-22T07:56:15Z"}
{"event":"start","level":"INFO","message":"バックアップ開始","mode":"archive","target":"/tmp/test-backup","ts":"2026-09-22T07:58:13Z"}
{"event":"archive_start","level":"INFO","message":"圧縮開始","output":"/tmp/kizuna-backups/test-backup_20260922_075813.tar.gz","target":"/tmp/test-backup","ts":"2026-09-22T07:58:13Z"}
{"event":"archive_complete","level":"INFO","message":"圧縮完了: 180.0 B","path":"/tmp/kizuna-backups/test-backup_20260922_075813.tar.gz","sha256":"d395094d073f8083aa4e6d641192dedc9395c72fd7006415979bfcd597108586","size":180,"ts":"2026-09-22T07:58:13Z"}
{"dest":"user@localhost","dir":"/srv/kizuna-backup-test","event":"transfer_start","level":"INFO","message":"転送開始","ts":"2026-09-22T07:58:13Z"}
{"dest":"user@localhost","event":"transfer_complete","level":"INFO","message":"転送完了","path":"/srv/kizuna-backup-test/test-backup_20260922_075813.tar.gz","ts":"2026-09-22T07:58:14Z"}
{"event":"rotate_delete","level":"INFO","message":"世代管理で削除: test-backup_20260922_075213.tar.gz","path":"/tmp/kizuna-backups/test-backup_20260922_075213.tar.gz","ts":"2026-09-22T07:58:14Z"}
{"deleted_count":1,"dir":"/tmp/kizuna-backups","event":"rotation_complete","keep":3,"level":"INFO","message":"世代管理完了: 保持数 3 / 削除件数 1","pattern":"test-backup_*.tar.gz","ts":"2026-09-22T07:58:14Z"}
{"event":"remote_rotate_delete","level":"INFO","message":"リモート世代管理で削除: test-backup_20260922_075213.tar.gz","path":"/srv/kizuna-backup-test/test-backup_20260922_075213.tar.gz","ts":"2026-09-22T07:58:15Z"}
{"deleted_count":1,"event":"remote_rotation_complete","keep":3,"level":"INFO","message":"リモート世代管理完了: 保持数 3 / 削除件数 1","pattern":"test-backup_*.tar.gz","remote_dir":"/srv/kizuna-backup-test","ts":"2026-09-22T07:58:15Z"}
{"duration_sec":1.863676895,"event":"success","level":"INFO","message":"バックアップ成功 (所要時間 2s)","size":180,"ts":"2026-09-22T07:58:15Z"}
{"event":"start","level":"INFO","message":"バックアップ開始","mode":"archive","target":"/tmp/test-backup","ts":"2026-09-22T08:00:13Z"}
{"event":"archive_start","level":"INFO","message":"圧縮開始","output":"/tmp/kizuna-backups/test-backup_20260922_080013.tar.gz","target":"/tmp/test-backup","ts":"2026-09-22T08:00:13Z"}
{"event":"archive_complete","level":"INFO","message":"圧縮完了: 180.0 B","path":"/tmp/kizuna-backups/test-backup_20260922_080013.tar.gz","sha256":"d395094d073f8083aa4e6d641192dedc9395c72fd7006415979bfcd597108586","size":180,"ts":"2026-09-22T08:00:13Z"}
{"dest":"user@localhost","dir":"/srv/kizuna-backup-test","event":"transfer_start","level":"INFO","message":"転送開始","ts":"2026-09-22T08:00:13Z"}
{"dest":"user@localhost","event":"transfer_complete","level":"INFO","message":"転送完了","path":"/srv/kizuna-backup-test/test-backup_20260922_080013.tar.gz","ts":"2026-09-22T08:00:14Z"}
{"event":"rotate_delete","level":"INFO","message":"世代管理で削除: test-backup_20260922_075413.tar.gz","path":"/tmp/kizuna-backups/test-backup_20260922_075413.tar.gz","ts":"2026-09-22T08:00:14Z"}
{"deleted_count":1,"dir":"/tmp/kizuna-backups","event":"rotation_complete","keep":3,"level":"INFO","message":"世代管理完了: 保持数 3 / 削除件数 1","pattern":"test-backup_*.tar.gz","ts":"2026-09-22T08:00:14Z"}
{"event":"remote_rotate_delete","level":"INFO","message":"リモート世代管理で削除: test-backup_20260922_075413.tar.gz","path":"/srv/kizuna-backup-test/test-backup_20260922_075413.tar.gz","ts":"2026-09-22T08:00:15Z"}
{"deleted_count":1,"event":"remote_rotation_complete","keep":3,"level":"INFO","message":"リモート世代管理完了: 保持数 3 / 削除件数 1","pattern":"test-backup_*.tar.gz","remote_dir":"/srv/kizuna-backup-test","ts":"2026-09-22T08:00:15Z"}
{"duration_sec":1.7556397110000002,"event":"success","level":"INFO","message":"バックアップ成功 (所要時間 2s)","size":180,"ts":"2026-09-22T08:00:15Z"}
{"event":"start","level":"INFO","message":"バックアップ開始","mode":"archive","target":"/tmp/test-backup","ts":"2026-09-22T08:02:13Z"}
{"event":"archive_start","level":"INFO","message":"圧縮開始","output":"/tmp/kizuna-backups/test-backup_20260922_080213.tar.gz","target":"/tmp/test-backup","ts":"2026-09-22T08:02:13Z"}
{"event":"archive_complete","level":"INFO","message":"圧縮完了: 180.0 B","path":"/tmp/kizuna-backups/test-backup_20260922_080213.tar.gz","sha256":"d395094d073f8083aa4e6d641192dedc9395c72fd7006415979bfcd597108586","size":180,"ts":"2026-09-22T08:02:13Z"}
{"dest":"user@localhost","dir":"/srv/kizuna-backup-test","event":"transfer_start","level":"INFO","message":"転送開始","ts":"2026-09-22T08:02:13Z"}
{"dest":"user@localhost","event":"transfer_complete","level":"INFO","message":"転送完了","path":"/srv/kizuna-backup-test/test-backup_20260922_080213.tar.gz","ts":"2026-09-22T08:02:14Z"}
{"event":"rotate_delete","level":"INFO","message":"世代管理で削除: test-backup_20260922_075613.tar.gz","path":"/tmp/kizuna-backups/test-backup_20260922_075613.tar.gz","ts":"2026-09-22T08:02:14Z"}
{"deleted_count":1,"dir":"/tmp/kizuna-backups","event":"rotation_complete","keep":3,"level":"INFO","message":"世代管理完了: 保持数 3 / 削除件数 1","pattern":"test-backup_*.tar.gz","ts":"2026-09-22T08:02:14Z"}
{"event":"remote_rotate_delete","level":"INFO","message":"リモート世代管理で削除: test-backup_20260922_075613.tar.gz","path":"/srv/kizuna-backup-test/test-backup_20260922_075613.tar.gz","ts":"2026-09-22T08:02:15Z"}
{"deleted_count":1,"event":"remote_rotation_complete","keep":3,"level":"INFO","message":"リモート世代管理完了: 保持数 3 / 削除件数 1","pattern":"test-backup_*.tar.gz","remote_dir":"/srv/kizuna-backup-test","ts":"2026-09-22T08:02:15Z"}
{"duration_sec":1.7547312659999998,"event":"success","level":"INFO","message":"バックアップ成功 (所要時間 2s)","size":180,"ts":"2026-09-22T08:02:15Z"}
{"event":"start","level":"INFO","message":"バックアップ開始","mode":"archive","target":"/tmp/test-backup","ts":"2026-09-22T08:04:13Z"}
{"event":"archive_start","level":"INFO","message":"圧縮開始","output":"/tmp/kizuna-backups/test-backup_20260922_080413.tar.gz","target":"/tmp/test-backup","ts":"2026-09-22T08:04:13Z"}
{"event":"archive_complete","level":"INFO","message":"圧縮完了: 180.0 B","path":"/tmp/kizuna-backups/test-backup_20260922_080413.tar.gz","sha256":"d395094d073f8083aa4e6d641192dedc9395c72fd7006415979bfcd597108586","size":180,"ts":"2026-09-22T08:04:13Z"}
{"dest":"user@localhost","dir":"/srv/kizuna-backup-test","event":"transfer_start","level":"INFO","message":"転送開始","ts":"2026-09-22T08:04:13Z"}
{"dest":"user@localhost","event":"transfer_complete","level":"INFO","message":"転送完了","path":"/srv/kizuna-backup-test/test-backup_20260922_080413.tar.gz","ts":"2026-09-22T08:04:14Z"}
{"event":"rotate_delete","level":"INFO","message":"世代管理で削除: test-backup_20260922_075813.tar.gz","path":"/tmp/kizuna-backups/test-backup_20260922_075813.tar.gz","ts":"2026-09-22T08:04:14Z"}
{"deleted_count":1,"dir":"/tmp/kizuna-backups","event":"rotation_complete","keep":3,"level":"INFO","message":"世代管理完了: 保持数 3 / 削除件数 1","pattern":"test-backup_*.tar.gz","ts":"2026-09-22T08:04:14Z"}
{"event":"remote_rotate_delete","level":"INFO","message":"リモート世代管理で削除: test-backup_20260922_075813.tar.gz","path":"/srv/kizuna-backup-test/test-backup_20260922_075813.tar.gz","ts":"2026-09-22T08:04:15Z"}
{"deleted_count":1,"event":"remote_rotation_complete","keep":3,"level":"INFO","message":"リモート世代管理完了: 保持数 3 / 削除件数 1","pattern":"test-backup_*.tar.gz","remote_dir":"/srv/kizuna-backup-test","ts":"2026-09-22T08:04:15Z"}
{"duration_sec":1.738545797,"event":"success","level":"INFO","message":"バックアップ成功 (所要時間 2s)","size":180,"ts":"2026-09-22T08:04:15Z"}
{"event":"start","level":"INFO","message":"バックアップ開始","mode":"archive","target":"/tmp/test-backup","ts":"2026-09-22T08:06:13Z"}
{"event":"archive_start","level":"INFO","message":"圧縮開始","output":"/tmp/kizuna-backups/test-backup_20260922_080613.tar.gz","target":"/tmp/test-backup","ts":"2026-09-22T08:06:13Z"}
{"event":"archive_complete","level":"INFO","message":"圧縮完了: 180.0 B","path":"/tmp/kizuna-backups/test-backup_20260922_080613.tar.gz","sha256":"d395094d073f8083aa4e6d641192dedc9395c72fd7006415979bfcd597108586","size":180,"ts":"2026-09-22T08:06:13Z"}
{"dest":"user@localhost","dir":"/srv/kizuna-backup-test","event":"transfer_start","level":"INFO","message":"転送開始","ts":"2026-09-22T08:06:13Z"}
{"dest":"user@localhost","event":"transfer_complete","level":"INFO","message":"転送完了","path":"/srv/kizuna-backup-test/test-backup_20260922_080613.tar.gz","ts":"2026-09-22T08:06:14Z"}
{"event":"rotate_delete","level":"INFO","message":"世代管理で削除: test-backup_20260922_080013.tar.gz","path":"/tmp/kizuna-backups/test-backup_20260922_080013.tar.gz","ts":"2026-09-22T08:06:14Z"}
{"deleted_count":1,"dir":"/tmp/kizuna-backups","event":"rotation_complete","keep":3,"level":"INFO","message":"世代管理完了: 保持数 3 / 削除件数 1","pattern":"test-backup_*.tar.gz","ts":"2026-09-22T08:06:14Z"}
{"event":"remote_rotate_delete","level":"INFO","message":"リモート世代管理で削除: test-backup_20260922_080013.tar.gz","path":"/srv/kizuna-backup-test/test-backup_20260922_080013.tar.gz","ts":"2026-09-22T08:06:15Z"}
{"deleted_count":1,"event":"remote_rotation_complete","keep":3,"level":"INFO","message":"リモート世代管理完了: 保持数 3 / 削除件数 1","pattern":"test-backup_*.tar.gz","remote_dir":"/srv/kizuna-backup-test","ts":"2026-09-22T08:06:15Z"}
{"duration_sec":1.746743936,"event":"success","level":"INFO","message":"バックアップ成功 (所要時間 2s)","size":180,"ts":"2026-09-22T08:06:15Z"}
{"event":"start","level":"INFO","message":"バックアップ開始","mode":"archive","target":"/tmp/test-backup","ts":"2026-09-22T08:08:13Z"}
{"event":"archive_start","level":"INFO","message":"圧縮開始","output":"/tmp/kizuna-backups/test-backup_20260922_080813.tar.gz","target":"/tmp/test-backup","ts":"2026-09-22T08:08:13Z"}
{"event":"archive_complete","level":"INFO","message":"圧縮完了: 180.0 B","path":"/tmp/kizuna-backups/test-backup_20260922_080813.tar.gz","sha256":"d395094d073f8083aa4e6d641192dedc9395c72fd7006415979bfcd597108586","size":180,"ts":"2026-09-22T08:08:13Z"}
{"dest":"user@localhost","dir":"/srv/kizuna-backup-test","event":"transfer_start","level":"INFO","message":"転送開始","ts":"2026-09-22T08:08:13Z"}
{"dest":"user@localhost","event":"transfer_complete","level":"INFO","message":"転送完了","path":"/srv/kizuna-backup-test/test-backup_20260922_080813.tar.gz","ts":"2026-09-22T08:08:14Z"}
{"event":"rotate_delete","level":"INFO","message":"世代管理で削除: test-backup_20260922_080213.tar.gz","path":"/tmp/kizuna-backups/test-backup_20260922_080213.tar.gz","ts":"2026-09-22T08:08:14Z"}
{"deleted_count":1,"dir":"/tmp/kizuna-backups","event":"rotation_complete","keep":3,"level":"INFO","message":"世代管理完了: 保持数 3 / 削除件数 1","pattern":"test-backup_*.tar.gz","ts":"2026-09-22T08:08:14Z"}
{"event":"remote_rotate_delete","level":"INFO","message":"リモート世代管理で削除: test-backup_20260922_080213.tar.gz","path":"/srv/kizuna-backup-test/test-backup_20260922_080213.tar.gz","ts":"2026-09-22T08:08:15Z"}
{"deleted_count":1,"event":"remote_rotation_complete","keep":3,"level":"INFO","message":"リモート世代管理完了: 保持数 3 / 削除件数 1","pattern":"test-backup_*.tar.gz","remote_dir":"/srv/kizuna-backup-test","ts":"2026-09-22T08:08:15Z"}
{"duration_sec":1.746416332,"event":"success","level":"INFO","message":"バックアップ成功 (所要時間 2s)","size":180,"ts":"2026-09-22T08:08:15Z"}
{"event":"start","level":"INFO","message":"バックアップ開始","mode":"archive","target":"/tmp/test-backup","ts":"2026-09-22T08:10:13Z"}
{"event":"archive_start","level":"INFO","message":"圧縮開始","output":"/tmp/kizuna-backups/test-backup_20260922_081013.tar.gz","target":"/tmp/test-backup","ts":"2026-09-22T08:10:13Z"}
{"event":"archive_complete","level":"INFO","message":"圧縮完了: 180.0 B","path":"/tmp/kizuna-backups/test-backup_20260922_081013.tar.gz","sha256":"d395094d073f8083aa4e6d641192dedc9395c72fd7006415979bfcd597108586","size":180,"ts":"2026-09-22T08:10:13Z"}
{"dest":"user@localhost","dir":"/srv/kizuna-backup-test","event":"transfer_start","level":"INFO","message":"転送開始","ts":"2026-09-22T08:10:13Z"}
{"dest":"user@localhost","event":"transfer_complete","level":"INFO","message":"転送完了","path":"/srv/kizuna-backup-test/test-backup_20260922_081013.tar.gz","ts":"2026-09-22T08:10:14Z"}
{"event":"rotate_delete","level":"INFO","message":"世代管理で削除: test-backup_20260922_080413.tar.gz","path":"/tmp/kizuna-backups/test-backup_20260922_080413.tar.gz","ts":"2026-09-22T08:10:14Z"}
{"deleted_count":1,"dir":"/tmp/kizuna-backups","event":"rotation_complete","keep":3,"level":"INFO","message":"世代管理完了: 保持数 3 / 削除件数 1","pattern":"test-backup_*.tar.gz","ts":"2026-09-22T08:10:14Z"}
{"event":"remote_rotate_delete","level":"INFO","message":"リモート世代管理で削除: test-backup_20260922_080413.tar.gz","path":"/srv/kizuna-backup-test/test-backup_20260922_080413.tar.gz","ts":"2026-09-22T08:10:15Z"}
{"deleted_count":1,"event":"remote_rotation_complete","keep":3,"level":"INFO","message":"リモート世代管理完了: 保持数 3 / 削除件数 1","pattern":"test-backup_*.tar.gz","remote_dir":"/srv/kizuna-backup-test","ts":"2026-09-22T08:10:15Z"}
{"duration_sec":1.7326925439999998,"event":"success","level":"INFO","message":"バックアップ成功 (所要時間 2s)","size":180,"ts":"2026-09-22T08:10:15Z"}
{"event":"start","level":"INFO","message":"バックアップ開始","mode":"archive","target":"/tmp/test-backup","ts":"2026-09-22T08:12:13Z"}
{"event":"archive_start","level":"INFO","message":"圧縮開始","output":"/tmp/kizuna-backups/test-backup_20260922_081213.tar.gz","target":"/tmp/test-backup","ts":"2026-09-22T08:12:13Z"}
{"event":"archive_complete","level":"INFO","message":"圧縮完了: 180.0 B","path":"/tmp/kizuna-backups/test-backup_20260922_081213.tar.gz","sha256":"d395094d073f8083aa4e6d641192dedc9395c72fd7006415979bfcd597108586","size":180,"ts":"2026-09-22T08:12:13Z"}
{"dest":"user@localhost","dir":"/srv/kizuna-backup-test","event":"transfer_start","level":"INFO","message":"転送開始","ts":"2026-09-22T08:12:13Z"}
{"dest":"user@localhost","event":"transfer_complete","level":"INFO","message":"転送完了","path":"/srv/kizuna-backup-test/test-backup_20260922_081213.tar.gz","ts":"2026-09-22T08:12:14Z"}
{"event":"rotate_delete","level":"INFO","message":"世代管理で削除: test-backup_20260922_080613.tar.gz","path":"/tmp/kizuna-backups/test-backup_20260922_080613.tar.gz","ts":"2026-09-22T08:12:14Z"}
{"deleted_count":1,"dir":"/tmp/kizuna-backups","event":"rotation_complete","keep":3,"level":"INFO","message":"世代管理完了: 保持数 3 / 削除件数 1","pattern":"test-backup_*.tar.gz","ts":"2026-09-22T08:12:14Z"}
{"event":"remote_rotate_delete","level":"INFO","message":"リモート世代管理で削除: test-backup_20260922_080613.tar.gz","path":"/srv/kizuna-backup-test/test-backup_20260922_080613.tar.gz","ts":"2026-09-22T08:12:15Z"}
{"deleted_count":1,"event":"remote_rotation_complete","keep":3,"level":"INFO","message":"リモート世代管理完了: 保持数 3 / 削除件数 1","pattern":"test-backup_*.tar.gz","remote_dir":"/srv/kizuna-backup-test","ts":"2026-09-22T08:12:15Z"}
{"duration_sec":1.7567742910000002,"event":"success","level":"INFO","message":"バックアップ成功 (所要時間 2s)","size":180,"ts":"2026-09-22T08:12:15Z"}
{"event":"start","level":"INFO","message":"バックアップ開始","mode":"archive","target":"/tmp/test-backup","ts":"2026-09-22T08:14:13Z"}
{"event":"archive_start","level":"INFO","message":"圧縮開始","output":"/tmp/kizuna-backups/test-backup_20260922_081413.tar.gz","target":"/tmp/test-backup","ts":"2026-09-22T08:14:13Z"}
{"event":"archive_complete","level":"INFO","message":"圧縮完了: 180.0 B","path":"/tmp/kizuna-backups/test-backup_20260922_081413.tar.gz","sha256":"d395094d073f8083aa4e6d641192dedc9395c72fd7006415979bfcd597108586","size":180,"ts":"2026-09-22T08:14:13Z"}
{"dest":"user@localhost","dir":"/srv/kizuna-backup-test","event":"transfer_start","level":"INFO","message":"転送開始","ts":"2026-09-22T08:14:13Z"}
{"dest":"user@localhost","event":"transfer_complete","level":"INFO","message":"転送完了","path":"/srv/kizuna-backup-test/test-backup_20260922_081413.tar.gz","ts":"2026-09-22T08:14:13Z"}
{"event":"rotate_delete","level":"INFO","message":"世代管理で削除: test-backup_20260922_080813.tar.gz","path":"/tmp/kizuna-backups/test-backup_20260922_080813.tar.gz","ts":"2026-09-22T08:14:13Z"}
{"deleted_count":1,"dir":"/tmp/kizuna-backups","event":"rotation_complete","keep":3,"level":"INFO","message":"世代管理完了: 保持数 3 / 削除件数 1","pattern":"test-backup_*.tar.gz","ts":"2026-09-22T08:14:13Z"}
{"event":"remote_rotate_delete","level":"INFO","message":"リモート世代管理で削除: test-backup_20260922_080813.tar.gz","path":"/srv/kizuna-backup-test/test-backup_20260922_080813.tar.gz","ts":"2026-09-22T08:14:14Z"}
{"deleted_count":1,"event":"remote_rotation_complete","keep":3,"level":"INFO","message":"リモート世代管理完了: 保持数 3 / 削除件数 1","pattern":"test-backup_*.tar.gz","remote_dir":"/srv/kizuna-backup-test","ts":"2026-09-22T08:14:14Z"}
{"duration_sec":1.179400751,"event":"success","level":"INFO","message":"バックアップ成功 (所要時間 1s)","size":180,"ts":"2026-09-22T08:14:14Z"}
{"event":"start","level":"INFO","message":"バックアップ開始","mode":"archive","target":"/tmp/test-backup","ts":"2026-09-22T08:16:13Z"}
{"event":"archive_start","level":"INFO","message":"圧縮開始","output":"/tmp/kizuna-backups/test-backup_20260922_081613.tar.gz","target":"/tmp/test-backup","ts":"2026-09-22T08:16:13Z"}
{"event":"archive_complete","level":"INFO","message":"圧縮完了: 180.0 B","path":"/tmp/kizuna-backups/test-backup_20260922_081613.tar.gz","sha256":"d395094d073f8083aa4e6d641192dedc9395c72fd7006415979bfcd597108586","size":180,"ts":"2026-09-22T08:16:13Z"}
{"dest":"user@localhost","dir":"/srv/kizuna-backup-test","event":"transfer_start","level":"INFO","message":"転送開始","ts":"2026-09-22T08:16:13Z"}
{"dest":"user@localhost","event":"transfer_complete","level":"INFO","message":"転送完了","path":"/srv/kizuna-backup-test/test-backup_20260922_081613.tar.gz","ts":"2026-09-22T08:16:14Z"}
{"event":"rotate_delete","level":"INFO","message":"世代管理で削除: test-backup_20260922_081013.tar.gz","path":"/tmp/kizuna-backups/test-backup_20260922_081013.tar.gz","ts":"2026-09-22T08:16:14Z"}
{"deleted_count":1,"dir":"/tmp/kizuna-backups","event":"rotation_complete","keep":3,"level":"INFO","message":"世代管理完了: 保持数 3 / 削除件数 1","pattern":"test-backup_*.tar.gz","ts":"2026-09-22T08:16:14Z"}
{"event":"remote_rotate_delete","level":"INFO","message":"リモート世代管理で削除: test-backup_20260922_081013.tar.gz","path":"/srv/kizuna-backup-test/test-backup_20260922_081013.tar.gz","ts":"2026-09-22T08:16:15Z"}
{"deleted_count":1,"event":"remote_rotation_complete","keep":3,"level":"INFO","message":"リモート世代管理完了: 保持数 3 / 削除件数 1","pattern":"test-backup_*.tar.gz","remote_dir":"/srv/kizuna-backup-test","ts":"2026-09-22T08:16:15Z"}
{"duration_sec":1.7464622410000001,"event":"success","level":"INFO","message":"バックアップ成功 (所要時間 2s)","size":180,"ts":"2026-09-22T08:16:15Z"}
{"event":"start","level":"INFO","message":"バックアップ開始","mode":"archive","target":"/tmp/test-backup","ts":"2026-09-22T08:18:13Z"}
{"event":"archive_start","level":"INFO","message":"圧縮開始","output":"/tmp/kizuna-backups/test-backup_20260922_081813.tar.gz","target":"/tmp/test-backup","ts":"2026-09-22T08:18:13Z"}
{"event":"archive_complete","level":"INFO","message":"圧縮完了: 180.0 B","path":"/tmp/kizuna-backups/test-backup_20260922_081813.tar.gz","sha256":"d395094d073f8083aa4e6d641192dedc9395c72fd7006415979bfcd597108586","size":180,"ts":"2026-09-22T08:18:13Z"}
{"dest":"user@localhost","dir":"/srv/kizuna-backup-test","event":"transfer_start","level":"INFO","message":"転送開始","ts":"2026-09-22T08:18:13Z"}
{"dest":"user@localhost","event":"transfer_complete","level":"INFO","message":"転送完了","path":"/srv/kizuna-backup-test/test-backup_20260922_081813.tar.gz","ts":"2026-09-22T08:18:14Z"}
{"event":"rotate_delete","level":"INFO","message":"世代管理で削除: test-backup_20260922_081213.tar.gz","path":"/tmp/kizuna-backups/test-backup_20260922_081213.tar.gz","ts":"2026-09-22T08:18:14Z"}
{"deleted_count":1,"dir":"/tmp/kizuna-backups","event":"rotation_complete","keep":3,"level":"INFO","message":"世代管理完了: 保持数 3 / 削除件数 1","pattern":"test-backup_*.tar.gz","ts":"2026-09-22T08:18:14Z"}
{"event":"remote_rotate_delete","level":"INFO","message":"リモート世代管理で削除: test-backup_20260922_081213.tar.gz","path":"/srv/kizuna-backup-test/test-backup_20260922_081213.tar.gz","ts":"2026-09-22T08:18:15Z"}
{"deleted_count":1,"event":"remote_rotation_complete","keep":3,"level":"INFO","message":"リモート世代管理完了: 保持数 3 / 削除件数 1","pattern":"test-backup_*.tar.gz","remote_dir":"/srv/kizuna-backup-test","ts":"2026-09-22T08:18:15Z"}
{"duration_sec":1.758566814,"event":"success","level":"INFO","message":"バックアップ成功 (所要時間 2s)","size":180,"ts":"2026-09-22T08:18:15Z"}
{"event":"start","level":"INFO","message":"バックアップ開始","mode":"archive","target":"/tmp/test-backup","ts":"2026-09-22T08:20:13Z"}
{"event":"archive_start","level":"INFO","message":"圧縮開始","output":"/tmp/kizuna-backups/test-backup_20260922_082013.tar.gz","target":"/tmp/test-backup","ts":"2026-09-22T08:20:13Z"}
{"event":"archive_complete","level":"INFO","message":"圧縮完了: 180.0 B","path":"/tmp/kizuna-backups/test-backup_20260922_082013.tar.gz","sha256":"d395094d073f8083aa4e6d641192dedc9395c72fd7006415979bfcd597108586","size":180,"ts":"2026-09-22T08:20:13Z"}
{"dest":"user@localhost","dir":"/srv/kizuna-backup-test","event":"transfer_start","level":"INFO","message":"転送開始","ts":"2026-09-22T08:20:13Z"}
{"dest":"user@localhost","event":"transfer_complete","level":"INFO","message":"転送完了","path":"/srv/kizuna-backup-test/test-backup_20260922_082013.tar.gz","ts":"2026-09-22T08:20:14Z"}
{"event":"rotate_delete","level":"INFO","message":"世代管理で削除: test-backup_20260922_081413.tar.gz","path":"/tmp/kizuna-backups/test-backup_20260922_081413.tar.gz","ts":"2026-09-22T08:20:14Z"}
{"deleted_count":1,"dir":"/tmp/kizuna-backups","event":"rotation_complete","keep":3,"level":"INFO","message":"世代管理完了: 保持数 3 / 削除件数 1","pattern":"test-backup_*.tar.gz","ts":"2026-09-22T08:20:14Z"}
{"event":"remote_rotate_delete","level":"INFO","message":"リモート世代管理で削除: test-backup_20260922_081413.tar.gz","path":"/srv/kizuna-backup-test/test-backup_20260922_081413.tar.gz","ts":"2026-09-22T08:20:15Z"}
{"deleted_count":1,"event":"remote_rotation_complete","keep":3,"level":"INFO","message":"リモート世代管理完了: 保持数 3 / 削除件数 1","pattern":"test-backup_*.tar.gz","remote_dir":"/srv/kizuna-backup-test","ts":"2026-09-22T08:20:15Z"}
{"duration_sec":1.75439009,"event":"success","level":"INFO","message":"バックアップ成功 (所要時間 2s)","size":180,"ts":"2026-09-22T08:20:15Z"}
{"event":"start","level":"INFO","message":"バックアップ開始","mode":"archive","target":"/tmp/test-backup","ts":"2026-09-22T08:22:13Z"}
{"event":"archive_start","level":"INFO","message":"圧縮開始","output":"/tmp/kizuna-backups/test-backup_20260922_082213.tar.gz","target":"/tmp/test-backup","ts":"2026-09-22T08:22:13Z"}
{"event":"archive_complete","level":"INFO","message":"圧縮完了: 180.0 B","path":"/tmp/kizuna-backups/test-backup_20260922_082213.tar.gz","sha256":"d395094d073f8083aa4e6d641192dedc9395c72fd7006415979bfcd597108586","size":180,"ts":"2026-09-22T08:22:13Z"}
{"dest":"user@localhost","dir":"/srv/kizuna-backup-test","event":"transfer_start","level":"INFO","message":"転送開始","ts":"2026-09-22T08:22:13Z"}
{"dest":"user@localhost","event":"transfer_complete","level":"INFO","message":"転送完了","path":"/srv/kizuna-backup-test/test-backup_20260922_082213.tar.gz","ts":"2026-09-22T08:22:14Z"}
{"event":"rotate_delete","level":"INFO","message":"世代管理で削除: test-backup_20260922_081613.tar.gz","path":"/tmp/kizuna-backups/test-backup_20260922_081613.tar.gz","ts":"2026-09-22T08:22:14Z"}
{"deleted_count":1,"dir":"/tmp/kizuna-backups","event":"rotation_complete","keep":3,"level":"INFO","message":"世代管理完了: 保持数 3 / 削除件数 1","pattern":"test-backup_*.tar.gz","ts":"2026-09-22T08:22:14Z"}
{"event":"remote_rotate_delete","level":"INFO","message":"リモート世代管理で削除: test-backup_20260922_081613.tar.gz","path":"/srv/kizuna-backup-test/test-backup_20260922_081613.tar.gz","ts":"2026-09-22T08:22:15Z"}
{"deleted_count":1,"event":"remote_rotation_complete","keep":3,"level":"INFO","message":"リモート世代管理完了: 保持数 3 / 削除件数 1","pattern":"test-backup_*.tar.gz","remote_dir":"/srv/kizuna-backup-test","ts":"2026-09-22T08:22:15Z"}
{"duration_sec":1.773260292,"event":"success","level":"INFO","message":"バックアップ成功 (所要時間 2s)","size":180,"ts":"2026-09-22T08:22:15Z"}
{"event":"start","level":"INFO","message":"バックアップ開始","mode":"archive","target":"/tmp/test-backup","ts":"2026-09-22T08:24:13Z"}
{"event":"archive_start","level":"INFO","message":"圧縮開始","output":"/tmp/kizuna-backups/test-backup_20260922_082413.tar.gz","target":"/tmp/test-backup","ts":"2026-09-22T08:24:13Z"}
{"event":"archive_complete","level":"INFO","message":"圧縮完了: 180.0 B","path":"/tmp/kizuna-backups/test-backup_20260922_082413.tar.gz","sha256":"d395094d073f8083aa4e6d641192dedc9395c72fd7006415979bfcd597108586","size":180,"ts":"2026-09-22T08:24:13Z"}
{"dest":"user@localhost","dir":"/srv/kizuna-backup-test","event":"transfer_start","level":"INFO","message":"転送開始","ts":"2026-09-22T08:24:13Z"}
{"dest":"user@localhost","event":"transfer_complete","level":"INFO","message":"転送完了","path":"/srv/kizuna-backup-test/test-backup_20260922_082413.tar.gz","ts":"2026-09-22T08:24:14Z"}
{"event":"rotate_delete","level":"INFO","message":"世代管理で削除: test-backup_20260922_081813.tar.gz","path":"/tmp/kizuna-backups/test-backup_20260922_081813.tar.gz","ts":"2026-09-22T08:24:14Z"}
{"deleted_count":1,"dir":"/tmp/kizuna-backups","event":"rotation_complete","keep":3,"level":"INFO","message":"世代管理完了: 保持数 3 / 削除件数 1","pattern":"test-backup_*.tar.gz","ts":"2026-09-22T08:24:14Z"}
{"event":"remote_rotate_delete","level":"INFO","message":"リモート世代管理で削除: test-backup_20260922_081813.tar.gz","path":"/srv/kizuna-backup-test/test-backup_20260922_081813.tar.gz","ts":"2026-09-22T08:24:15Z"}
{"deleted_count":1,"event":"remote_rotation_complete","keep":3,"level":"INFO","message":"リモート世代管理完了: 保持数 3 / 削除件数 1","pattern":"test-backup_*.tar.gz","remote_dir":"/srv/kizuna-backup-test","ts":"2026-09-22T08:24:15Z"}
{"duration_sec":1.750037874,"event":"success","level":"INFO","message":"バックアップ成功 (所要時間 2s)","size":180,"ts":"2026-09-22T08:24:15Z"}
{"event":"start","level":"INFO","message":"バックアップ開始","mode":"archive","target":"/tmp/test-backup","ts":"2026-09-22T08:26:13Z"}
{"event":"archive_start","level":"INFO","message":"圧縮開始","output":"/tmp/kizuna-backups/test-backup_20260922_082613.tar.gz","target":"/tmp/test-backup","ts":"2026-09-22T08:26:13Z"}
{"event":"archive_complete","level":"INFO","message":"圧縮完了: 180.0 B","path":"/tmp/kizuna-backups/test-backup_20260922_082613.tar.gz","sha256":"d395094d073f8083aa4e6d641192dedc9395c72fd7006415979bfcd597108586","size":180,"ts":"2026-09-22T08:26:13Z"}
{"dest":"user@localhost","dir":"/srv/kizuna-backup-test","event":"transfer_start","level":"INFO","message":"転送開始","ts":"2026-09-22T08:26:13Z"}
{"dest":"user@localhost","event":"transfer_complete","level":"INFO","message":"転送完了","path":"/srv/kizuna-backup-test/test-backup_20260922_082613.tar.gz","ts":"2026-09-22T08:26:14Z"}
{"event":"rotate_delete","level":"INFO","message":"世代管理で削除: test-backup_20260922_082013.tar.gz","path":"/tmp/kizuna-backups/test-backup_20260922_082013.tar.gz","ts":"2026-09-22T08:26:14Z"}
{"deleted_count":1,"dir":"/tmp/kizuna-backups","event":"rotation_complete","keep":3,"level":"INFO","message":"世代管理完了: 保持数 3 / 削除件数 1","pattern":"test-backup_*.tar.gz","ts":"2026-09-22T08:26:14Z"}
{"event":"remote_rotate_delete","level":"INFO","message":"リモート世代管理で削除: test-backup_20260922_082013.tar.gz","path":"/srv/kizuna-backup-test/test-backup_20260922_082013.tar.gz","ts":"2026-09-22T08:26:15Z"}
{"deleted_count":1,"event":"remote_rotation_complete","keep":3,"level":"INFO","message":"リモート世代管理完了: 保持数 3 / 削除件数 1","pattern":"test-backup_*.tar.gz","remote_dir":"/srv/kizuna-backup-test","ts":"2026-09-22T08:26:15Z"}
{"duration_sec":1.7503435870000001,"event":"success","level":"INFO","message":"バックアップ成功 (所要時間 2s)","size":180,"ts":"2026-09-22T08:26:15Z"}
{"event":"start","level":"INFO","message":"バックアップ開始","mode":"archive","target":"/tmp/test-backup","ts":"2026-09-22T08:28:13Z"}
{"event":"archive_start","level":"INFO","message":"圧縮開始","output":"/tmp/kizuna-backups/test-backup_20260922_082813.tar.gz","target":"/tmp/test-backup","ts":"2026-09-22T08:28:13Z"}
{"event":"archive_complete","level":"INFO","message":"圧縮完了: 180.0 B","path":"/tmp/kizuna-backups/test-backup_20260922_082813.tar.gz","sha256":"d395094d073f8083aa4e6d641192dedc9395c72fd7006415979bfcd597108586","size":180,"ts":"2026-09-22T08:28:13Z"}
{"dest":"user@localhost","dir":"/srv/kizuna-backup-test","event":"transfer_start","level":"INFO","message":"転送開始","ts":"2026-09-22T08:28:13Z"}
{"dest":"user@localhost","event":"transfer_complete","level":"INFO","message":"転送完了","path":"/srv/kizuna-backup-test/test-backup_20260922_082813.tar.gz","ts":"2026-09-22T08:28:14Z"}
{"event":"rotate_delete","level":"INFO","message":"世代管理で削除: test-backup_20260922_082213.tar.gz","path":"/tmp/kizuna-backups/test-backup_20260922_082213.tar.gz","ts":"2026-09-22T08:28:14Z"}
{"deleted_count":1,"dir":"/tmp/kizuna-backups","event":"rotation_complete","keep":3,"level":"INFO","message":"世代管理完了: 保持数 3 / 削除件数 1","pattern":"test-backup_*.tar.gz","ts":"2026-09-22T08:28:14Z"}
{"event":"remote_rotate_delete","level":"INFO","message":"リモート世代管理で削除: test-backup_20260922_082213.tar.gz","path":"/srv/kizuna-backup-test/test-backup_20260922_082213.tar.gz","ts":"2026-09-22T08:28:15Z"}
{"deleted_count":1,"event":"remote_rotation_complete","keep":3,"level":"INFO","message":"リモート世代管理完了: 保持数 3 / 削除件数 1","pattern":"test-backup_*.tar.gz","remote_dir":"/srv/kizuna-backup-test","ts":"2026-09-22T08:28:15Z"}
{"duration_sec":1.732042457,"event":"success","level":"INFO","message":"バックアップ成功 (所要時間 2s)","size":180,"ts":"2026-09-22T08:28:15Z"}
{"event":"start","level":"INFO","message":"バックアップ開始","mode":"archive","target":"/tmp/test-backup","ts":"2026-09-22T08:30:13Z"}
{"event":"archive_start","level":"INFO","message":"圧縮開始","output":"/tmp/kizuna-backups/test-backup_20260922_083013.tar.gz","target":"/tmp/test-backup","ts":"2026-09-22T08:30:13Z"}
{"event":"archive_complete","level":"INFO","message":"圧縮完了: 180.0 B","path":"/tmp/kizuna-backups/test-backup_20260922_083013.tar.gz","sha256":"d395094d073f8083aa4e6d641192dedc9395c72fd7006415979bfcd597108586","size":180,"ts":"2026-09-22T08:30:13Z"}
{"dest":"user@localhost","dir":"/srv/kizuna-backup-test","event":"transfer_start","level":"INFO","message":"転送開始","ts":"2026-09-22T08:30:13Z"}
{"dest":"user@localhost","event":"transfer_complete","level":"INFO","message":"転送完了","path":"/srv/kizuna-backup-test/test-backup_20260922_083013.tar.gz","ts":"2026-09-22T08:30:14Z"}
{"event":"rotate_delete","level":"INFO","message":"世代管理で削除: test-backup_20260922_082413.tar.gz","path":"/tmp/kizuna-backups/test-backup_20260922_082413.tar.gz","ts":"2026-09-22T08:30:14Z"}
{"deleted_count":1,"dir":"/tmp/kizuna-backups","event":"rotation_complete","keep":3,"level":"INFO","message":"世代管理完了: 保持数 3 / 削除件数 1","pattern":"test-backup_*.tar.gz","ts":"2026-09-22T08:30:14Z"}
{"event":"remote_rotate_delete","level":"INFO","message":"リモート世代管理で削除: test-backup_20260922_082413.tar.gz","path":"/srv/kizuna-backup-test/test-backup_20260922_082413.tar.gz","ts":"2026-09-22T08:30:15Z"}
{"deleted_count":1,"event":"remote_rotation_complete","keep":3,"level":"INFO","message":"リモート世代管理完了: 保持数 3 / 削除件数 1","pattern":"test-backup_*.tar.gz","remote_dir":"/srv/kizuna-backup-test","ts":"2026-09-22T08:30:15Z"}
{"duration_sec":1.7381726130000001,"event":"success","level":"INFO","message":"バックアップ成功 (所要時間 2s)","size":180,"ts":"2026-09-22T08:30:15Z"}
{"event":"start","level":"INFO","message":"バックアップ開始","mode":"archive","target":"/tmp/test-backup","ts":"2026-09-22T08:32:13Z"}
{"event":"archive_start","level":"INFO","message":"圧縮開始","output":"/tmp/kizuna-backups/test-backup_20260922_083213.tar.gz","target":"/tmp/test-backup","ts":"2026-09-22T08:32:13Z"}
{"event":"archive_complete","level":"INFO","message":"圧縮完了: 180.0 B","path":"/tmp/kizuna-backups/test-backup_20260922_083213.tar.gz","sha256":"d395094d073f8083aa4e6d641192dedc9395c72fd7006415979bfcd597108586","size":180,"ts":"2026-09-22T08:32:13Z"}
{"dest":"user@localhost","dir":"/srv/kizuna-backup-test","event":"transfer_start","level":"INFO","message":"転送開始","ts":"2026-09-22T08:32:13Z"}
{"dest":"user@localhost","event":"transfer_complete","level":"INFO","message":"転送完了","path":"/srv/kizuna-backup-test/test-backup_20260922_083213.tar.gz","ts":"2026-09-22T08:32:14Z"}
{"event":"rotate_delete","level":"INFO","message":"世代管理で削除: test-backup_20260922_082613.tar.gz","path":"/tmp/kizuna-backups/test-backup_20260922_082613.tar.gz","ts":"2026-09-22T08:32:14Z"}
{"deleted_count":1,"dir":"/tmp/kizuna-backups","event":"rotation_complete","keep":3,"level":"INFO","message":"世代管理完了: 保持数 3 / 削除件数 1","pattern":"test-backup_*.tar.gz","ts":"2026-09-22T08:32:14Z"}
{"event":"remote_rotate_delete","level":"INFO","message":"リモート世代管理で削除: test-backup_20260922_082613.tar.gz","path":"/srv/kizuna-backup-test/test-backup_20260922_082613.tar.gz","ts":"2026-09-22T08:32:14Z"}
{"deleted_count":1,"event":"remote_rotation_complete","keep":3,"level":"INFO","message":"リモート世代管理完了: 保持数 3 / 削除件数 1","pattern":"test-backup_*.tar.gz","remote_dir":"/srv/kizuna-backup-test","ts":"2026-09-22T08:32:14Z"}
{"duration_sec":1.70687068,"event":"success","level":"INFO","message":"バックアップ成功 (所要時間 2s)","size":180,"ts":"2026-09-22T08:32:14Z"}
{"event":"start","level":"INFO","message":"バックアップ開始","mode":"archive","target":"/tmp/test-backup","ts":"2026-09-22T08:34:13Z"}
{"event":"archive_start","level":"INFO","message":"圧縮開始","output":"/tmp/kizuna-backups/test-backup_20260922_083413.tar.gz","target":"/tmp/test-backup","ts":"2026-09-22T08:34:13Z"}
{"event":"archive_complete","level":"INFO","message":"圧縮完了: 180.0 B","path":"/tmp/kizuna-backups/test-backup_20260922_083413.tar.gz","sha256":"d395094d073f8083aa4e6d641192dedc9395c72fd7006415979bfcd597108586","size":180,"ts":"2026-09-22T08:34:13Z"}
{"dest":"user@localhost","dir":"/srv/kizuna-backup-test","event":"transfer_start","level":"INFO","message":"転送開始","ts":"2026-09-22T08:34:13Z"}
{"dest":"user@localhost","event":"transfer_complete","level":"INFO","message":"転送完了","path":"/srv/kizuna-backup-test/test-backup_20260922_083413.tar.gz","ts":"2026-09-22T08:34:14Z"}
{"event":"rotate_delete","level":"INFO","message":"世代管理で削除: test-backup_20260922_082813.tar.gz","path":"/tmp/kizuna-backups/test-backup_20260922_082813.tar.gz","ts":"2026-09-22T08:34:14Z"}
{"deleted_count":1,"dir":"/tmp/kizuna-backups","event":"rotation_complete","keep":3,"level":"INFO","message":"世代管理完了: 保持数 3 / 削除件数 1","pattern":"test-backup_*.tar.gz","ts":"2026-09-22T08:34:14Z"}
{"event":"remote_rotate_delete","level":"INFO","message":"リモート世代管理で削除: test-backup_20260922_082813.tar.gz","path":"/srv/kizuna-backup-test/test-backup_20260922_082813.tar.gz","ts":"2026-09-22T08:34:15Z"}
{"deleted_count":1,"event":"remote_rotation_complete","keep":3,"level":"INFO","message":"リモート世代管理完了: 保持数 3 / 削除件数 1","pattern":"test-backup_*.tar.gz","remote_dir":"/srv/kizuna-backup-test","ts":"2026-09-22T08:34:15Z"}
{"duration_sec":1.745871594,"event":"success","level":"INFO","message":"バックアップ成功 (所要時間 2s)","size":180,"ts":"2026-09-22T08:34:15Z"}
{"event":"start","level":"INFO","message":"バックアップ開始","mode":"archive","target":"/tmp/test-backup","ts":"2026-09-22T08:36:13Z"}
{"event":"archive_start","level":"INFO","message":"圧縮開始","output":"/tmp/kizuna-backups/test-backup_20260922_083613.tar.gz","target":"/tmp/test-backup","ts":"2026-09-22T08:36:13Z"}
{"event":"archive_complete","level":"INFO","message":"圧縮完了: 180.0 B","path":"/tmp/kizuna-backups/test-backup_20260922_083613.tar.gz","sha256":"d395094d073f8083aa4e6d641192dedc9395c72fd7006415979bfcd597108586","size":180,"ts":"2026-09-22T08:36:13Z"}
{"dest":"user@localhost","dir":"/srv/kizuna-backup-test","event":"transfer_start","level":"INFO","message":"転送開始","ts":"2026-09-22T08:36:13Z"}
{"dest":"user@localhost","event":"transfer_complete","level":"INFO","message":"転送完了","path":"/srv/kizuna-backup-test/test-backup_20260922_083613.tar.gz","ts":"2026-09-22T08:36:14Z"}
{"event":"rotate_delete","level":"INFO","message":"世代管理で削除: test-backup_20260922_083013.tar.gz","path":"/tmp/kizuna-backups/test-backup_20260922_083013.tar.gz","ts":"2026-09-22T08:36:14Z"}
{"deleted_count":1,"dir":"/tmp/kizuna-backups","event":"rotation_complete","keep":3,"level":"INFO","message":"世代管理完了: 保持数 3 / 削除件数 1","pattern":"test-backup_*.tar.gz","ts":"2026-09-22T08:36:14Z"}
{"event":"remote_rotate_delete","level":"INFO","message":"リモート世代管理で削除: test-backup_20260922_083013.tar.gz","path":"/srv/kizuna-backup-test/test-backup_20260922_083013.tar.gz","ts":"2026-09-22T08:36:15Z"}
{"deleted_count":1,"event":"remote_rotation_complete","keep":3,"level":"INFO","message":"リモート世代管理完了: 保持数 3 / 削除件数 1","pattern":"test-backup_*.tar.gz","remote_dir":"/srv/kizuna-backup-test","ts":"2026-09-22T08:36:15Z"}
{"duration_sec":1.740327449,"event":"success","level":"INFO","message":"バックアップ成功 (所要時間 2s)","size":180,"ts":"2026-09-22T08:36:15Z"}
{"event":"start","level":"INFO","message":"バックアップ開始","mode":"archive","target":"/tmp/test-backup","ts":"2026-09-22T08:38:13Z"}
{"event":"archive_start","level":"INFO","message":"圧縮開始","output":"/tmp/kizuna-backups/test-backup_20260922_083813.tar.gz","target":"/tmp/test-backup","ts":"2026-09-22T08:38:13Z"}
{"event":"archive_complete","level":"INFO","message":"圧縮完了: 180.0 B","path":"/tmp/kizuna-backups/test-backup_20260922_083813.tar.gz","sha256":"d395094d073f8083aa4e6d641192dedc9395c72fd7006415979bfcd597108586","size":180,"ts":"2026-09-22T08:38:13Z"}
{"dest":"user@localhost","dir":"/srv/kizuna-backup-test","event":"transfer_start","level":"INFO","message":"転送開始","ts":"2026-09-22T08:38:13Z"}
{"dest":"user@localhost","event":"transfer_complete","level":"INFO","message":"転送完了","path":"/srv/kizuna-backup-test/test-backup_20260922_083813.tar.gz","ts":"2026-09-22T08:38:14Z"}
{"event":"rotate_delete","level":"INFO","message":"世代管理で削除: test-backup_20260922_083213.tar.gz","path":"/tmp/kizuna-backups/test-backup_20260922_083213.tar.gz","ts":"2026-09-22T08:38:14Z"}
{"deleted_count":1,"dir":"/tmp/kizuna-backups","event":"rotation_complete","keep":3,"level":"INFO","message":"世代管理完了: 保持数 3 / 削除件数 1","pattern":"test-backup_*.tar.gz","ts":"2026-09-22T08:38:14Z"}
{"event":"remote_rotate_delete","level":"INFO","message":"リモート世代管理で削除: test-backup_20260922_083213.tar.gz","path":"/srv/kizuna-backup-test/test-backup_20260922_083213.tar.gz","ts":"2026-09-22T08:38:15Z"}
{"deleted_count":1,"event":"remote_rotation_complete","keep":3,"level":"INFO","message":"リモート世代管理完了: 保持数 3 / 削除件数 1","pattern":"test-backup_*.tar.gz","remote_dir":"/srv/kizuna-backup-test","ts":"2026-09-22T08:38:15Z"}
{"duration_sec":1.72902483,"event":"success","level":"INFO","message":"バックアップ成功 (所要時間 2s)","size":180,"ts":"2026-09-22T08:38:15Z"}
{"event":"start","level":"INFO","message":"バックアップ開始","mode":"archive","target":"/tmp/test-backup","ts":"2026-09-22T08:40:13Z"}
{"event":"archive_start","level":"INFO","message":"圧縮開始","output":"/tmp/kizuna-backups/test-backup_20260922_084013.tar.gz","target":"/tmp/test-backup","ts":"2026-09-22T08:40:13Z"}
{"event":"archive_complete","level":"INFO","message":"圧縮完了: 180.0 B","path":"/tmp/kizuna-backups/test-backup_20260922_084013.tar.gz","sha256":"d395094d073f8083aa4e6d641192dedc9395c72fd7006415979bfcd597108586","size":180,"ts":"2026-09-22T08:40:13Z"}
{"dest":"user@localhost","dir":"/srv/kizuna-backup-test","event":"transfer_start","level":"INFO","message":"転送開始","ts":"2026-09-22T08:40:13Z"}
{"dest":"user@localhost","event":"transfer_complete","level":"INFO","message":"転送完了","path":"/srv/kizuna-backup-test/test-backup_20260922_084013.tar.gz","ts":"2026-09-22T08:40:14Z"}
{"event":"rotate_delete","level":"INFO","message":"世代管理で削除: test-backup_20260922_083413.tar.gz","path":"/tmp/kizuna-backups/test-backup_20260922_083413.tar.gz","ts":"2026-09-22T08:40:14Z"}
{"deleted_count":1,"dir":"/tmp/kizuna-backups","event":"rotation_complete","keep":3,"level":"INFO","message":"世代管理完了: 保持数 3 / 削除件数 1","pattern":"test-backup_*.tar.gz","ts":"2026-09-22T08:40:14Z"}
{"event":"remote_rotate_delete","level":"INFO","message":"リモート世代管理で削除: test-backup_20260922_083413.tar.gz","path":"/srv/kizuna-backup-test/test-backup_20260922_083413.tar.gz","ts":"2026-09-22T08:40:15Z"}
{"deleted_count":1,"event":"remote_rotation_complete","keep":3,"level":"INFO","message":"リモート世代管理完了: 保持数 3 / 削除件数 1","pattern":"test-backup_*.tar.gz","remote_dir":"/srv/kizuna-backup-test","ts":"2026-09-22T08:40:15Z"}
{"duration_sec":1.758229617,"event":"success","level":"INFO","message":"バックアップ成功 (所要時間 2s)","size":180,"ts":"2026-09-22T08:40:15Z"}
{"event":"start","level":"INFO","message":"バックアップ開始","mode":"archive","target":"/tmp/test-backup","ts":"2026-09-22T08:42:13Z"}
{"event":"archive_start","level":"INFO","message":"圧縮開始","output":"/tmp/kizuna-backups/test-backup_20260922_084213.tar.gz","target":"/tmp/test-backup","ts":"2026-09-22T08:42:13Z"}
{"event":"archive_complete","level":"INFO","message":"圧縮完了: 180.0 B","path":"/tmp/kizuna-backups/test-backup_20260922_084213.tar.gz","sha256":"d395094d073f8083aa4e6d641192dedc9395c72fd7006415979bfcd597108586","size":180,"ts":"2026-09-22T08:42:13Z"}
{"dest":"user@localhost","dir":"/srv/kizuna-backup-test","event":"transfer_start","level":"INFO","message":"転送開始","ts":"2026-09-22T08:42:13Z"}
{"dest":"user@localhost","event":"transfer_complete","level":"INFO","message":"転送完了","path":"/srv/kizuna-backup-test/test-backup_20260922_084213.tar.gz","ts":"2026-09-22T08:42:14Z"}
{"event":"rotate_delete","level":"INFO","message":"世代管理で削除: test-backup_20260922_083613.tar.gz","path":"/tmp/kizuna-backups/test-backup_20260922_083613.tar.gz","ts":"2026-09-22T08:42:14Z"}
{"deleted_count":1,"dir":"/tmp/kizuna-backups","event":"rotation_complete","keep":3,"level":"INFO","message":"世代管理完了: 保持数 3 / 削除件数 1","pattern":"test-backup_*.tar.gz","ts":"2026-09-22T08:42:14Z"}
{"event":"remote_rotate_delete","level":"INFO","message":"リモート世代管理で削除: test-backup_20260922_083613.tar.gz","path":"/srv/kizuna-backup-test/test-backup_20260922_083613.tar.gz","ts":"2026-09-22T08:42:15Z"}
{"deleted_count":1,"event":"remote_rotation_complete","keep":3,"level":"INFO","message":"リモート世代管理完了: 保持数 3 / 削除件数 1","pattern":"test-backup_*.tar.gz","remote_dir":"/srv/kizuna-backup-test","ts":"2026-09-22T08:42:15Z"}
{"duration_sec":1.739527946,"event":"success","level":"INFO","message":"バックアップ成功 (所要時間 2s)","size":180,"ts":"2026-09-22T08:42:15Z"}
{"event":"start","level":"INFO","message":"バックアップ開始","mode":"archive","target":"/tmp/test-backup","ts":"2026-09-22T08:44:13Z"}
{"event":"archive_start","level":"INFO","message":"圧縮開始","output":"/tmp/kizuna-backups/test-backup_20260922_084413.tar.gz","target":"/tmp/test-backup","ts":"2026-09-22T08:44:13Z"}
{"event":"archive_complete","level":"INFO","message":"圧縮完了: 180.0 B","path":"/tmp/kizuna-backups/test-backup_20260922_084413.tar.gz","sha256":"d395094d073f8083aa4e6d641192dedc9395c72fd7006415979bfcd597108586","size":180,"ts":"2026-09-22T08:44:13Z"}
{"dest":"user@localhost","dir":"/srv/kizuna-backup-test","event":"transfer_start","level":"INFO","message":"転送開始","ts":"2026-09-22T08:44:13Z"}
{"dest":"user@localhost","event":"transfer_complete","level":"INFO","message":"転送完了","path":"/srv/kizuna-backup-test/test-backup_20260922_084413.tar.gz","ts":"2026-09-22T08:44:14Z"}
{"event":"rotate_delete","level":"INFO","message":"世代管理で削除: test-backup_20260922_083813.tar.gz","path":"/tmp/kizuna-backups/test-backup_20260922_083813.tar.gz","ts":"2026-09-22T08:44:14Z"}
{"deleted_count":1,"dir":"/tmp/kizuna-backups","event":"rotation_complete","keep":3,"level":"INFO","message":"世代管理完了: 保持数 3 / 削除件数 1","pattern":"test-backup_*.tar.gz","ts":"2026-09-22T08:44:14Z"}
{"event":"remote_rotate_delete","level":"INFO","message":"リモート世代管理で削除: test-backup_20260922_083813.tar.gz","path":"/srv/kizuna-backup-test/test-backup_20260922_083813.tar.gz","ts":"2026-09-22T08:44:15Z"}
{"deleted_count":1,"event":"remote_rotation_complete","keep":3,"level":"INFO","message":"リモート世代管理完了: 保持数 3 / 削除件数 1","pattern":"test-backup_*.tar.gz","remote_dir":"/srv/kizuna-backup-test","ts":"2026-09-22T08:44:15Z"}
{"duration_sec":1.746504869,"event":"success","level":"INFO","message":"バックアップ成功 (所要時間 2s)","size":180,"ts":"2026-09-22T08:44:15Z"}
{"event":"start","level":"INFO","message":"バックアップ開始","mode":"archive","target":"/tmp/test-backup","ts":"2026-09-22T08:46:13Z"}
{"event":"archive_start","level":"INFO","message":"圧縮開始","output":"/tmp/kizuna-backups/test-backup_20260922_084613.tar.gz","target":"/tmp/test-backup","ts":"2026-09-22T08:46:13Z"}
{"event":"archive_complete","level":"INFO","message":"圧縮完了: 180.0 B","path":"/tmp/kizuna-backups/test-backup_20260922_084613.tar.gz","sha256":"d395094d073f8083aa4e6d641192dedc9395c72fd7006415979bfcd597108586","size":180,"ts":"2026-09-22T08:46:13Z"}
{"dest":"user@localhost","dir":"/srv/kizuna-backup-test","event":"transfer_start","level":"INFO","message":"転送開始","ts":"2026-09-22T08:46:13Z"}
{"dest":"user@localhost","event":"transfer_complete","level":"INFO","message":"転送完了","path":"/srv/kizuna-backup-test/test-backup_20260922_084613.tar.gz","ts":"2026-09-22T08:46:14Z"}
{"event":"rotate_delete","level":"INFO","message":"世代管理で削除: test-backup_20260922_084013.tar.gz","path":"/tmp/kizuna-backups/test-backup_20260922_084013.tar.gz","ts":"2026-09-22T08:46:14Z"}
{"deleted_count":1,"dir":"/tmp/kizuna-backups","event":"rotation_complete","keep":3,"level":"INFO","message":"世代管理完了: 保持数 3 / 削除件数 1","pattern":"test-backup_*.tar.gz","ts":"2026-09-22T08:46:14Z"}
{"event":"remote_rotate_delete","level":"INFO","message":"リモート世代管理で削除: test-backup_20260922_084013.tar.gz","path":"/srv/kizuna-backup-test/test-backup_20260922_084013.tar.gz","ts":"2026-09-22T08:46:15Z"}
{"deleted_count":1,"event":"remote_rotation_complete","keep":3,"level":"INFO","message":"リモート世代管理完了: 保持数 3 / 削除件数 1","pattern":"test-backup_*.tar.gz","remote_dir":"/srv/kizuna-backup-test","ts":"2026-09-22T08:46:15Z"}
{"duration_sec":1.75317187,"event":"success","level":"INFO","message":"バックアップ成功 (所要時間 2s)","size":180,"ts":"2026-09-22T08:46:15Z"}
{"event":"start","level":"INFO","message":"バックアップ開始","mode":"archive","target":"/tmp/test-backup","ts":"2026-09-22T08:48:13Z"}
{"event":"archive_start","level":"INFO","message":"圧縮開始","output":"/tmp/kizuna-backups/test-backup_20260922_084813.tar.gz","target":"/tmp/test-backup","ts":"2026-09-22T08:48:13Z"}
{"event":"archive_complete","level":"INFO","message":"圧縮完了: 180.0 B","path":"/tmp/kizuna-backups/test-backup_20260922_084813.tar.gz","sha256":"d395094d073f8083aa4e6d641192dedc9395c72fd7006415979bfcd597108586","size":180,"ts":"2026-09-22T08:48:13Z"}
{"dest":"user@localhost","dir":"/srv/kizuna-backup-test","event":"transfer_start","level":"INFO","message":"転送開始","ts":"2026-09-22T08:48:13Z"}
{"dest":"user@localhost","event":"transfer_complete","level":"INFO","message":"転送完了","path":"/srv/kizuna-backup-test/test-backup_20260922_084813.tar.gz","ts":"2026-09-22T08:48:14Z"}
{"event":"rotate_delete","level":"INFO","message":"世代管理で削除: test-backup_20260922_084213.tar.gz","path":"/tmp/kizuna-backups/test-backup_20260922_084213.tar.gz","ts":"2026-09-22T08:48:14Z"}
{"deleted_count":1,"dir":"/tmp/kizuna-backups","event":"rotation_complete","keep":3,"level":"INFO","message":"世代管理完了: 保持数 3 / 削除件数 1","pattern":"test-backup_*.tar.gz","ts":"2026-09-22T08:48:14Z"}
{"event":"remote_rotate_delete","level":"INFO","message":"リモート世代管理で削除: test-backup_20260922_084213.tar.gz","path":"/srv/kizuna-backup-test/test-backup_20260922_084213.tar.gz","ts":"2026-09-22T08:48:15Z"}
{"deleted_count":1,"event":"remote_rotation_complete","keep":3,"level":"INFO","message":"リモート世代管理完了: 保持数 3 / 削除件数 1","pattern":"test-backup_*.tar.gz","remote_dir":"/srv/kizuna-backup-test","ts":"2026-09-22T08:48:15Z"}
{"duration_sec":1.735528663,"event":"success","level":"INFO","message":"バックアップ成功 (所要時間 2s)","size":180,"ts":"2026-09-22T08:48:15Z"}
{"event":"start","level":"INFO","message":"バックアップ開始","mode":"archive","target":"/tmp/test-backup","ts":"2026-09-22T08:50:13Z"}
{"event":"archive_start","level":"INFO","message":"圧縮開始","output":"/tmp/kizuna-backups/test-backup_20260922_085013.tar.gz","target":"/tmp/test-backup","ts":"2026-09-22T08:50:13Z"}
{"event":"archive_complete","level":"INFO","message":"圧縮完了: 180.0 B","path":"/tmp/kizuna-backups/test-backup_20260922_085013.tar.gz","sha256":"d395094d073f8083aa4e6d641192dedc9395c72fd7006415979bfcd597108586","size":180,"ts":"2026-09-22T08:50:13Z"}
{"dest":"user@localhost","dir":"/srv/kizuna-backup-test","event":"transfer_start","level":"INFO","message":"転送開始","ts":"2026-09-22T08:50:13Z"}
{"dest":"user@localhost","event":"transfer_complete","level":"INFO","message":"転送完了","path":"/srv/kizuna-backup-test/test-backup_20260922_085013.tar.gz","ts":"2026-09-22T08:50:14Z"}
{"event":"rotate_delete","level":"INFO","message":"世代管理で削除: test-backup_20260922_084413.tar.gz","path":"/tmp/kizuna-backups/test-backup_20260922_084413.tar.gz","ts":"2026-09-22T08:50:14Z"}
{"deleted_count":1,"dir":"/tmp/kizuna-backups","event":"rotation_complete","keep":3,"level":"INFO","message":"世代管理完了: 保持数 3 / 削除件数 1","pattern":"test-backup_*.tar.gz","ts":"2026-09-22T08:50:14Z"}
{"event":"remote_rotate_delete","level":"INFO","message":"リモート世代管理で削除: test-backup_20260922_084413.tar.gz","path":"/srv/kizuna-backup-test/test-backup_20260922_084413.tar.gz","ts":"2026-09-22T08:50:15Z"}
{"deleted_count":1,"event":"remote_rotation_complete","keep":3,"level":"INFO","message":"リモート世代管理完了: 保持数 3 / 削除件数 1","pattern":"test-backup_*.tar.gz","remote_dir":"/srv/kizuna-backup-test","ts":"2026-09-22T08:50:15Z"}
{"duration_sec":1.758019062,"event":"success","level":"INFO","message":"バックアップ成功 (所要時間 2s)","size":180,"ts":"2026-09-22T08:50:15Z"}
{"event":"start","level":"INFO","message":"バックアップ開始","mode":"archive","target":"/tmp/test-backup","ts":"2026-09-22T08:52:13Z"}
{"event":"archive_start","level":"INFO","message":"圧縮開始","output":"/tmp/kizuna-backups/test-backup_20260922_085213.tar.gz","target":"/tmp/test-backup","ts":"2026-09-22T08:52:13Z"}
{"event":"archive_complete","level":"INFO","message":"圧縮完了: 180.0 B","path":"/tmp/kizuna-backups/test-backup_20260922_085213.tar.gz","sha256":"d395094d073f8083aa4e6d641192dedc9395c72fd7006415979bfcd597108586","size":180,"ts":"2026-09-22T08:52:13Z"}
{"dest":"user@localhost","dir":"/srv/kizuna-backup-test","event":"transfer_start","level":"INFO","message":"転送開始","ts":"2026-09-22T08:52:13Z"}
{"dest":"user@localhost","event":"transfer_complete","level":"INFO","message":"転送完了","path":"/srv/kizuna-backup-test/test-backup_20260922_085213.tar.gz","ts":"2026-09-22T08:52:14Z"}
{"event":"rotate_delete","level":"INFO","message":"世代管理で削除: test-backup_20260922_084613.tar.gz","path":"/tmp/kizuna-backups/test-backup_20260922_084613.tar.gz","ts":"2026-09-22T08:52:14Z"}
{"deleted_count":1,"dir":"/tmp/kizuna-backups","event":"rotation_complete","keep":3,"level":"INFO","message":"世代管理完了: 保持数 3 / 削除件数 1","pattern":"test-backup_*.tar.gz","ts":"2026-09-22T08:52:14Z"}
{"event":"remote_rotate_delete","level":"INFO","message":"リモート世代管理で削除: test-backup_20260922_084613.tar.gz","path":"/srv/kizuna-backup-test/test-backup_20260922_084613.tar.gz","ts":"2026-09-22T08:52:15Z"}
{"deleted_count":1,"event":"remote_rotation_complete","keep":3,"level":"INFO","message":"リモート世代管理完了: 保持数 3 / 削除件数 1","pattern":"test-backup_*.tar.gz","remote_dir":"/srv/kizuna-backup-test","ts":"2026-09-22T08:52:15Z"}
{"duration_sec":1.748934365,"event":"success","level":"INFO","message":"バックアップ成功 (所要時間 2s)","size":180,"ts":"2026-09-22T08:52:15Z"}
{"event":"start","level":"INFO","message":"バックアップ開始","mode":"archive","target":"/tmp/test-backup","ts":"2026-09-22T08:54:13Z"}
{"event":"archive_start","level":"INFO","message":"圧縮開始","output":"/tmp/kizuna-backups/test-backup_20260922_085413.tar.gz","target":"/tmp/test-backup","ts":"2026-09-22T08:54:13Z"}
{"event":"archive_complete","level":"INFO","message":"圧縮完了: 180.0 B","path":"/tmp/kizuna-backups/test-backup_20260922_085413.tar.gz","sha256":"d395094d073f8083aa4e6d641192dedc9395c72fd7006415979bfcd597108586","size":180,"ts":"2026-09-22T08:54:13Z"}
{"dest":"user@localhost","dir":"/srv/kizuna-backup-test","event":"transfer_start","level":"INFO","message":"転送開始","ts":"2026-09-22T08:54:13Z"}
{"dest":"user@localhost","event":"transfer_complete","level":"INFO","message":"転送完了","path":"/srv/kizuna-backup-test/test-backup_20260922_085413.tar.gz","ts":"2026-09-22T08:54:14Z"}
{"event":"rotate_delete","level":"INFO","message":"世代管理で削除: test-backup_20260922_084813.tar.gz","path":"/tmp/kizuna-backups/test-backup_20260922_084813.tar.gz","ts":"2026-09-22T08:54:14Z"}
{"deleted_count":1,"dir":"/tmp/kizuna-backups","event":"rotation_complete","keep":3,"level":"INFO","message":"世代管理完了: 保持数 3 / 削除件数 1","pattern":"test-backup_*.tar.gz","ts":"2026-09-22T08:54:14Z"}
{"event":"remote_rotate_delete","level":"INFO","message":"リモート世代管理で削除: test-backup_20260922_084813.tar.gz","path":"/srv/kizuna-backup-test/test-backup_20260922_084813.tar.gz","ts":"2026-09-22T08:54:15Z"}
{"deleted_count":1,"event":"remote_rotation_complete","keep":3,"level":"INFO","message":"リモート世代管理完了: 保持数 3 / 削除件数 1","pattern":"test-backup_*.tar.gz","remote_dir":"/srv/kizuna-backup-test","ts":"2026-09-22T08:54:15Z"}
{"duration_sec":1.746612603,"event":"success","level":"INFO","message":"バックアップ成功 (所要時間 2s)","size":180,"ts":"2026-09-22T08:54:15Z"}
{"event":"start","level":"INFO","message":"バックアップ開始","mode":"archive","target":"/tmp/test-backup","ts":"2026-09-22T08:56:13Z"}
{"event":"archive_start","level":"INFO","message":"圧縮開始","output":"/tmp/kizuna-backups/test-backup_20260922_085613.tar.gz","target":"/tmp/test-backup","ts":"2026-09-22T08:56:13Z"}
{"event":"archive_complete","level":"INFO","message":"圧縮完了: 180.0 B","path":"/tmp/kizuna-backups/test-backup_20260922_085613.tar.gz","sha256":"d395094d073f8083aa4e6d641192dedc9395c72fd7006415979bfcd597108586","size":180,"ts":"2026-09-22T08:56:13Z"}
{"dest":"user@localhost","dir":"/srv/kizuna-backup-test","event":"transfer_start","level":"INFO","message":"転送開始","ts":"2026-09-22T08:56:13Z"}
{"dest":"user@localhost","event":"transfer_complete","level":"INFO","message":"転送完了","path":"/srv/kizuna-backup-test/test-backup_20260922_085613.tar.gz","ts":"2026-09-22T08:56:14Z"}
{"event":"rotate_delete","level":"INFO","message":"世代管理で削除: test-backup_20260922_085013.tar.gz","path":"/tmp/kizuna-backups/test-backup_20260922_085013.tar.gz","ts":"2026-09-22T08:56:14Z"}
{"deleted_count":1,"dir":"/tmp/kizuna-backups","event":"rotation_complete","keep":3,"level":"INFO","message":"世代管理完了: 保持数 3 / 削除件数 1","pattern":"test-backup_*.tar.gz","ts":"2026-09-22T08:56:14Z"}
{"event":"remote_rotate_delete","level":"INFO","message":"リモート世代管理で削除: test-backup_20260922_085013.tar.gz","path":"/srv/kizuna-backup-test/test-backup_20260922_085013.tar.gz","ts":"2026-09-22T08:56:14Z"}
{"deleted_count":1,"event":"remote_rotation_complete","keep":3,"level":"INFO","message":"リモート世代管理完了: 保持数 3 / 削除件数 1","pattern":"test-backup_*.tar.gz","remote_dir":"/srv/kizuna-backup-test","ts":"2026-09-22T08:56:14Z"}
{"duration_sec":1.7097010670000001,"event":"success","level":"INFO","message":"バックアップ成功 (所要時間 2s)","size":180,"ts":"2026-09-22T08:56:14Z"}
{"event":"start","level":"INFO","message":"バックアップ開始","mode":"archive","target":"/tmp/test-backup","ts":"2026-09-22T08:58:13Z"}
{"event":"archive_start","level":"INFO","message":"圧縮開始","output":"/tmp/kizuna-backups/test-backup_20260922_085813.tar.gz","target":"/tmp/test-backup","ts":"2026-09-22T08:58:13Z"}
{"event":"archive_complete","level":"INFO","message":"圧縮完了: 180.0 B","path":"/tmp/kizuna-backups/test-backup_20260922_085813.tar.gz","sha256":"d395094d073f8083aa4e6d641192dedc9395c72fd7006415979bfcd597108586","size":180,"ts":"2026-09-22T08:58:13Z"}
{"dest":"user@localhost","dir":"/srv/kizuna-backup-test","event":"transfer_start","level":"INFO","message":"転送開始","ts":"2026-09-22T08:58:13Z"}
{"dest":"user@localhost","event":"transfer_complete","level":"INFO","message":"転送完了","path":"/srv/kizuna-backup-test/test-backup_20260922_085813.tar.gz","ts":"2026-09-22T08:58:14Z"}
{"event":"rotate_delete","level":"INFO","message":"世代管理で削除: test-backup_20260922_085213.tar.gz","path":"/tmp/kizuna-backups/test-backup_20260922_085213.tar.gz","ts":"2026-09-22T08:58:14Z"}
{"deleted_count":1,"dir":"/tmp/kizuna-backups","event":"rotation_complete","keep":3,"level":"INFO","message":"世代管理完了: 保持数 3 / 削除件数 1","pattern":"test-backup_*.tar.gz","ts":"2026-09-22T08:58:14Z"}
{"event":"remote_rotate_delete","level":"INFO","message":"リモート世代管理で削除: test-backup_20260922_085213.tar.gz","path":"/srv/kizuna-backup-test/test-backup_20260922_085213.tar.gz","ts":"2026-09-22T08:58:15Z"}
{"deleted_count":1,"event":"remote_rotation_complete","keep":3,"level":"INFO","message":"リモート世代管理完了: 保持数 3 / 削除件数 1","pattern":"test-backup_*.tar.gz","remote_dir":"/srv/kizuna-backup-test","ts":"2026-09-22T08:58:15Z"}
{"duration_sec":1.735059159,"event":"success","level":"INFO","message":"バックアップ成功 (所要時間 2s)","size":180,"ts":"2026-09-22T08:58:15Z"}
{"event":"start","level":"INFO","message":"バックアップ開始","mode":"archive","target":"/tmp/test-backup","ts":"2026-09-22T09:00:13Z"}
{"event":"archive_start","level":"INFO","message":"圧縮開始","output":"/tmp/kizuna-backups/test-backup_20260922_090013.tar.gz","target":"/tmp/test-backup","ts":"2026-09-22T09:00:13Z"}
{"event":"archive_complete","level":"INFO","message":"圧縮完了: 180.0 B","path":"/tmp/kizuna-backups/test-backup_20260922_090013.tar.gz","sha256":"d395094d073f8083aa4e6d641192dedc9395c72fd7006415979bfcd597108586","size":180,"ts":"2026-09-22T09:00:13Z"}
{"dest":"user@localhost","dir":"/srv/kizuna-backup-test","event":"transfer_start","level":"INFO","message":"転送開始","ts":"2026-09-22T09:00:13Z"}
{"dest":"user@localhost","event":"transfer_complete","level":"INFO","message":"転送完了","path":"/srv/kizuna-backup-test/test-backup_20260922_090013.tar.gz","ts":"2026-09-22T09:00:14Z"}
{"event":"rotate_delete","level":"INFO","message":"世代管理で削除: test-backup_20260922_085413.tar.gz","path":"/tmp/kizuna-backups/test-backup_20260922_085413.tar.gz","ts":"2026-09-22T09:00:14Z"}
{"deleted_count":1,"dir":"/tmp/kizuna-backups","event":"rotation_complete","keep":3,"level":"INFO","message":"世代管理完了: 保持数 3 / 削除件数 1","pattern":"test-backup_*.tar.gz","ts":"2026-09-22T09:00:14Z"}
{"event":"remote_rotate_delete","level":"INFO","message":"リモート世代管理で削除: test-backup_20260922_085413.tar.gz","path":"/srv/kizuna-backup-test/test-backup_20260922_085413.tar.gz","ts":"2026-09-22T09:00:15Z"}
{"deleted_count":1,"event":"remote_rotation_complete","keep":3,"level":"INFO","message":"リモート世代管理完了: 保持数 3 / 削除件数 1","pattern":"test-backup_*.tar.gz","remote_dir":"/srv/kizuna-backup-test","ts":"2026-09-22T09:00:15Z"}
{"duration_sec":1.983620255,"event":"success","level":"INFO","message":"バックアップ成功 (所要時間 2s)","size":180,"ts":"2026-09-22T09:00:15Z"}
{"event":"start","level":"INFO","message":"バックアップ開始","mode":"archive","target":"/tmp/test-backup","ts":"2026-09-22T09:02:13Z"}
{"event":"archive_start","level":"INFO","message":"圧縮開始","output":"/tmp/kizuna-backups/test-backup_20260922_090213.tar.gz","target":"/tmp/test-backup","ts":"2026-09-22T09:02:13Z"}
{"event":"archive_complete","level":"INFO","message":"圧縮完了: 180.0 B","path":"/tmp/kizuna-backups/test-backup_20260922_090213.tar.gz","sha256":"d395094d073f8083aa4e6d641192dedc9395c72fd7006415979bfcd597108586","size":180,"ts":"2026-09-22T09:02:13Z"}
{"dest":"user@localhost","dir":"/srv/kizuna-backup-test","event":"transfer_start","level":"INFO","message":"転送開始","ts":"2026-09-22T09:02:13Z"}
{"dest":"user@localhost","event":"transfer_complete","level":"INFO","message":"転送完了","path":"/srv/kizuna-backup-test/test-backup_20260922_090213.tar.gz","ts":"2026-09-22T09:02:14Z"}
{"event":"rotate_delete","level":"INFO","message":"世代管理で削除: test-backup_20260922_085613.tar.gz","path":"/tmp/kizuna-backups/test-backup_20260922_085613.tar.gz","ts":"2026-09-22T09:02:14Z"}
{"deleted_count":1,"dir":"/tmp/kizuna-backups","event":"rotation_complete","keep":3,"level":"INFO","message":"世代管理完了: 保持数 3 / 削除件数 1","pattern":"test-backup_*.tar.gz","ts":"2026-09-22T09:02:14Z"}
{"event":"remote_rotate_delete","level":"INFO","message":"リモート世代管理で削除: test-backup_20260922_085613.tar.gz","path":"/srv/kizuna-backup-test/test-backup_20260922_085613.tar.gz","ts":"2026-09-22T09:02:14Z"}
{"deleted_count":1,"event":"remote_rotation_complete","keep":3,"level":"INFO","message":"リモート世代管理完了: 保持数 3 / 削除件数 1","pattern":"test-backup_*.tar.gz","remote_dir":"/srv/kizuna-backup-test","ts":"2026-09-22T09:02:14Z"}
{"duration_sec":1.720523498,"event":"success","level":"INFO","message":"バックアップ成功 (所要時間 2s)","size":180,"ts":"2026-09-22T09:02:14Z"}
{"event":"start","level":"INFO","message":"バックアップ開始","mode":"archive","target":"/tmp/test-backup","ts":"2026-09-22T09:04:13Z"}
{"event":"archive_start","level":"INFO","message":"圧縮開始","output":"/tmp/kizuna-backups/test-backup_20260922_090413.tar.gz","target":"/tmp/test-backup","ts":"2026-09-22T09:04:13Z"}
{"event":"archive_complete","level":"INFO","message":"圧縮完了: 180.0 B","path":"/tmp/kizuna-backups/test-backup_20260922_090413.tar.gz","sha256":"d395094d073f8083aa4e6d641192dedc9395c72fd7006415979bfcd597108586","size":180,"ts":"2026-09-22T09:04:13Z"}
{"dest":"user@localhost","dir":"/srv/kizuna-backup-test","event":"transfer_start","level":"INFO","message":"転送開始","ts":"2026-09-22T09:04:13Z"}
{"dest":"user@localhost","event":"transfer_complete","level":"INFO","message":"転送完了","path":"/srv/kizuna-backup-test/test-backup_20260922_090413.tar.gz","ts":"2026-09-22T09:04:14Z"}
{"event":"rotate_delete","level":"INFO","message":"世代管理で削除: test-backup_20260922_085813.tar.gz","path":"/tmp/kizuna-backups/test-backup_20260922_085813.tar.gz","ts":"2026-09-22T09:04:14Z"}
{"deleted_count":1,"dir":"/tmp/kizuna-backups","event":"rotation_complete","keep":3,"level":"INFO","message":"世代管理完了: 保持数 3 / 削除件数 1","pattern":"test-backup_*.tar.gz","ts":"2026-09-22T09:04:14Z"}
{"event":"remote_rotate_delete","level":"INFO","message":"リモート世代管理で削除: test-backup_20260922_085813.tar.gz","path":"/srv/kizuna-backup-test/test-backup_20260922_085813.tar.gz","ts":"2026-09-22T09:04:15Z"}
{"deleted_count":1,"event":"remote_rotation_complete","keep":3,"level":"INFO","message":"リモート世代管理完了: 保持数 3 / 削除件数 1","pattern":"test-backup_*.tar.gz","remote_dir":"/srv/kizuna-backup-test","ts":"2026-09-22T09:04:15Z"}
{"duration_sec":1.755258633,"event":"success","level":"INFO","message":"バックアップ成功 (所要時間 2s)","size":180,"ts":"2026-09-22T09:04:15Z"}
{"event":"start","level":"INFO","message":"バックアップ開始","mode":"archive","target":"/tmp/test-backup","ts":"2026-09-22T09:06:13Z"}
{"event":"archive_start","level":"INFO","message":"圧縮開始","output":"/tmp/kizuna-backups/test-backup_20260922_090613.tar.gz","target":"/tmp/test-backup","ts":"2026-09-22T09:06:13Z"}
{"event":"archive_complete","level":"INFO","message":"圧縮完了: 180.0 B","path":"/tmp/kizuna-backups/test-backup_20260922_090613.tar.gz","sha256":"d395094d073f8083aa4e6d641192dedc9395c72fd7006415979bfcd597108586","size":180,"ts":"2026-09-22T09:06:13Z"}
{"dest":"user@localhost","dir":"/srv/kizuna-backup-test","event":"transfer_start","level":"INFO","message":"転送開始","ts":"2026-09-22T09:06:13Z"}
{"dest":"user@localhost","event":"transfer_complete","level":"INFO","message":"転送完了","path":"/srv/kizuna-backup-test/test-backup_20260922_090613.tar.gz","ts":"2026-09-22T09:06:14Z"}
{"event":"rotate_delete","level":"INFO","message":"世代管理で削除: test-backup_20260922_090013.tar.gz","path":"/tmp/kizuna-backups/test-backup_20260922_090013.tar.gz","ts":"2026-09-22T09:06:14Z"}
{"deleted_count":1,"dir":"/tmp/kizuna-backups","event":"rotation_complete","keep":3,"level":"INFO","message":"世代管理完了: 保持数 3 / 削除件数 1","pattern":"test-backup_*.tar.gz","ts":"2026-09-22T09:06:14Z"}
{"event":"remote_rotate_delete","level":"INFO","message":"リモート世代管理で削除: test-backup_20260922_090013.tar.gz","path":"/srv/kizuna-backup-test/test-backup_20260922_090013.tar.gz","ts":"2026-09-22T09:06:15Z"}
{"deleted_count":1,"event":"remote_rotation_complete","keep":3,"level":"INFO","message":"リモート世代管理完了: 保持数 3 / 削除件数 1","pattern":"test-backup_*.tar.gz","remote_dir":"/srv/kizuna-backup-test","ts":"2026-09-22T09:06:15Z"}
{"duration_sec":1.729632472,"event":"success","level":"INFO","message":"バックアップ成功 (所要時間 2s)","size":180,"ts":"2026-09-22T09:06:15Z"}
{"event":"start","level":"INFO","message":"バックアップ開始","mode":"archive","target":"/tmp/test-backup","ts":"2026-09-22T09:08:13Z"}
{"event":"archive_start","level":"INFO","message":"圧縮開始","output":"/tmp/kizuna-backups/test-backup_20260922_090813.tar.gz","target":"/tmp/test-backup","ts":"2026-09-22T09:08:13Z"}
{"event":"archive_complete","level":"INFO","message":"圧縮完了: 180.0 B","path":"/tmp/kizuna-backups/test-backup_20260922_090813.tar.gz","sha256":"d395094d073f8083aa4e6d641192dedc9395c72fd7006415979bfcd597108586","size":180,"ts":"2026-09-22T09:08:13Z"}
{"dest":"user@localhost","dir":"/srv/kizuna-backup-test","event":"transfer_start","level":"INFO","message":"転送開始","ts":"2026-09-22T09:08:13Z"}
{"dest":"user@localhost","event":"transfer_complete","level":"INFO","message":"転送完了","path":"/srv/kizuna-backup-test/test-backup_20260922_090813.tar.gz","ts":"2026-09-22T09:08:14Z"}
{"event":"rotate_delete","level":"INFO","message":"世代管理で削除: test-backup_20260922_090213.tar.gz","path":"/tmp/kizuna-backups/test-backup_20260922_090213.tar.gz","ts":"2026-09-22T09:08:14Z"}
{"deleted_count":1,"dir":"/tmp/kizuna-backups","event":"rotation_complete","keep":3,"level":"INFO","message":"世代管理完了: 保持数 3 / 削除件数 1","pattern":"test-backup_*.tar.gz","ts":"2026-09-22T09:08:14Z"}
{"event":"remote_rotate_delete","level":"INFO","message":"リモート世代管理で削除: test-backup_20260922_090213.tar.gz","path":"/srv/kizuna-backup-test/test-backup_20260922_090213.tar.gz","ts":"2026-09-22T09:08:15Z"}
{"deleted_count":1,"event":"remote_rotation_complete","keep":3,"level":"INFO","message":"リモート世代管理完了: 保持数 3 / 削除件数 1","pattern":"test-backup_*.tar.gz","remote_dir":"/srv/kizuna-backup-test","ts":"2026-09-22T09:08:15Z"}
{"duration_sec":1.7429024229999999,"event":"success","level":"INFO","message":"バックアップ成功 (所要時間 2s)","size":180,"ts":"2026-09-22T09:08:15Z"}
{"event":"start","level":"INFO","message":"バックアップ開始","mode":"archive","target":"/tmp/test-backup","ts":"2026-09-22T09:10:13Z"}
{"event":"archive_start","level":"INFO","message":"圧縮開始","output":"/tmp/kizuna-backups/test-backup_20260922_091013.tar.gz","target":"/tmp/test-backup","ts":"2026-09-22T09:10:13Z"}
{"event":"archive_complete","level":"INFO","message":"圧縮完了: 180.0 B","path":"/tmp/kizuna-backups/test-backup_20260922_091013.tar.gz","sha256":"d395094d073f8083aa4e6d641192dedc9395c72fd7006415979bfcd597108586","size":180,"ts":"2026-09-22T09:10:13Z"}
{"dest":"user@localhost","dir":"/srv/kizuna-backup-test","event":"transfer_start","level":"INFO","message":"転送開始","ts":"2026-09-22T09:10:13Z"}
{"dest":"user@localhost","event":"transfer_complete","level":"INFO","message":"転送完了","path":"/srv/kizuna-backup-test/test-backup_20260922_091013.tar.gz","ts":"2026-09-22T09:10:14Z"}
{"event":"rotate_delete","level":"INFO","message":"世代管理で削除: test-backup_20260922_090413.tar.gz","path":"/tmp/kizuna-backups/test-backup_20260922_090413.tar.gz","ts":"2026-09-22T09:10:14Z"}
{"deleted_count":1,"dir":"/tmp/kizuna-backups","event":"rotation_complete","keep":3,"level":"INFO","message":"世代管理完了: 保持数 3 / 削除件数 1","pattern":"test-backup_*.tar.gz","ts":"2026-09-22T09:10:14Z"}
{"event":"remote_rotate_delete","level":"INFO","message":"リモート世代管理で削除: test-backup_20260922_090413.tar.gz","path":"/srv/kizuna-backup-test/test-backup_20260922_090413.tar.gz","ts":"2026-09-22T09:10:15Z"}
{"deleted_count":1,"event":"remote_rotation_complete","keep":3,"level":"INFO","message":"リモート世代管理完了: 保持数 3 / 削除件数 1","pattern":"test-backup_*.tar.gz","remote_dir":"/srv/kizuna-backup-test","ts":"2026-09-22T09:10:15Z"}
{"duration_sec":1.738207378,"event":"success","level":"INFO","message":"バックアップ成功 (所要時間 2s)","size":180,"ts":"2026-09-22T09:10:15Z"}
{"event":"start","level":"INFO","message":"バックアップ開始","mode":"archive","target":"/tmp/test-backup","ts":"2026-09-22T09:12:13Z"}
{"event":"archive_start","level":"INFO","message":"圧縮開始","output":"/tmp/kizuna-backups/test-backup_20260922_091213.tar.gz","target":"/tmp/test-backup","ts":"2026-09-22T09:12:13Z"}
{"event":"archive_complete","level":"INFO","message":"圧縮完了: 180.0 B","path":"/tmp/kizuna-backups/test-backup_20260922_091213.tar.gz","sha256":"d395094d073f8083aa4e6d641192dedc9395c72fd7006415979bfcd597108586","size":180,"ts":"2026-09-22T09:12:13Z"}
{"dest":"user@localhost","dir":"/srv/kizuna-backup-test","event":"transfer_start","level":"INFO","message":"転送開始","ts":"2026-09-22T09:12:13Z"}
{"dest":"user@localhost","event":"transfer_complete","level":"INFO","message":"転送完了","path":"/srv/kizuna-backup-test/test-backup_20260922_091213.tar.gz","ts":"2026-09-22T09:12:14Z"}
{"event":"rotate_delete","level":"INFO","message":"世代管理で削除: test-backup_20260922_090613.tar.gz","path":"/tmp/kizuna-backups/test-backup_20260922_090613.tar.gz","ts":"2026-09-22T09:12:14Z"}
{"deleted_count":1,"dir":"/tmp/kizuna-backups","event":"rotation_complete","keep":3,"level":"INFO","message":"世代管理完了: 保持数 3 / 削除件数 1","pattern":"test-backup_*.tar.gz","ts":"2026-09-22T09:12:14Z"}
{"event":"remote_rotate_delete","level":"INFO","message":"リモート世代管理で削除: test-backup_20260922_090613.tar.gz","path":"/srv/kizuna-backup-test/test-backup_20260922_090613.tar.gz","ts":"2026-09-22T09:12:15Z"}
{"deleted_count":1,"event":"remote_rotation_complete","keep":3,"level":"INFO","message":"リモート世代管理完了: 保持数 3 / 削除件数 1","pattern":"test-backup_*.tar.gz","remote_dir":"/srv/kizuna-backup-test","ts":"2026-09-22T09:12:15Z"}
{"duration_sec":1.738930448,"event":"success","level":"INFO","message":"バックアップ成功 (所要時間 2s)","size":180,"ts":"2026-09-22T09:12:15Z"}
{"event":"start","level":"INFO","message":"バックアップ開始","mode":"archive","target":"/tmp/test-backup","ts":"2026-09-22T09:14:13Z"}
{"event":"archive_start","level":"INFO","message":"圧縮開始","output":"/tmp/kizuna-backups/test-backup_20260922_091413.tar.gz","target":"/tmp/test-backup","ts":"2026-09-22T09:14:13Z"}
{"event":"archive_complete","level":"INFO","message":"圧縮完了: 180.0 B","path":"/tmp/kizuna-backups/test-backup_20260922_091413.tar.gz","sha256":"d395094d073f8083aa4e6d641192dedc9395c72fd7006415979bfcd597108586","size":180,"ts":"2026-09-22T09:14:13Z"}
{"dest":"user@localhost","dir":"/srv/kizuna-backup-test","event":"transfer_start","level":"INFO","message":"転送開始","ts":"2026-09-22T09:14:13Z"}
{"dest":"user@localhost","event":"transfer_complete","level":"INFO","message":"転送完了","path":"/srv/kizuna-backup-test/test-backup_20260922_091413.tar.gz","ts":"2026-09-22T09:14:14Z"}
{"event":"rotate_delete","level":"INFO","message":"世代管理で削除: test-backup_20260922_090813.tar.gz","path":"/tmp/kizuna-backups/test-backup_20260922_090813.tar.gz","ts":"2026-09-22T09:14:14Z"}
{"deleted_count":1,"dir":"/tmp/kizuna-backups","event":"rotation_complete","keep":3,"level":"INFO","message":"世代管理完了: 保持数 3 / 削除件数 1","pattern":"test-backup_*.tar.gz","ts":"2026-09-22T09:14:14Z"}
{"event":"remote_rotate_delete","level":"INFO","message":"リモート世代管理で削除: test-backup_20260922_090813.tar.gz","path":"/srv/kizuna-backup-test/test-backup_20260922_090813.tar.gz","ts":"2026-09-22T09:14:15Z"}
{"deleted_count":1,"event":"remote_rotation_complete","keep":3,"level":"INFO","message":"リモート世代管理完了: 保持数 3 / 削除件数 1","pattern":"test-backup_*.tar.gz","remote_dir":"/srv/kizuna-backup-test","ts":"2026-09-22T09:14:15Z"}
{"duration_sec":1.734935375,"event":"success","level":"INFO","message":"バックアップ成功 (所要時間 2s)","size":180,"ts":"2026-09-22T09:14:15Z"}
{"event":"start","level":"INFO","message":"バックアップ開始","mode":"archive","target":"/tmp/test-backup","ts":"2026-09-22T09:16:13Z"}
{"event":"archive_start","level":"INFO","message":"圧縮開始","output":"/tmp/kizuna-backups/test-backup_20260922_091613.tar.gz","target":"/tmp/test-backup","ts":"2026-09-22T09:16:13Z"}
{"event":"archive_complete","level":"INFO","message":"圧縮完了: 180.0 B","path":"/tmp/kizuna-backups/test-backup_20260922_091613.tar.gz","sha256":"d395094d073f8083aa4e6d641192dedc9395c72fd7006415979bfcd597108586","size":180,"ts":"2026-09-22T09:16:13Z"}
{"dest":"user@localhost","dir":"/srv/kizuna-backup-test","event":"transfer_start","level":"INFO","message":"転送開始","ts":"2026-09-22T09:16:13Z"}
{"dest":"user@localhost","event":"transfer_complete","level":"INFO","message":"転送完了","path":"/srv/kizuna-backup-test/test-backup_20260922_091613.tar.gz","ts":"2026-09-22T09:16:14Z"}
{"event":"rotate_delete","level":"INFO","message":"世代管理で削除: test-backup_20260922_091013.tar.gz","path":"/tmp/kizuna-backups/test-backup_20260922_091013.tar.gz","ts":"2026-09-22T09:16:14Z"}
{"deleted_count":1,"dir":"/tmp/kizuna-backups","event":"rotation_complete","keep":3,"level":"INFO","message":"世代管理完了: 保持数 3 / 削除件数 1","pattern":"test-backup_*.tar.gz","ts":"2026-09-22T09:16:14Z"}
